order_id,channel,region,order_value
1,Online,North,405.0
2,Online,North,721.3349999999999
3,Online,North,32.214999999999996
4,Online,North,525.19
5,Online,North,417.62
6,Marketplace,North,638.4095
7,Online,North,900.89
8,Online,North,351.509
9,Online,North,222.105
10,Online,North,264.078
11,Online,North,647.69
12,Online,North,66.717
13,Online,North,1025.97
14,Store,North,242.856
15,Online,North,922.446
16,Online,North,324.836
17,Marketplace,North,884.9
18,Online,North,218.565
19,Store,North,545.6
20,Store,North,51.165
21,Store,North,324.45
22,Online,North,116.27999999999999
23,Store,North,387.38
24,Online,North,531.2494999999999
25,Store,North,337.29
26,Store,North,502.74
27,Online,North,1392.63
28,Online,North,319.16
29,Online,North,224.64
30,Store,North,922.662
31,Online,North,658.521
32,Online,North,616.23
33,Store,North,237.996
34,Marketplace,North,832.54
35,Online,East,966.2450000000001
36,Online,North,522.207
37,Marketplace,North,449.446
38,Online,North,463.8195
39,Online,North,170.43200000000002
40,Online,North,1177.749
41,Online,North,760.9200000000001
42,Marketplace,North,798.858
43,Online,North,395.28
44,Online,West,291.9445
45,Online,West,233.72
46,Online,West,708.0255
47,Marketplace,West,813.5514999999999
48,Online,West,380.09000000000003
49,Online,West,128.322
50,Online,West,147.441
51,Marketplace,West,100.86149999999999
52,Store,West,384.93
53,Store,West,1010.14
54,Marketplace,West,578.1189999999999
55,Online,West,67.518
56,Store,West,957.98
57,Marketplace,West,1506.22
58,Online,East,396.24
59,Online,East,391.12
60,Marketplace,West,1332.29
61,Store,West,106.47
62,Marketplace,West,172.26
63,Online,West,77.54400000000001
64,Online,West,653.866
65,Online,West,400.235
66,Store,West,1933.5065
67,Online,West,70.254
68,Marketplace,North,727.7189999999999
69,Online,North,311.125
70,Store,North,30.456000000000003
71,Store,West,636.8515
72,Online,West,431.97
73,Online,West,88.182
74,Marketplace,West,1070.74
75,Online,West,1017.02
76,Online,East,370.71900000000005
77,Online,West,233.33399999999997
78,Store,West,442.39500000000004
79,Online,North,628.1115
80,Online,North,282.76
81,Store,North,105.22800000000001
82,Marketplace,North,1789.75
83,Online,North,178.56
84,Online,North,1525.8000000000002
85,Store,North,922.446
86,Store,West,367.18449999999996
87,Store,West,79.46
88,Online,West,241.4595
89,Online,West,234.95
90,Store,West,169.902
91,Online,West,1223.5335
92,Online,West,32.129
93,Store,West,319.56
94,Marketplace,West,547.4300000000001
95,Online,West,372.66999999999996
96,Online,West,754.5060000000001
97,Marketplace,West,196.7
98,Online,West,244.39
99,Online,West,232.11899999999997
100,Online,West,419.81399999999996
101,Store,South,60.4
102,Online,South,253.147
103,Online,South,225.702
104,Store,West,93.2535
105,Online,West,131.184
106,Store,West,81.53999999999999
107,Store,South,315.04
108,Online,South,684.603
109,Marketplace,South,292.9
110,Store,East,224.92199999999997
111,Store,East,159.38
112,Online,East,334.611
113,Marketplace,North,42.296
114,Online,North,1195.22
115,Online,North,1104.3285
116,Online,North,88.182
117,Online,North,1070.05
118,Online,North,306.22
119,Store,North,202.08599999999998
120,Online,South,654.789
121,Online,South,144.603
122,Marketplace,South,145.96
123,Marketplace,South,130.4065
124,Store,North,316.74
125,Online,North,910.55
126,Store,North,289.962
127,Store,North,333.1
128,Online,North,111.69600000000001
129,Store,North,428.1
130,Store,North,990.4034999999999
131,Online,North,24.7
132,Online,North,396.7545
133,Marketplace,North,841.91
134,Online,North,111.48
135,Online,North,166.752
136,Online,North,161.09
137,Store,North,415.41599999999994
138,Online,North,95.868
139,Online,West,56.66
140,Marketplace,West,547.88
141,Online,West,309.7485
142,Store,East,63.46
143,Online,East,176.947
144,Store,East,110.84849999999999
145,Online,East,145.76
146,Store,East,633.8340000000001
147,Online,South,1125.0
148,Online,South,164.17000000000002
149,Online,South,635.895
150,Store,South,461.41499999999996
151,Store,South,318.177
152,Store,South,213.792
153,Online,South,220.47299999999998
154,Store,South,635.69
155,Marketplace,South,93.81
156,Online,South,555.15
157,Online,South,299.39549999999997
158,Online,South,79.81200000000001
159,Online,South,230.5
160,Online,South,134.9545
161,Store,South,565.056
162,Store,South,82.026
163,Online,South,214.5
164,Store,South,221.2635
165,Marketplace,South,233.909
166,Marketplace,South,72.98
167,Online,South,241.50599999999997
168,Online,South,1242.5300000000002
169,Store,South,688.6999999999999
170,Online,South,215.982
171,Online,South,307.5435
172,Online,South,455.58
173,Online,South,32.3765
174,Online,South,304.7
175,Marketplace,South,128.44
176,Online,East,114.44999999999999
177,Marketplace,East,94.36349999999999
178,Online,East,14.722
179,Online,West,451.4945
180,Marketplace,West,312.03000000000003
181,Marketplace,South,2417.59
182,Online,South,114.22800000000001
183,Store,South,109.04
184,Online,South,352.614
185,Online,South,170.0785
186,Online,South,172.9665
187,Online,South,219.2405
188,Store,South,581.2
189,Online,South,991.88
190,Marketplace,South,1141.6
191,Marketplace,South,663.556
192,Marketplace,South,371.552
193,Marketplace,South,873.51
194,Online,South,127.737
195,Online,South,279.045
196,Store,South,182.85000000000002
197,Marketplace,South,83.56
198,Online,South,167.481
199,Store,South,186.28
200,Store,South,24.7
201,Online,South,105.72
202,Online,South,1466.192
203,Online,South,198.45000000000002
204,Online,South,208.92149999999998
205,Store,South,58.6
206,Online,South,532.4485
207,Online,South,72.752
208,Online,South,55.007999999999996
209,Online,South,420.19449999999995
210,Online,South,923.38
211,Online,South,22.5245
212,Online,South,480.9215
213,Online,South,673.846
214,Online,South,943.1099999999999
215,Store,East,675.7825
216,Online,South,32.12
217,Online,South,499.239
218,Online,South,343.13
219,Store,South,154.98
220,Online,South,91.54199999999999
221,Online,South,857.7455
222,Online,South,230.5555
223,Online,South,704.53
224,Online,East,277.86
225,Online,South,760.5984999999998
226,Online,South,880.72
227,Online,South,414.84
228,Online,South,728.55
229,Store,South,121.2
230,Store,South,162.5355
231,Store,South,75.16799999999999
232,Store,South,33.54
233,Online,South,662.751
234,Online,South,362.61
235,Store,South,109.04
236,Marketplace,South,201.78900000000002
237,Online,South,774.85
238,Marketplace,South,127.18599999999999
239,Marketplace,South,462.81
240,Store,South,344.25
241,Online,South,23.494
242,Online,South,97.22299999999998
243,Online,South,461.223
244,Online,South,409.4215
245,Marketplace,South,198.198
246,Marketplace,South,74.22
247,Marketplace,South,229.05
248,Store,South,124.11749999999999
249,Store,North,26.05
250,Online,North,56.18700000000001
251,Marketplace,North,1055.74
252,Online,North,241.272
253,Online,East,196.704
254,Store,East,601.85
255,Online,East,402.12
256,Store,South,1346.29
257,Store,South,136.98000000000002
258,Marketplace,North,442.102
259,Online,North,566.8199999999999
260,Online,East,405.963
261,Online,East,1399.0839999999998
262,Store,,892.54
263,Online,,79.464
264,Marketplace,,1348.056
265,Online,,107.1255
266,Online,,201.89999999999998
267,Online,,468.35
268,Store,,163.56
269,Marketplace,,74.13
270,Store,,49.42
271,Online,,89.69600000000001
272,Online,,1154.4
273,Store,,301.8095
274,Store,,786.92
275,Store,,96.93
276,Online,,20.840000000000003
277,Online,,33.36
278,Marketplace,,964.989
279,Marketplace,,840.5799999999999
280,Marketplace,West,316.86
281,Online,West,1040.274
282,Marketplace,West,468.53
283,Online,West,117.0025
284,Online,West,198.26999999999998
285,Online,West,180.846
286,Online,West,330.48
287,Online,West,347.15849999999995
288,Store,West,281.37
289,Marketplace,West,693.405
290,Online,West,447.94
291,Store,West,154.98
292,Online,West,1122.147
293,Online,West,111.69600000000001
294,Store,West,100.62299999999999
295,Marketplace,West,205.76
296,Marketplace,West,32.402
297,Online,West,1515.3165
298,Online,West,345.4145
299,Online,West,26.757
300,Online,West,276.10549999999995
301,Marketplace,West,352.75500000000005
302,Store,West,1645.96
303,Online,West,358.08000000000004
304,Marketplace,West,95.868
305,Online,East,801.3544999999999
306,Online,East,782.13
307,Online,East,195.56
308,Store,East,586.3555
309,Online,East,102.289
310,Store,East,1391.7
311,Online,East,24.7
312,Online,East,226.854
313,Online,East,515.28
314,Online,East,251.99699999999999
315,Online,East,226.64
316,Store,East,856.672
317,Online,East,381.96450000000004
318,Online,East,51.391999999999996
319,Online,East,1733.79
320,Marketplace,East,567.18
321,Marketplace,East,257.33
322,Online,East,759.3
323,Online,East,645.56
324,Online,East,167.481
325,Online,East,1051.1200000000001
326,Online,North,555.96
327,Online,North,305.271
328,Store,North,515.8199999999999
329,Store,North,326.2215
330,Online,North,17.838
331,Marketplace,North,230.04899999999998
332,Store,North,217.075
333,Store,West,301.77
334,Online,West,434.02500000000003
335,Store,West,765.756
336,Store,West,860.3864999999998
337,Online,South,654.024
338,Online,South,23.73
339,Online,West,170.99
340,Store,West,93.2535
341,Store,East,352.971
342,Online,East,684.7600000000001
343,Marketplace,East,55.913
344,Online,East,157.63
345,Store,East,67.541
346,Online,North,274.69
347,Online,North,780.2
348,Store,North,389.07050000000004
349,Store,North,323.496
350,Online,East,428.59999999999997
351,Store,East,159.58
352,Store,East,56.66
353,Store,East,668.8800000000001
354,Online,East,1141.38
355,Online,East,83.011
356,Online,East,45.328
357,Online,East,75.392
358,Marketplace,East,236.01
359,Online,East,143.442
360,Online,East,1833.86
361,Marketplace,East,183.41
362,Store,East,615.46
363,Marketplace,East,812.6395
364,Online,East,1361.0800000000002
365,Online,East,332.452
366,Online,East,491.24049999999994
367,Online,East,267.3395
368,Online,East,44.091
369,Store,East,324.52
370,Store,East,189.28
371,Online,East,109.71000000000001
372,Store,North,305.843
373,Online,North,54.52
374,Online,North,824.96
375,Online,North,775.9
376,Online,North,34.79
377,Online,North,95.82300000000001
378,Online,North,95.5995
379,Marketplace,North,588.249
380,Online,East,477.14699999999993
381,Online,East,1060.5800000000002
382,Online,West,436.48999999999995
383,Store,South,613.7595
384,Store,South,96.14
385,Store,South,88.776
386,Store,South,276.579
387,Online,South,1267.6680000000001
388,Online,South,191.64600000000002
389,Marketplace,North,433.25699999999995
390,Online,North,278.71
391,Online,North,60.367999999999995
392,Store,North,667.44
393,Online,North,457.67
394,Online,West,480.89
395,Store,West,252.161
396,Online,West,247.1805
397,Marketplace,South,185.193
398,Online,South,123.984
399,Store,West,255.78
400,Marketplace,West,683.37
401,Store,West,1027.521
402,Online,West,375.649
403,Online,West,358.236
404,Online,West,548.1299999999999
405,Online,West,331.26
406,Store,South,165.12900000000002
407,Online,South,69.81
408,Online,South,719.7660000000001
409,Online,South,261.05
410,Online,South,698.592
411,Store,South,579.69
412,Store,East,252.91
413,Store,East,23.71
414,Online,East,41.84
415,Marketplace,East,168.6915
416,Online,East,102.62
417,Online,East,492.2425
418,Online,East,380.72700000000003
419,Online,East,700.1
420,Online,North,482.222
421,Online,North,1344.79
422,Store,North,62.838
423,Marketplace,North,480.45
424,Store,North,1756.1499999999999
425,Store,West,1939.0230000000001
426,Online,West,1057.8799999999999
427,Online,West,16.992
428,Online,South,526.95
429,Marketplace,South,669.86
430,Marketplace,South,321.40999999999997
431,Marketplace,South,211.565
432,Online,South,504.03
433,Store,South,327.73
434,Store,South,197.676
435,Store,East,445.71999999999997
436,Marketplace,East,606.21
437,Online,East,1382.7715000000003
438,Marketplace,East,15.572
439,Online,East,287.469
440,Online,East,599.5
441,Store,East,102.76
442,Marketplace,East,148.35
443,Online,East,748.404
444,Store,East,1134.48
445,Online,East,770.526
446,Online,East,1606.2659999999998
447,Online,East,127.89949999999999
448,Online,West,1446.1
449,Store,West,272.51
450,Online,North,1114.91
451,Online,North,173.54
452,Online,North,268.34
453,Online,North,453.2115
454,Store,North,646.7055
455,Online,North,18.846
456,Store,North,540.03
457,Store,East,434.84349999999995
458,Online,East,168.99200000000002
459,Online,East,24.662
460,Marketplace,East,100.24000000000001
461,Marketplace,East,387.09000000000003
462,Online,East,565.73
463,Store,South,541.81
464,Online,South,245.848
465,Marketplace,South,268.767
466,Online,South,71.424
467,Store,North,56.515499999999996
468,Store,North,490.94100000000003
469,Marketplace,West,501.61
470,Online,West,484.33
471,Store,West,669.4364999999999
472,Online,West,460.4
473,Online,West,168.36800000000002
474,Store,South,312.32399999999996
475,Online,East,772.038
476,Online,East,1118.158
477,Online,East,186.2
478,Online,East,168.786
479,Marketplace,East,197.524
480,Online,East,75.456
481,Online,East,504.0755
482,Online,East,218.9515
483,Marketplace,East,993.32
484,Store,West,42.57
485,Marketplace,East,5.185
486,Marketplace,East,355.35600000000005
487,Store,East,387.16999999999996
488,Online,East,504.03
489,Marketplace,South,48.165
490,Online,South,133.632
491,Online,South,5.07
492,Marketplace,South,39.123
493,Store,South,78.4125
494,Online,South,800.088
495,Store,South,81.719
496,Online,South,242.28
497,Store,South,260.79
498,Store,South,896.5400000000001
499,Online,South,1731.88
500,Store,South,383.20149999999995
501,Store,South,252.795
502,Store,South,519.996
503,Store,South,879.4949999999999
504,Online,South,849.28
505,Marketplace,South,677.45
506,Online,South,305.76
507,Online,South,530.136
508,Online,South,41.104000000000006
509,Store,North,613.008
510,Online,North,126.5
511,Online,North,177.57
512,Marketplace,North,655.46
513,Online,North,42.48
514,Online,North,173.46
515,Store,North,12.438
516,Store,North,33.36
517,Marketplace,West,291.403
518,Online,West,20.124
519,Online,West,518.959
520,Online,West,797.6295
521,Online,West,171.33
522,Marketplace,West,782.8245
523,Store,West,404.07300000000004
524,Store,West,98.64
525,Store,West,452.28999999999996
526,Online,West,12.2
527,Online,West,54.91
528,Online,West,1051.57
529,Online,West,475.4275
530,Online,West,51.952
531,Store,West,137.59799999999998
532,Marketplace,West,409.615
533,Online,West,830.943
534,Online,West,894.3489999999999
535,Store,West,622.6999999999999
536,Store,West,791.88
537,Store,West,158.14249999999998
538,Store,West,460.86
539,Marketplace,West,352.2505
540,Store,West,68.63
541,Online,West,624.283
542,Marketplace,West,73.6155
543,Online,West,19.893
544,Online,West,372.06000000000006
545,Marketplace,West,126.03
546,Online,West,447.28
547,Online,West,236.7
548,Online,West,70.254
549,Store,West,771.5699999999999
550,Online,West,28.747
551,Marketplace,West,421.23
552,Store,West,278.035
553,Online,West,1097.0355
554,Online,West,22.592
555,Store,West,2115.48
556,Store,West,275.11949999999996
557,Store,West,848.49
558,Store,West,392.445
559,Online,West,18.377
560,Online,North,219.8695
561,Online,North,504.93449999999996
562,Online,South,349.996
563,Online,South,672.9875
564,Store,South,327.58
565,Store,South,221.76
566,Marketplace,South,104.01
567,Store,South,33.36
568,Online,West,343.83000000000004
569,Marketplace,East,1651.7030000000002
570,Online,South,133.16400000000002
571,Store,South,594.19
572,Online,South,614.33
573,Marketplace,East,245.531
574,Online,North,1158.732
575,Online,North,186.0
576,Online,North,69.58
577,Online,North,38.649499999999996
578,Marketplace,East,1142.05
579,Marketplace,East,48.603
580,Online,East,1888.34
581,Online,East,113.61
582,Store,East,109.71000000000001
583,Store,East,186.2
584,Store,East,148.16
585,Online,East,350.31
586,Online,East,674.679
587,Online,East,162.78
588,Store,East,1404.55
589,Store,South,287.09000000000003
590,Online,South,1420.2215
591,Online,South,531.4625
592,Online,South,181.08399999999997
593,Online,East,136.494
594,Online,East,48.32
595,Online,East,115.30250000000001
596,Online,East,1079.01
597,Store,East,1406.15
598,Marketplace,East,383.6859999999999
599,Marketplace,East,60.4
600,Online,East,240.71999999999997
601,Online,East,119.7225
602,Online,East,230.85899999999998
603,Store,East,75.83
604,Online,East,26.1375
605,Online,East,257.35
606,Online,East,71.424
607,Online,East,36.9495
608,Online,North,326.154
609,Store,South,536.706
610,Marketplace,South,205.53000000000003
611,Store,South,598.68
612,Online,East,358.01
613,Online,East,179.97750000000002
614,Store,East,894.336
615,Online,East,377.67999999999995
616,Marketplace,East,58.06399999999999
617,Online,East,353.57099999999997
618,Online,East,302.418
619,Store,East,261.3
620,Store,North,1636.758
621,Marketplace,North,76.563
622,Online,North,232.46999999999997
623,Online,North,773.35
624,Store,North,430.12199999999996
625,Online,North,430.08000000000004
626,Store,North,382.54
627,Online,North,349.01
628,Marketplace,North,808.1
629,Store,North,112.12
630,Online,North,59.88
631,Online,North,49.929
632,Store,North,219.85
633,Online,North,747.68
634,Store,North,412.573
635,Store,North,60.246
636,Online,North,168.861
637,Store,North,832.388
638,Marketplace,North,439.65
639,Online,North,611.66
640,Store,North,823.5600000000001
641,Store,North,167.27999999999997
642,Store,North,834.3515
643,Online,North,97.08800000000001
644,Online,North,333.1575
645,Online,North,127.66400000000002
646,Store,North,111.99599999999998
647,Marketplace,North,518.5980000000001
648,Online,North,382.38449999999995
649,Online,North,1446.462
650,Marketplace,North,95.42
651,Store,North,173.47650000000002
652,Store,North,460.34
653,Online,North,1519.222
654,Online,North,57.494
655,Online,North,1703.7775000000001
656,Store,North,524.2574999999999
657,Online,North,86.73
658,Online,North,1743.022
659,Store,North,519.102
660,Online,North,910.6644999999999
661,Online,North,1572.183
662,Marketplace,North,233.98499999999999
663,Online,North,574.1665
664,Online,North,28.860999999999997
665,Store,North,10.620999999999999
666,Online,North,174.75
667,Online,North,711.16
668,Store,North,290.734
669,Online,North,15.012
670,Store,North,1037.88
671,Store,North,581.7895
672,Store,North,93.1
673,Marketplace,North,1377.48
674,Online,North,19.006
675,Marketplace,North,230.95
676,Store,North,1743.97
677,Online,North,1105.36
678,Store,North,693.58
679,Online,South,263.18
680,Store,South,1456.88
681,Store,South,650.1039999999999
682,Online,South,196.83
683,Online,South,1318.1970000000001
684,Online,South,67.248
685,Store,South,379.78
686,Online,South,36.376
687,Marketplace,South,500.735
688,Online,South,435.472
689,Online,West,160.26
690,Online,West,373.356
691,Store,West,528.5790000000001
692,Online,North,524.097
693,Online,East,955.6635
694,Marketplace,East,186.22
695,Store,East,746.3699999999999
696,Store,East,183.24899999999997
697,Online,East,563.8230000000001
698,Online,East,187.09999999999997
699,Online,East,31.076
700,Online,East,1427.54
701,Online,East,496.323
702,Marketplace,East,752.48
703,Online,East,132.912
704,Online,East,622.8485
705,Online,East,1001.99
706,Online,East,338.46000000000004
707,Marketplace,East,493.5
708,Store,East,262.52
709,Online,East,218.94
710,Online,East,170.81
711,Store,South,121.1
712,Online,South,24.71
713,Online,South,789.22
714,Online,South,187.272
715,Online,South,1039.37
716,Store,South,88.11
717,Store,South,817.019
718,Online,North,227.49
719,Store,North,1119.67
720,Store,North,63.44
721,Online,North,391.289
722,Online,North,128.911
723,Store,North,612.63
724,Online,North,1156.8000000000002
725,Store,North,234.62
726,Marketplace,North,386.327
727,Store,North,827.5355
728,Store,East,402.45799999999997
729,Online,East,924.5999999999999
730,Marketplace,East,330.5054999999999
731,Online,East,172.125
732,Online,East,357.31
733,Online,East,129.47
734,Store,East,91.14
735,Store,East,663.366
736,Online,East,314.754
737,Online,West,354.69199999999995
738,Online,West,1167.0845
739,Store,West,85.77
740,Marketplace,North,71.687
741,Store,North,150.33599999999998
742,Online,North,142.80849999999998
743,Marketplace,North,427.23999999999995
744,Online,North,1325.15
745,Online,North,411.6805
746,Store,East,1033.65
747,Store,South,470.16
748,Online,South,264.024
749,Store,South,457.63149999999996
750,Online,South,387.063
751,Store,South,810.939
752,Online,South,332.06399999999996
753,Marketplace,South,277.5
754,Online,South,109.61600000000001
755,Online,South,120.34
756,Online,South,112.12
757,Online,South,916.38
758,Online,South,199.0345
759,Store,South,387.27
760,Store,South,632.61
761,Store,South,168.92049999999998
762,Online,South,947.9289999999999
763,Online,South,516.78
764,Store,South,62.82000000000001
765,Store,South,216.288
766,Online,South,261.711
767,Online,South,31.383
768,Online,South,1023.966
769,Marketplace,South,228.57999999999998
770,Store,South,255.56
771,Online,South,752.039
772,Online,South,161.891
773,Store,South,713.98
774,Store,West,179.078
775,Online,West,594.351
776,Online,West,509.58000000000004
777,Online,West,93.27
778,Marketplace,West,704.4300000000001
779,Store,West,192.3975
780,Store,West,983.9399999999999
781,Online,West,113.93399999999998
782,Marketplace,West,472.89
783,Marketplace,West,137.5385
784,Online,West,23.496000000000002
785,Online,West,189.477
786,Online,West,151.66
787,Store,West,274.5
788,Online,West,195.29
789,Online,West,620.9295
790,Marketplace,West,131.12
791,Store,West,31.862999999999996
792,Online,West,95.868
793,Store,West,2222.0299999999997
794,Online,West,960.06
795,Store,West,183.158
796,Online,West,423.17100000000005
797,Online,West,482.154
798,Online,West,305.84
799,Store,West,232.38
800,Online,North,792.3960000000001
801,Online,North,62.334
802,Store,North,233.45
803,Online,North,96.16
804,Online,North,821.1400000000001
805,Online,North,661.995
806,Store,North,190.38
807,Store,North,41.038
808,Online,North,177.36
809,Online,North,368.272
810,Online,North,834.66
811,Online,North,77.49
812,Store,North,402.61500000000007
813,Store,North,180.86
814,Marketplace,North,1479.2100000000003
815,Store,North,267.546
816,Online,North,504.02
817,Online,North,248.43
818,Store,North,14.238000000000001
819,Marketplace,North,427.20000000000005
820,Store,North,432.41999999999996
821,Store,North,792.288
822,Online,North,434.3305
823,Store,North,206.82899999999998
824,Marketplace,North,62.1
825,Online,North,494.78
826,Online,North,74.1285
827,Store,North,173.508
828,Online,North,167.3055
829,Marketplace,North,301.78
830,Online,North,32.904
831,Store,East,928.3799999999999
832,Store,West,257.9725
833,Store,West,318.19500000000005
834,Store,West,60.641999999999996
835,Online,West,107.474
836,Online,West,41.4375
837,Store,West,194.895
838,Marketplace,West,115.16649999999998
839,Store,West,853.758
840,Online,West,497.13
841,Online,West,499.73
842,Online,West,63.512
843,Online,East,711.648
844,Marketplace,South,886.7900000000001
845,Online,South,949.023
846,Store,South,344.87
847,Online,North,22.36
848,Store,North,19.116
849,Store,North,218.18649999999997
850,Online,North,139.61
851,Online,North,374.328
852,Online,North,528.2
853,Store,South,217.026
854,Store,South,881.7995
855,Store,South,1440.16
856,Online,South,890.2199999999999
857,Store,South,61.12
858,Store,South,723.23
859,Online,South,131.364
860,Store,South,49.4
861,Online,South,155.19
862,Store,South,283.437
863,Marketplace,South,619.2674999999999
864,Store,North,291.75
865,Online,North,965.493
866,Online,North,132.3
867,Store,North,79.46
868,Store,North,195.25350000000003
869,Store,North,1021.176
870,Online,North,2232.441
871,Store,North,689.022
872,Store,North,79.36
873,Store,North,365.67999999999995
874,Store,North,1120.5819999999999
875,Store,West,1217.36
876,Store,West,500.11
877,Online,West,114.22800000000001
878,Store,West,97.33000000000001
879,Marketplace,West,249.06
880,Online,West,254.25
881,Store,West,362.032
882,Online,West,55.848000000000006
883,Store,West,353.98
884,Store,North,361.9025
885,Marketplace,North,80.25999999999999
886,Online,North,2031.0
887,Online,North,254.691
888,Store,North,447.07
889,Store,West,1234.6019999999999
890,Online,West,701.07
891,Online,East,915.41
892,Marketplace,East,2071.63
893,Store,East,644.8599999999999
894,Online,East,78.912
895,Online,West,642.0500000000001
896,Store,West,157.67149999999998
897,Online,West,685.098
898,Marketplace,West,2600.6155
899,Online,West,112.948
900,Online,West,649.953
901,Online,West,988.6299999999999
902,Online,West,930.78
903,Online,West,617.0129999999999
904,Marketplace,West,470.101
905,Online,West,751.92
906,Online,West,537.13
907,Online,West,118.30000000000001
908,Online,West,507.006
909,Marketplace,West,588.472
910,Online,West,1162.6999999999998
911,Online,West,556.053
912,Store,West,645.7860000000001
913,Store,West,146.25
914,Marketplace,West,27.234
915,Online,West,462.49
916,Online,West,11.352
917,Store,West,55.35
918,Store,West,342.74
919,Marketplace,West,1442.3580000000002
920,Online,West,42.007
921,Store,West,164.376
922,Store,West,181.602
923,Online,West,67.914
924,Online,West,195.56
925,Store,West,1527.4755
926,Online,West,655.3699999999999
927,Store,West,802.978
928,Store,West,57.42
929,Online,West,596.8
930,Online,West,66.15
931,Online,West,1100.73
932,Store,West,398.9645
933,Marketplace,West,574.3
934,Online,North,66.42750000000001
935,Online,North,315.85
936,Store,West,211.90699999999998
937,Online,West,60.876000000000005
938,Store,East,537.6714999999999
939,Online,East,428.51899999999995
940,Online,East,38.232
941,Online,East,101.184
942,Online,East,743.0400000000001
943,Online,East,139.338
944,Online,East,270.0365
945,Online,East,335.359
946,Marketplace,East,493.6545
947,Store,East,133.45
948,Online,East,500.09749999999997
949,Online,East,843.3299999999999
950,Store,East,440.21000000000004
951,Store,East,980.96
952,Store,East,143.9475
953,Online,East,31.383
954,Online,East,762.5174999999999
955,Online,East,1052.181
956,Store,East,672.723
957,Online,East,132.582
958,Store,East,499.2030000000001
959,Online,East,1008.24
960,Online,East,385.2795
961,Online,East,191.653
962,Store,East,363.31199999999995
963,Online,East,255.8075
964,Online,East,100.72800000000001
965,Online,East,1644.1365
966,Online,East,4.563000000000001
967,Store,East,271.626
968,Online,East,15.588000000000001
969,Marketplace,East,376.0
970,Online,East,819.9520000000001
971,Store,East,173.46
972,Online,East,818.1800000000001
973,Store,East,236.62
974,Online,East,527.913
975,Online,East,422.87
976,Online,East,157.8045
977,Online,East,31.716
978,Online,East,289.8
979,Online,East,321.66049999999996
980,Store,West,873.39
981,Store,West,368.89
982,Online,West,151.66
983,Marketplace,West,854.7175
984,Marketplace,West,727.31
985,Online,West,50.994
986,Marketplace,West,837.46
987,Online,West,134.04
988,Store,West,729.36
989,Store,West,299.016
990,Store,West,126.5225
991,Marketplace,West,856.0999999999999
992,Store,West,27.132
993,Online,West,71.514
994,Online,West,1499.8500000000001
995,Online,West,8.112
996,Marketplace,West,498.798
997,Store,West,314.8585
998,Marketplace,West,454.52
999,Marketplace,West,880.3199999999999
1000,Online,West,860.2629999999999
1001,Store,East,57.528000000000006
1002,Online,East,101.46000000000001
1003,Online,East,21.357
1004,Online,East,288.021
1005,Online,East,19.152
1006,Marketplace,East,399.74
1007,Online,East,690.6600000000001
1008,Store,East,492.39
1009,Store,East,186.2
1010,Store,East,1329.6
1011,Online,East,727.7189999999999
1012,Online,East,583.8000000000001
1013,Marketplace,East,336.14
1014,Online,East,410.15
1015,Online,East,629.52
1016,Online,East,324.5895
1017,Online,South,388.4
1018,Marketplace,South,132.311
1019,Store,South,1125.199
1020,Store,South,16.47
1021,Marketplace,South,170.79
1022,Online,South,42.736000000000004
1023,Online,South,340.94
1024,Online,South,82.3905
1025,Online,South,88.80799999999999
1026,Online,South,69.904
1027,Online,South,346.35
1028,Online,South,718.52
1029,Store,South,99.02
1030,Online,South,835.47
1031,Online,South,530.3915
1032,Marketplace,South,124.661
1033,Online,North,461.82
1034,Marketplace,North,2052.15
1035,Online,North,385.89
1036,Online,North,72.37100000000001
1037,Online,North,279.58
1038,Store,North,314.17
1039,Online,North,182.25
1040,Store,North,232.11899999999997
1041,Marketplace,North,759.52
1042,Store,North,823.3
1043,Marketplace,North,35.127
1044,Store,North,596.727
1045,Store,North,1362.53
1046,Online,North,154.872
1047,Online,North,24.732
1048,Store,North,392.92
1049,Store,North,792.88
1050,Store,North,569.6955
1051,Online,North,236.97900000000004
1052,Store,North,426.19849999999997
1053,Store,North,179.244
1054,Online,North,249.381
1055,Marketplace,North,456.18999999999994
1056,Online,North,205.992
1057,Online,North,83.78999999999999
1058,Online,North,174.135
1059,Online,North,253.46
1060,Store,South,90.94
1061,Store,South,12.438
1062,Store,South,93.1
1063,Online,South,43.47
1064,Store,South,380.925
1065,Store,South,563.7285
1066,Online,South,28.747
1067,Online,South,903.8900000000001
1068,Online,East,362.3395
1069,Marketplace,East,927.32
1070,Marketplace,East,506.4735
1071,Store,East,472.851
1072,Store,East,274.93249999999995
1073,Store,East,1150.7
1074,Marketplace,East,159.58
1075,Online,North,533.1899999999999
1076,Online,North,77.54400000000001
1077,Online,North,98.77850000000001
1078,Store,North,69.81
1079,Online,West,153.4845
1080,Store,West,1957.171
1081,Marketplace,West,233.59699999999998
1082,Online,West,818.62
1083,Store,West,86.241
1084,Online,West,261.3
1085,Online,West,353.93149999999997
1086,Store,West,300.16900000000004
1087,Marketplace,West,1040.274
1088,Online,West,41.4
1089,Marketplace,North,101.14649999999999
1090,Online,North,823.96
1091,Online,East,218.94
1092,Store,East,804.63
1093,Store,East,703.81
1094,Store,East,858.52
1095,Online,East,60.534
1096,Online,East,16.107499999999998
1097,Store,East,264.16
1098,Online,East,56.38400000000001
1099,Online,West,110.84849999999999
1100,Store,West,8.919
1101,Online,West,15.82
1102,Store,West,280.36
1103,Online,West,122.94899999999998
1104,Store,North,652.39
1105,Online,North,52.866
1106,Online,North,260.136
1107,Online,North,630.2109999999999
1108,Online,North,540.889
1109,Store,North,415.41599999999994
1110,Store,North,902.2244999999998
1111,Store,North,530.955
1112,Store,North,214.245
1113,Online,North,387.69
1114,Online,East,240.74
1115,Store,East,267.44
1116,Store,East,391.01
1117,Store,East,1222.08
1118,Online,East,129.98
1119,Marketplace,West,125.54
1120,Online,West,593.538
1121,Store,West,157.63
1122,Online,West,1747.1070000000002
1123,Online,West,308.106
1124,Online,West,63.512
1125,Marketplace,West,1175.87
1126,Online,West,493.187
1127,Marketplace,West,1050.5900000000001
1128,Online,West,805.125
1129,Store,West,1445.52
1130,Online,West,154.872
1131,Store,East,502.92999999999995
1132,Store,East,788.751
1133,Marketplace,East,407.34000000000003
1134,Store,East,1141.38
1135,Marketplace,East,1044.8954999999999
1136,Online,East,41.84
1137,Marketplace,East,95.868
1138,Online,East,17.3
1139,Online,East,954.959
1140,Store,East,314.26199999999994
1141,Store,East,628.4399999999999
1142,Online,East,9.044
1143,Online,East,218.94
1144,Store,East,553.66
1145,Store,East,631.295
1146,Marketplace,East,714.22
1147,Store,East,296.769
1148,Store,East,56.66
1149,Marketplace,East,514.773
1150,Store,East,261.34000000000003
1151,Store,West,295.81
1152,Online,West,477.793
1153,Marketplace,West,387.8945
1154,Online,West,164.583
1155,Marketplace,West,118.24199999999999
1156,Online,West,200.25
1157,Online,East,370.78
1158,Marketplace,East,99.42
1159,Store,East,351.26
1160,Store,East,175.19
1161,Online,East,158.26999999999998
1162,Store,West,10.64
1163,Marketplace,,221.27
1164,Store,,232.53
1165,Online,North,414.65000000000003
1166,Online,North,485.9789999999999
1167,Online,North,1885.6100000000001
1168,Store,North,171.94
1169,Online,North,717.174
1170,Marketplace,North,363.41999999999996
1171,Store,North,166.10999999999999
1172,Online,North,386.901
1173,Store,North,560.54
1174,Store,North,84.00549999999998
1175,Store,North,270.45300000000003
1176,Marketplace,North,728.829
1177,Marketplace,North,915.633
1178,Online,North,101.49
1179,Marketplace,North,153.43349999999998
1180,Online,North,355.419
1181,Store,North,681.9399999999999
1182,Online,North,728.55
1183,Online,North,1960.97
1184,Online,North,1790.47
1185,Store,North,56.849999999999994
1186,Store,North,33.728
1187,Store,North,405.57
1188,Online,North,1502.7
1189,Store,North,474.174
1190,Online,North,318.42
1191,Online,North,134.496
1192,Online,North,964.3544999999999
1193,Online,North,261.711
1194,Online,North,247.79199999999997
1195,Online,North,846.477
1196,Online,North,491.13
1197,Online,North,147.509
1198,Store,North,236.22000000000003
1199,Store,North,1024.94
1200,Store,West,802.8399999999999
1201,Online,West,605.744
1202,Store,West,629.7075
1203,Store,West,170.697
1204,Online,West,521.307
1205,Store,West,77.373
1206,Online,South,33.83
1207,Marketplace,South,598.95
1208,Online,South,38.232
1209,Store,South,345.34999999999997
1210,Online,West,140.12
1211,Store,West,622.03
1212,Online,West,260.36
1213,Online,West,107.17649999999999
1214,Marketplace,West,305.802
1215,Online,West,59.952
1216,Online,West,750.6899999999999
1217,Online,West,177.26999999999998
1218,Online,West,506.2
1219,Online,West,220.32
1220,Store,West,974.088
1221,Marketplace,West,285.88
1222,Store,West,561.02
1223,Online,East,1816.63
1224,Online,East,44.76
1225,Store,East,164.73
1226,Store,East,117.369
1227,Online,East,41.84
1228,Store,East,580.86
1229,Online,East,290.69
1230,Store,East,97.622
1231,Online,East,55.664
1232,Online,East,97.274
1233,Online,South,191.22
1234,Store,South,283.611
1235,Online,East,1667.5634999999997
1236,Store,East,57.96
1237,Online,East,939.46
1238,Store,East,73.5
1239,Store,East,306.05199999999996
1240,Online,South,1080.81
1241,Online,South,130.482
1242,Store,South,238.14000000000001
1243,Online,South,21.339000000000002
1244,Marketplace,South,293.06
1245,Online,South,214.464
1246,Marketplace,South,648.448
1247,Store,South,675.252
1248,Marketplace,South,463.23900000000003
1249,Online,North,1024.5729999999999
1250,Online,North,48.99
1251,Store,North,73.6155
1252,Online,North,520.71
1253,Store,North,167.481
1254,Online,North,125.39
1255,Store,North,802.6075
1256,Marketplace,North,614.62
1257,Store,North,1659.3614999999998
1258,Online,North,158.26999999999998
1259,Store,North,847.746
1260,Online,North,757.18
1261,Online,North,2145.62
1262,Store,North,260.9
1263,Online,North,562.8105
1264,Marketplace,North,1222.6060000000002
1265,Marketplace,North,446.828
1266,Online,North,103.61500000000001
1267,Online,North,89.87049999999999
1268,Online,North,167.481
1269,Online,East,86.241
1270,Online,East,475.69000000000005
1271,Store,East,647.3199999999999
1272,Store,East,92.0835
1273,Marketplace,East,531.99
1274,Online,North,226.827
1275,Online,North,36.376
1276,Store,West,1287.78
1277,Store,West,486.288
1278,Store,West,615.0200000000001
1279,Store,North,174.63
1280,Store,North,947.58
1281,Marketplace,North,239.07
1282,Online,North,508.725
1283,Marketplace,North,815.1285
1284,Online,North,134.54000000000002
1285,Online,North,415.17900000000003
1286,Marketplace,North,239.8655
1287,Store,North,514.62
1288,Store,North,344.96
1289,Online,North,303.43949999999995
1290,Online,North,275.15999999999997
1291,Online,North,134.6
1292,Marketplace,South,306.238
1293,Online,South,127.48
1294,Marketplace,South,231.897
1295,Online,South,340.8
1296,Store,East,105.20299999999999
1297,Online,East,53.84
1298,Store,East,1069.992
1299,Store,East,151.99
1300,Online,East,670.7605
1301,Online,East,59.908
1302,Online,East,587.879
1303,Marketplace,East,494.28000000000003
1304,Online,East,722.15
1305,Online,East,75.16799999999999
1306,Store,East,32.129
1307,Store,East,270.5505
1308,Online,West,382.71599999999995
1309,Online,West,212.976
1310,Store,West,332.58549999999997
1311,Store,West,30.2
1312,Store,West,1327.8020000000001
1313,Online,South,504.03
1314,Online,South,60.367999999999995
1315,Online,South,550.1790000000001
1316,Online,South,459.7335
1317,Store,South,266.04
1318,Online,South,56.38400000000001
1319,Online,South,250.591
1320,Store,South,835.329
1321,Marketplace,South,182.4
1322,Marketplace,South,465.86799999999994
1323,Marketplace,South,209.475
1324,Online,South,362.817
1325,Online,South,261.189
1326,Marketplace,South,243.57
1327,Online,South,466.09000000000003
1328,Online,South,895.47
1329,Store,South,271.286
1330,Store,South,414.612
1331,Online,South,659.979
1332,Store,South,111.4095
1333,Store,South,854.4395
1334,Marketplace,South,102.76
1335,Online,South,399.3
1336,Online,South,622.26
1337,Online,South,653.9704999999999
1338,Store,North,1212.246
1339,Online,North,128.911
1340,Store,North,121.1
1341,Online,North,79.81200000000001
1342,Online,North,362.56
1343,Store,East,494.27500000000003
1344,Store,East,119.03999999999999
1345,Online,East,735.372
1346,Marketplace,North,1845.8685
1347,Online,North,309.65
1348,Online,East,1384.815
1349,Online,East,124.11749999999999
1350,Online,North,407.88
1351,Online,North,896.21
1352,Online,North,141.98399999999998
1353,Online,West,228.88
1354,Online,West,106.324
1355,Store,West,452.865
1356,Online,South,352.08900000000006
1357,Store,South,1808.88
1358,Online,South,537.353
1359,Online,West,637.65
1360,Online,West,57.114000000000004
1361,Online,South,404.02
1362,Online,South,502.92999999999995
1363,Online,North,66.76599999999999
1364,Online,North,664.74
1365,Online,North,412.84499999999997
1366,Online,North,70.99199999999999
1367,Online,North,514.6814999999999
1368,Online,North,30.024
1369,Store,North,699.3375000000001
1370,Store,North,523.86
1371,Store,North,538.12
1372,Online,North,57.96
1373,Online,North,186.61
1374,Online,North,187.45999999999998
1375,Marketplace,North,457.39
1376,Online,North,71.13
1377,Marketplace,North,287.8355
1378,Store,West,814.98
1379,Online,East,114.44
1380,Marketplace,East,686.0070000000001
1381,Marketplace,East,156.60399999999998
1382,Store,East,213.078
1383,Store,East,611.65
1384,Store,East,211.24
1385,Store,East,101.871
1386,Online,East,48.959999999999994
1387,Online,East,59.278999999999996
1388,Online,West,129.5895
1389,Online,West,32.913000000000004
1390,Store,West,440.00249999999994
1391,Online,West,660.7800000000001
1392,Online,South,560.034
1393,Online,South,31.716
1394,Store,South,135.35
1395,Marketplace,South,398.29299999999995
1396,Online,South,86.526
1397,Online,South,35.24
1398,Online,East,109.28
1399,Online,East,57.35
1400,Online,East,90.54199999999999
1401,Store,East,265.842
1402,Store,East,491.10249999999996
1403,Online,West,198.4665
1404,Online,East,576.4
1405,Marketplace,East,859.47
1406,Online,East,744.16
1407,Store,East,881.5699999999999
1408,Online,East,911.0894999999999
1409,Store,East,81.4815
1410,Online,South,186.2
1411,Store,South,54.459
1412,Online,South,79.464
1413,Online,South,408.61
1414,Online,South,871.794
1415,Marketplace,East,319.40999999999997
1416,Store,East,145.13400000000001
1417,Online,East,373.356
1418,Online,East,575.6199999999999
1419,Marketplace,East,538.353
1420,Online,East,243.067
1421,Store,East,257.868
1422,Online,East,343.32
1423,Online,East,297.801
1424,Online,East,526.29
1425,Online,East,38.232
1426,Store,East,472.89
1427,Marketplace,East,232.832
1428,Online,East,54.60399999999999
1429,Online,East,125.79999999999998
1430,Store,East,355.08000000000004
1431,Online,East,1370.68
1432,Online,East,171.445
1433,Online,East,1306.4499999999998
1434,Store,East,682.8505
1435,Online,East,404.97300000000007
1436,Store,East,744.6764999999999
1437,Online,West,320.78999999999996
1438,Online,West,1134.48
1439,Marketplace,West,327.294
1440,Marketplace,West,829.94
1441,Online,West,504.43
1442,Online,West,327.1055
1443,Online,West,742.37
1444,Online,West,346.154
1445,Store,West,1564.8400000000001
1446,Online,West,91.26
1447,Online,West,10.98
1448,Online,West,201.314
1449,Online,West,744.4200000000001
1450,Online,West,166.752
1451,Store,South,829.7370000000001
1452,Online,South,357.588
1453,Online,South,524.64
1454,Online,South,829.7370000000001
1455,Online,South,1189.4475
1456,Online,South,44.478
1457,Store,South,556.146
1458,Marketplace,South,459.20149999999995
1459,Online,South,475.98999999999995
1460,Store,South,487.464
1461,Store,South,508.36
1462,Online,South,699.76
1463,Online,South,71.424
1464,Marketplace,South,254.64
1465,Online,South,643.603
1466,Store,South,216.81
1467,Online,South,1399.059
1468,Online,South,17.888
1469,Online,West,26.05
1470,Store,West,245.822
1471,Store,East,523.098
1472,Marketplace,East,353.844
1473,Store,East,86.925
1474,Online,East,334.611
1475,Online,East,212.58
1476,Online,East,942.191
1477,Online,East,167.3055
1478,Store,East,910.98
1479,Store,East,15.538
1480,Store,South,326.6635
1481,Store,South,329.60249999999996
1482,Store,South,170.9605
1483,Store,South,466.08
1484,Online,South,569.8824999999999
1485,Store,South,101.46000000000001
1486,Store,South,182.85000000000002
1487,Store,South,242.76
1488,Online,South,1846.42
1489,Online,South,16.966
1490,Store,South,632.15
1491,Online,South,658.9295
1492,Online,South,459.71000000000004
1493,Marketplace,North,190.17
1494,Store,North,823.4205
1495,Online,North,581.0295
1496,Online,North,121.618
1497,Marketplace,North,303.97
1498,Store,North,263.56
1499,Online,East,20.177999999999997
1500,Online,East,316.353
1501,Online,East,167.04
1502,Online,East,654.615
1503,Store,East,952.4794999999999
1504,Marketplace,East,228.39
1505,Online,East,1106.415
1506,Online,East,23.496000000000002
1507,Marketplace,North,32.8985
1508,Store,North,148.23000000000002
1509,Online,North,506.236
1510,Online,North,92.09750000000001
1511,Online,North,23.494
1512,Online,North,2515.725
1513,Store,North,190.827
1514,Online,North,76.32
1515,Store,North,73.14
1516,Marketplace,North,276.94399999999996
1517,Store,North,91.36800000000001
1518,Marketplace,East,238.25
1519,Online,East,98.67
1520,Online,East,62.033
1521,Online,East,169.902
1522,Store,East,104.9465
1523,Online,East,59.41
1524,Store,West,641.5885000000001
1525,Online,North,677.16
1526,Online,North,395.83
1527,Store,North,251.25300000000001
1528,Online,North,18.088
1529,Online,North,290.57
1530,Store,North,56.696
1531,Store,North,394.54449999999997
1532,Online,North,166.14
1533,Store,North,854.4869999999999
1534,Online,North,98.12
1535,Store,North,1662.1325000000002
1536,Marketplace,North,448.2195
1537,Online,West,309.177
1538,Online,West,433.43
1539,Online,West,435.59950000000003
1540,Store,West,393.03
1541,Online,West,378.82800000000003
1542,Store,West,83.844
1543,Online,West,36.376
1544,Online,West,393.58500000000004
1545,Store,North,80.65799999999999
1546,Online,North,58.08
1547,Online,North,492.72
1548,Store,North,763.27
1549,Store,North,119.4335
1550,Online,North,494.133
1551,Store,North,357.7415
1552,Online,North,82.875
1553,Marketplace,North,215.084
1554,Online,North,484.33
1555,Marketplace,North,693.73
1556,Online,East,1179.1795
1557,Store,East,309.87
1558,Online,East,114.44
1559,Online,East,37.47
1560,Online,East,84.49600000000001
1561,Store,West,584.154
1562,Online,West,523.4689999999999
1563,Online,West,529.0020000000001
1564,Store,West,333.78
1565,Online,West,212.94
1566,Online,West,236.74949999999998
1567,Marketplace,West,585.83
1568,Online,West,435.59950000000003
1569,Online,East,404.2725
1570,Store,East,142.32
1571,Marketplace,East,66.101
1572,Store,East,659.84
1573,Online,East,141.372
1574,Marketplace,East,108.511
1575,Online,East,312.98
1576,Online,East,171.20899999999997
1577,Store,East,66.956
1578,Store,East,1256.29
1579,Marketplace,North,589.4495
1580,Store,North,50.596999999999994
1581,Online,North,1194.7199999999998
1582,Store,South,378.65
1583,Store,South,54.19
1584,Store,South,875.8335000000001
1585,Marketplace,South,443.83599999999996
1586,Online,South,19.55
1587,Store,South,788.7659999999998
1588,Store,South,321.1555
1589,Store,South,571.12
1590,Online,South,35.757
1591,Store,North,258.3
1592,Online,North,431.48
1593,Online,North,356.728
1594,Store,North,481.8589999999999
1595,Marketplace,North,744.401
1596,Online,North,59.202000000000005
1597,Online,North,70.48
1598,Marketplace,North,64.6
1599,Store,North,672.354
1600,Online,North,102.42
1601,Online,North,78.057
1602,Store,North,435.74
1603,Store,North,528.162
1604,Store,North,658.23
1605,Online,North,17.799
1606,Online,South,317.2115
1607,Marketplace,South,663.72
1608,Online,South,51.165
1609,Online,South,83.283
1610,Online,South,276.6
1611,Online,South,290.41949999999997
1612,Online,North,521.8235
1613,Store,North,159.07999999999998
1614,Online,North,176.55
1615,Marketplace,North,655.16
1616,Online,North,151.66
1617,Store,North,401.907
1618,Online,North,172.618
1619,Online,North,296.793
1620,Marketplace,East,231.28
1621,Online,East,377.43399999999997
1622,Online,East,1310.33
1623,Online,East,149.52599999999998
1624,Online,East,1385.8694999999998
1625,Online,East,675.23
1626,Online,East,1224.153
1627,Online,East,154.917
1628,Store,East,48.897
1629,Online,East,29.976
1630,Store,East,442.2535
1631,Marketplace,East,136.89000000000001
1632,Store,East,731.67
1633,Online,East,113.866
1634,Online,East,666.432
1635,Online,East,76.65
1636,Online,East,29.73
1637,Online,East,11.747
1638,Online,East,166.10999999999999
1639,Store,East,370.10699999999997
1640,Online,East,1198.04
1641,Online,East,498.22999999999996
1642,Online,East,333.4
1643,Store,East,456.86999999999995
1644,Online,East,1863.92
1645,Store,East,48.28
1646,Marketplace,North,374.58649999999994
1647,Store,North,221.084
1648,Online,North,255.56
1649,Store,North,353.47
1650,Store,South,172.22
1651,Online,West,270.78
1652,Online,West,537.54
1653,Store,West,608.5319999999999
1654,Online,East,1919.26
1655,Online,East,148.239
1656,Online,East,276.336
1657,Store,West,269.11800000000005
1658,Online,West,402.12
1659,Online,West,356.65999999999997
1660,Store,West,1199.18
1661,Online,West,57.809999999999995
1662,Marketplace,West,134.6
1663,Online,West,294.37
1664,Store,West,617.013
1665,Online,West,125.613
1666,Marketplace,West,283.1
1667,Online,West,323.40849999999995
1668,Online,North,396.15999999999997
1669,Online,North,478.74
1670,Online,North,58.519999999999996
1671,Marketplace,North,163.88
1672,Online,South,575.31
1673,Store,South,233.833
1674,Online,South,59.952
1675,Online,North,101.511
1676,Store,North,18.32
1677,Store,South,477.888
1678,Online,South,334.611
1679,Store,South,40.4415
1680,Online,South,570.76
1681,Online,South,493.11
1682,Online,South,311.542
1683,Online,South,376.62
1684,Online,South,24.9645
1685,Online,South,447.4
1686,Online,South,1602.7355
1687,Store,South,254.90699999999998
1688,Store,South,1049.65
1689,Store,South,553.158
1690,Online,South,159.38
1691,Online,South,94.14899999999999
1692,Store,South,26.258
1693,Online,South,239.51
1694,Online,West,1527.448
1695,Online,West,491.696
1696,Online,West,244.06050000000002
1697,Store,West,105.642
1698,Store,West,340.98
1699,Store,West,106.514
1700,Store,West,693.9275
1701,Store,West,793.6869999999999
1702,Store,West,283.734
1703,Marketplace,South,1912.56
1704,Store,North,935.72
1705,Marketplace,North,325.11
1706,Online,North,88.592
1707,Online,North,120.28
1708,Marketplace,North,911.8004999999999
1709,Store,North,70.254
1710,Store,North,524.1244999999999
1711,Online,North,2238.0
1712,Online,North,566.9415
1713,Store,North,1271.243
1714,Online,North,293.98
1715,Online,North,13.4805
1716,Online,North,182.457
1717,Online,South,45.747
1718,Online,South,52.866
1719,Online,South,49.32
1720,Online,South,87.38
1721,Online,South,391.289
1722,Online,South,831.86
1723,Store,South,770.1
1724,Online,South,22.704
1725,Store,South,516.74
1726,Online,South,406.46999999999997
1727,Online,South,222.85
1728,Online,South,960.2365
1729,Online,South,1007.45
1730,Online,South,144.11
1731,Online,South,642.6
1732,Store,South,200.32200000000003
1733,Online,South,320.01
1734,Online,South,653.61
1735,Marketplace,South,459.76
1736,Store,South,851.094
1737,Store,South,527.1529999999999
1738,Online,South,339.45
1739,Marketplace,South,971.3800000000001
1740,Store,South,112.948
1741,Online,South,16.47
1742,Online,South,2221.04
1743,Store,South,636.87
1744,Online,South,9.503
1745,Online,South,78.06
1746,Marketplace,South,1543.212
1747,Online,South,60.912000000000006
1748,Store,South,69.26
1749,Marketplace,North,437.28
1750,Online,North,29.4355
1751,Online,North,51.442
1752,Online,North,276.925
1753,Online,North,683.8575000000001
1754,Store,West,1260.3715
1755,Store,West,116.34
1756,Store,West,1072.8
1757,Store,South,173.54
1758,Store,East,531.5345
1759,Store,East,337.48
1760,Online,East,286.03999999999996
1761,Marketplace,East,180.861
1762,Online,East,693.75
1763,Store,West,79.69
1764,Online,West,66.44
1765,Store,West,248.23499999999999
1766,Online,West,558.624
1767,Online,West,229.17600000000002
1768,Online,West,771.7
1769,Store,West,640.25
1770,Store,West,1198.69
1771,Online,West,41.4
1772,Store,East,686.15
1773,Online,East,200.5575
1774,Store,East,1170.621
1775,Store,East,382.546
1776,Online,West,56.474
1777,Store,West,96.32199999999999
1778,Online,West,387.567
1779,Store,West,413.23
1780,Online,West,24.872
1781,Online,West,343.27299999999997
1782,Online,West,130.68
1783,Store,West,230.07
1784,Online,West,152.10000000000002
1785,Store,West,516.375
1786,Store,West,263.90049999999997
1787,Marketplace,West,297.954
1788,Online,West,565.6964999999999
1789,Online,West,15.968000000000002
1790,Online,West,62.82000000000001
1791,Online,West,190.604
1792,Online,West,711.27
1793,Marketplace,West,273.05100000000004
1794,Online,West,123.31800000000001
1795,Store,West,501.2875
1796,Online,West,27.9565
1797,Online,West,740.6864999999999
1798,Store,West,191.45
1799,Marketplace,West,441.34000000000003
1800,Store,West,878.6365
1801,Online,West,332.452
1802,Store,West,494.15
1803,Store,West,812.5400000000001
1804,Store,South,274.95
1805,Marketplace,North,147.204
1806,Store,North,652.1
1807,Marketplace,North,89.92
1808,Marketplace,North,262.59000000000003
1809,Online,North,28.38
1810,Store,North,95.058
1811,Marketplace,North,298.50300000000004
1812,Marketplace,North,652.6809999999999
1813,Online,North,165.77499999999998
1814,Online,North,807.4490000000001
1815,Marketplace,North,792.09
1816,Online,North,480.69900000000007
1817,Online,North,348.7165
1818,Online,North,48.544000000000004
1819,Online,North,26.05
1820,Store,North,480.586
1821,Online,South,1128.6285
1822,Online,South,164.5515
1823,Online,South,542.376
1824,Online,South,114.83
1825,Store,East,196.83
1826,Online,East,745.4
1827,Online,East,833.94
1828,Online,East,174.35700000000003
1829,Online,East,338.77
1830,Marketplace,East,474.68
1831,Online,East,443.628
1832,Store,East,151.411
1833,Store,East,50.04
1834,Store,East,293.85
1835,Marketplace,East,81.94
1836,Store,East,1714.77
1837,Marketplace,East,334.94
1838,Online,East,903.91
1839,Online,West,266.04
1840,Online,West,45.93600000000001
1841,Online,North,401.6885
1842,Online,North,94.14899999999999
1843,Online,North,368.7995000000001
1844,Online,North,348.93000000000006
1845,Store,North,428.65
1846,Store,North,127.024
1847,Online,North,520.41
1848,Online,North,286.195
1849,Online,North,222.326
1850,Online,West,262.92
1851,Store,West,822.21
1852,Online,West,79.46
1853,Store,West,237.483
1854,Online,West,82.875
1855,Marketplace,West,55.96
1856,Online,West,31.92
1857,Marketplace,West,402.71999999999997
1858,Online,West,377.893
1859,Online,West,155.0485
1860,Store,West,1050.6
1861,Store,West,173.8215
1862,Online,West,1529.4499999999998
1863,Online,West,151.092
1864,Store,West,332.6805
1865,Store,West,496.58
1866,Store,West,455.44
1867,Online,West,30.38
1868,Online,West,347.77
1869,Online,West,315.01800000000003
1870,Online,West,221.238
1871,Online,West,45.47
1872,Store,West,234.05599999999998
1873,Online,West,1249.67
1874,Store,West,66.98
1875,Online,West,98.243
1876,Store,West,808.8389999999999
1877,Online,West,12.438
1878,Online,South,649.876
1879,Online,South,1005.8399999999999
1880,Store,South,493.11
1881,Online,South,975.78
1882,Store,North,530.68
1883,Marketplace,East,337.32
1884,Online,East,159.62400000000002
1885,Store,East,47.42
1886,Online,West,811.548
1887,Online,West,77.49
1888,Online,West,42.736000000000004
1889,Online,South,605.475
1890,Online,South,147.492
1891,Store,South,308.63
1892,Online,East,130.65
1893,Store,North,192.78
1894,Online,North,372.3525
1895,Online,North,919.49
1896,Online,North,298.21000000000004
1897,Store,North,192.28
1898,Marketplace,North,341.09000000000003
1899,Store,North,421.209
1900,Online,North,174.47400000000002
1901,Online,North,182.85000000000002
1902,Online,North,613.8709999999999
1903,Store,North,936.873
1904,Online,North,782.9095
1905,Marketplace,North,1143.828
1906,Store,North,161.01999999999998
1907,Marketplace,North,9.4145
1908,Store,North,252.86
1909,Marketplace,North,461.44
1910,Store,North,19.96
1911,Online,North,150.40800000000002
1912,Marketplace,North,385.605
1913,Online,West,542.31
1914,Online,West,400.428
1915,Online,West,801.29
1916,Online,South,477.71
1917,Online,South,240.94
1918,Store,South,134.71200000000002
1919,Marketplace,West,362.31
1920,Online,West,98.13600000000001
1921,Online,West,264.5655
1922,Marketplace,East,815.28
1923,Store,North,542.222
1924,Marketplace,West,526.091
1925,Online,West,251.57
1926,Online,West,153.12
1927,Store,West,117.28
1928,Store,West,522.2814999999999
1929,Store,West,301.653
1930,Online,West,91.732
1931,Store,West,62.622
1932,Store,West,451.37
1933,Online,West,62.82000000000001
1934,Online,North,790.761
1935,Store,North,22.0575
1936,Store,North,149.094
1937,Marketplace,West,634.4100000000001
1938,Marketplace,North,285.54150000000004
1939,Online,North,1134.48
1940,Marketplace,North,250.47799999999998
1941,Store,North,2265.79
1942,Online,North,144.296
1943,Online,North,701.5899999999999
1944,Marketplace,North,400.21200000000005
1945,Marketplace,North,155.18
1946,Store,East,153.064
1947,Store,East,148.648
1948,Online,East,862.44
1949,Online,East,1053.0904999999998
1950,Marketplace,East,1758.276
1951,Store,East,320.706
1952,Online,East,823.361
1953,Online,East,568.6795
1954,Online,East,103.6065
1955,Store,East,403.23
1956,Online,West,275.28
1957,Online,West,157.55599999999998
1958,Store,West,418.311
1959,Marketplace,South,323.93
1960,Online,South,305.65999999999997
1961,Store,,112.12
1962,Online,,17.055
1963,Store,West,896.0115000000001
1964,Online,West,7.119000000000001
1965,Marketplace,West,121.1
1966,Marketplace,South,871.6199999999999
1967,Online,South,705.672
1968,Online,South,242.28
1969,Store,West,223.86600000000004
1970,Marketplace,West,112.38300000000001
1971,Online,West,53.42
1972,Online,North,136.41
1973,Store,North,382.86
1974,Online,North,1213.668
1975,Online,North,1353.033
1976,Online,North,195.01
1977,Online,North,268.21
1978,Online,North,625.9200000000001
1979,Marketplace,North,154.5365
1980,Marketplace,North,402.56
1981,Store,North,692.77
1982,Online,North,116.16
1983,Online,North,104.265
1984,Online,North,723.222
1985,Online,East,702.549
1986,Online,East,1648.51
1987,Store,East,230.17
1988,Store,East,589.6800000000001
1989,Online,West,238.97249999999997
1990,Online,North,265.677
1991,Online,North,67.456
1992,Store,North,1473.7214999999999
1993,Online,North,214.84599999999998
1994,Store,North,78.48
1995,Online,North,631.7
1996,Online,North,1832.1035000000002
1997,Online,North,120.75299999999999
1998,Store,North,591.795
1999,Online,North,82.076
2000,Online,North,195.56
2001,Online,North,815.2435
2002,Store,North,1473.7214999999999
2003,Store,East,62.491
2004,Store,East,1633.6575
2005,Online,North,1903.1130000000003
2006,Store,North,607.914
2007,Store,North,666.5
2008,Online,North,1206.329
2009,Store,North,1374.24
2010,Store,North,584.7745
2011,Online,North,1438.371
2012,Online,North,502.443
2013,Store,North,621.675
2014,Store,North,429.6
2015,Online,North,727.758
2016,Marketplace,North,2699.67
2017,Store,North,1543.86
2018,Online,South,936.2
2019,Online,South,470.7895
2020,Marketplace,South,306.318
2021,Store,East,466.11
2022,Store,East,555.21
2023,Store,East,117.68
2024,Online,East,289.88
2025,Online,East,275.4425
2026,Online,East,260.34000000000003
2027,Store,East,435.68899999999996
2028,Online,East,212.86
2029,Marketplace,East,227.79
2030,Online,South,367.85699999999997
2031,Online,South,257.5355
2032,Store,South,870.7740000000001
2033,Online,South,57.510999999999996
2034,Store,South,214.557
2035,Online,South,134.05
2036,Online,North,1432.1345000000001
2037,Store,North,88.68
2038,Online,North,508.52
2039,Online,North,199.8
2040,Store,North,136.0305
2041,Marketplace,North,162.35849999999996
2042,Store,South,2519.06
2043,Store,South,207.077
2044,Online,South,284.89000000000004
2045,Store,South,45.270999999999994
2046,Online,South,48.544000000000004
2047,Online,South,1107.72
2048,Online,South,260.62199999999996
2049,Store,South,602.16
2050,Online,South,191.76
2051,Online,South,215.62
2052,Online,South,976.22
2053,Online,South,258.15
2054,Online,South,354.05
2055,Store,South,1645.65
2056,Store,South,19.82
2057,Online,South,97.614
2058,Marketplace,South,118.66
2059,Online,South,209.304
2060,Online,East,523.593
2061,Online,East,176.256
2062,Online,East,624.1200000000001
2063,Online,East,38.624
2064,Marketplace,East,364.572
2065,Online,East,59.278999999999996
2066,Online,East,776.3389999999999
2067,Store,West,343.97
2068,Marketplace,West,261.0315
2069,Online,West,889.8399999999999
2070,Online,West,290.34
2071,Store,West,199.33849999999998
2072,Online,West,251.36999999999998
2073,Online,West,985.881
2074,Store,West,247.82
2075,Marketplace,South,315.78
2076,Store,South,564.6
2077,Online,South,159.62400000000002
2078,Store,South,269.5435
2079,Online,South,14.624000000000002
2080,Store,South,291.52
2081,Online,South,435.3445
2082,Marketplace,South,90.44
2083,Online,South,819.7484999999999
2084,Online,South,741.25
2085,Store,South,513.4
2086,Marketplace,South,895.15
2087,Online,South,269.66700000000003
2088,Online,South,186.012
2089,Store,South,14.92
2090,Online,South,406.57
2091,Store,South,525.51
2092,Store,South,348.22
2093,Online,South,531.8195
2094,Marketplace,South,317.493
2095,Marketplace,South,88.68
2096,Online,South,300.5325
2097,Online,South,1757.92
2098,Online,South,16.107499999999998
2099,Marketplace,South,565.54
2100,Online,South,268.34
2101,Store,South,1000.1899999999999
2102,Online,South,68.00099999999999
2103,Online,South,475.929
2104,Online,South,182.85000000000002
2105,Online,South,189.66000000000003
2106,Store,South,703.3140000000001
2107,Store,South,484.0535
2108,Online,South,54.549
2109,Online,South,50.994
2110,Store,South,895.7099999999999
2111,Online,South,230.8
2112,Online,South,268.9
2113,Store,South,83.78
2114,Online,South,331.14
2115,Online,South,1208.0700000000002
2116,Store,South,2206.11
2117,Store,South,306.5175
2118,Store,South,1994.724
2119,Store,South,719.2735
2120,Marketplace,South,1558.23
2121,Online,South,857.277
2122,Store,South,175.35999999999999
2123,Online,West,59.142999999999994
2124,Marketplace,West,36.185500000000005
2125,Online,West,208.026
2126,Store,East,1088.8615
2127,Marketplace,East,379.43
2128,Online,East,682.5330000000001
2129,Store,East,230.4605
2130,Marketplace,East,346.47450000000003
2131,Store,East,44.091
2132,Online,West,2728.95
2133,Store,North,71.424
2134,Store,North,1070.1
2135,Online,North,529.0920000000001
2136,Online,North,420.50700000000006
2137,Store,North,1583.163
2138,Online,North,109.61600000000001
2139,Online,North,307.88
2140,Store,North,1079.15
2141,Online,North,22.36
2142,Store,North,356.43
2143,Online,North,144.602
2144,Store,North,885.9399999999999
2145,Online,North,7.91
2146,Online,North,159.94
2147,Online,North,7.786
2148,Marketplace,North,173.63
2149,Online,North,141.888
2150,Online,North,160.26
2151,Online,North,123.31800000000001
2152,Store,North,256.37
2153,Online,North,109.224
2154,Online,North,4.3095
2155,Online,West,391.95000000000005
2156,Store,West,707.6700000000001
2157,Online,West,833.21
2158,Online,West,293.7
2159,Online,West,589.4820000000001
2160,Store,West,505.51
2161,Online,West,557.2090000000001
2162,Marketplace,West,405.34000000000003
2163,Online,West,84.49600000000001
2164,Store,West,173.46
2165,Store,West,486.0105
2166,Online,West,88.182
2167,Store,West,132.08
2168,Online,West,245.499
2169,Online,West,176.052
2170,Store,West,995.8175000000001
2171,Store,West,180.51
2172,Store,North,561.8489999999999
2173,Online,North,205.992
2174,Store,North,1342.8000000000002
2175,Online,North,141.525
2176,Online,North,608.61
2177,Store,North,19.96
2178,Store,North,1210.3319999999999
2179,Online,North,59.796
2180,Online,North,1488.807
2181,Store,North,197.69
2182,Marketplace,North,253.33999999999997
2183,Online,North,1325.96
2184,Online,North,308.466
2185,Online,North,267.48900000000003
2186,Store,North,1045.63
2187,Online,North,123.03
2188,Online,North,428.42549999999994
2189,Online,North,60.57
2190,Online,North,153.783
2191,Online,North,63.934999999999995
2192,Online,North,11.352
2193,Store,West,949.1699999999998
2194,Store,West,480.1205
2195,Online,West,652.01
2196,Online,South,807.5
2197,Online,North,415.34000000000003
2198,Online,North,157.8045
2199,Online,West,40.355999999999995
2200,Store,West,836.684
2201,Online,West,925.02
2202,Store,West,1560.411
2203,Store,West,88.2
2204,Online,West,572.049
2205,Store,West,700.9574999999999
2206,Store,North,684.522
2207,Marketplace,North,228.08899999999997
2208,Online,North,224.16
2209,Marketplace,North,270.6145
2210,Online,North,70.56
2211,Store,North,19.116
2212,Online,North,23.445
2213,Store,North,459.74
2214,Online,North,404.59999999999997
2215,Store,North,623.115
2216,Online,North,224.71999999999997
2217,Online,East,449.94
2218,Store,West,424.7545
2219,Online,West,118.677
2220,Online,North,584.307
2221,Online,North,470.09700000000004
2222,Store,North,603.65
2223,Online,North,331.872
2224,Online,North,277.47
2225,Store,North,91.14
2226,Marketplace,North,1107.02
2227,Marketplace,North,185.364
2228,Store,North,1236.645
2229,Store,North,342.12
2230,Marketplace,North,446.34800000000007
2231,Online,North,307.34100000000007
2232,Store,North,74.13
2233,Online,North,456.76
2234,Store,North,1110.3719999999998
2235,Store,North,400.11
2236,Online,West,92.454
2237,Online,West,591.447
2238,Marketplace,West,74.157
2239,Store,West,301.75
2240,Online,West,1661.8500000000001
2241,Store,West,269.49
2242,Online,West,899.19
2243,Store,West,155.997
2244,Online,North,197.685
2245,Online,North,136.78000000000003
2246,Online,North,1879.848
2247,Marketplace,North,906.452
2248,Marketplace,North,875.4929999999999
2249,Online,North,44.784
2250,Store,North,195.687
2251,Store,North,122.5615
2252,Online,North,87.38
2253,Online,North,306.73
2254,Store,North,981.7299999999999
2255,Online,North,343.11
2256,Online,North,106.39999999999999
2257,Marketplace,North,205.827
2258,Online,North,43.61600000000001
2259,Online,North,155.77100000000002
2260,Store,North,18.829
2261,Store,North,5.794999999999999
2262,Online,North,33.723
2263,Online,North,353.54
2264,Store,North,105.4405
2265,Store,North,243.9
2266,Store,North,213.04
2267,Store,North,557.86
2268,Online,West,83.07
2269,Online,West,82.875
2270,Online,West,721.3349999999999
2271,Online,West,406.84
2272,Online,West,740.2394999999999
2273,Online,West,482.30549999999994
2274,Online,West,129.285
2275,Store,West,227.99049999999997
2276,Online,West,1462.734
2277,Online,South,542.02
2278,Store,East,362.5485
2279,Store,East,513.0500000000001
2280,Store,East,1944.29
2281,Online,East,222.09099999999995
2282,Marketplace,East,1885.1599999999999
2283,Store,West,83.78999999999999
2284,Online,West,864.1949999999999
2285,Store,West,363.4855
2286,Marketplace,West,122.24
2287,Store,West,1014.798
2288,Marketplace,North,535.49
2289,Online,North,137.02
2290,Online,North,262.32
2291,Store,North,128.59
2292,Online,North,104.65199999999999
2293,Online,North,1193.536
2294,Online,North,62.43000000000001
2295,Online,North,74.97
2296,Store,North,186.1
2297,Store,North,136.58
2298,Online,North,666.49
2299,Online,North,124.84899999999999
2300,Marketplace,North,835.47
2301,Online,North,260.82
2302,Online,North,191.80499999999998
2303,Store,North,359.63
2304,Online,East,147.87699999999998
2305,Online,East,325.72
2306,Online,South,1281.5910000000001
2307,Store,South,513.918
2308,Online,West,1098.0669999999998
2309,Store,West,844.9110000000001
2310,Marketplace,West,1366.5420000000001
2311,Online,West,621.66
2312,Online,West,157.3095
2313,Online,West,40.307
2314,Online,West,353.74199999999996
2315,Online,East,1486.17
2316,Online,East,245.28
2317,Online,East,470.88
2318,Online,East,310.267
2319,Online,East,613.3199999999999
2320,Online,East,358.15
2321,Online,East,152.81
2322,Online,East,101.52000000000001
2323,Online,East,437.28
2324,Store,East,404.79499999999996
2325,Online,East,461.26
2326,Store,East,191.709
2327,Online,East,2112.87
2328,Store,East,577.93
2329,Store,North,695.5045
2330,Store,North,89.777
2331,Marketplace,North,580.7254999999999
2332,Marketplace,North,555.174
2333,Store,North,601.6895
2334,Store,North,195.2
2335,Online,North,208.854
2336,Store,North,346.44599999999997
2337,Store,North,8.619
2338,Online,North,1516.3044999999997
2339,Store,North,268.76
2340,Online,North,1121.99
2341,Marketplace,North,74.64
2342,Marketplace,East,516.375
2343,Online,East,7.928000000000001
2344,Store,East,247.1805
2345,Store,East,22.66
2346,Marketplace,East,473.067
2347,Online,East,481.536
2348,Store,East,266.04
2349,Store,East,411.5615
2350,Online,East,303.582
2351,Online,East,443.34
2352,Online,East,182.85000000000002
2353,Online,East,71.13
2354,Store,East,435.59950000000003
2355,Store,East,794.087
2356,Online,East,413.953
2357,Online,East,24.88
2358,Marketplace,East,265.7055
2359,Store,East,336.65
2360,Store,South,316.86
2361,Online,South,365.90799999999996
2362,Online,South,671.2099999999999
2363,Store,West,1667.5700000000002
2364,Online,West,356.31
2365,Marketplace,West,20.1705
2366,Online,West,39.456
2367,Online,West,38.09
2368,Store,West,559.14
2369,Online,West,1296.65
2370,Marketplace,West,463.89599999999996
2371,Marketplace,West,254.5
2372,Online,West,827.0319999999999
2373,Online,West,1193.328
2374,Online,West,334.9765
2375,Online,West,117.09
2376,Marketplace,West,738.34
2377,Online,West,683.74
2378,Online,West,87.38
2379,Online,West,349.95
2380,Store,West,260.55649999999997
2381,Online,West,256.878
2382,Online,North,255.798
2383,Store,North,1331.2105
2384,Online,North,1456.2
2385,Online,North,130.152
2386,Online,North,44.091
2387,Store,North,525.711
2388,Online,North,55.848000000000006
2389,Online,North,496.44000000000005
2390,Online,North,16.966
2391,Marketplace,North,72.98
2392,Store,North,67.455
2393,Store,North,1191.339
2394,Online,North,78.093
2395,Online,North,1440.9370000000001
2396,Online,North,341.09749999999997
2397,Marketplace,North,542.9345
2398,Store,North,1578.35
2399,Marketplace,North,367.64
2400,Store,North,498.40999999999997
2401,Online,North,221.14
2402,Store,North,338.73
2403,Store,North,283.56
2404,Store,North,245.59050000000002
2405,Store,East,32.908
2406,Online,East,75.20400000000001
2407,Online,East,654.5025
2408,Online,East,975.2985
2409,Online,East,236.28300000000002
2410,Online,East,30.324
2411,Online,East,476.55
2412,Store,East,56.66
2413,Marketplace,East,848.725
2414,Marketplace,East,336.604
2415,Store,East,302.35
2416,Online,North,817.3399999999999
2417,Online,North,56.23049999999999
2418,Store,North,333.55
2419,Online,North,12.770999999999999
2420,Store,North,107.92450000000001
2421,Store,North,138.65
2422,Online,North,822.5799999999999
2423,Online,North,112.46099999999998
2424,Store,West,346.953
2425,Online,West,88.91
2426,Store,West,92.64
2427,Store,East,110.18700000000001
2428,Store,East,348.228
2429,Online,West,256.7255
2430,Online,West,115.09200000000001
2431,Store,South,921.24
2432,Store,South,46.854
2433,Online,South,258.66999999999996
2434,Marketplace,East,359.66049999999996
2435,Marketplace,East,652.4345
2436,Online,East,16.966
2437,Marketplace,East,301.29
2438,Marketplace,North,131.62
2439,Online,North,40.355999999999995
2440,Online,North,1015.2099999999999
2441,Online,North,614.4300000000001
2442,Online,North,270.96
2443,Online,North,90.94
2444,Store,North,38.313
2445,Online,North,32.904
2446,Online,North,60.534
2447,Store,North,392.5045
2448,Online,North,208.12
2449,Online,North,318.546
2450,Store,North,653.58
2451,Marketplace,North,12.708
2452,Online,North,33.82
2453,Online,North,134.144
2454,Store,North,186.49
2455,Store,North,181.678
2456,Store,North,726.9200000000001
2457,Store,North,737.87
2458,Store,North,873.5600000000001
2459,Marketplace,North,678.447
2460,Online,North,485.68
2461,Store,North,185.17999999999998
2462,Marketplace,North,470.33
2463,Store,South,250.591
2464,Online,South,120.75299999999999
2465,Online,South,1128.97
2466,Online,South,82.603
2467,Online,South,564.468
2468,Store,West,334.94399999999996
2469,Online,West,27.301999999999996
2470,Online,West,96.03999999999999
2471,Online,West,756.009
2472,Online,West,849.8725
2473,Online,North,353.079
2474,Marketplace,North,375.687
2475,Store,North,490.70349999999996
2476,Store,North,273.7
2477,Store,North,1301.02
2478,Online,West,753.33
2479,Marketplace,South,236.7165
2480,Online,South,146.916
2481,Online,South,187.8
2482,Online,South,44.784
2483,Marketplace,South,1258.26
2484,Online,South,78.12
2485,Online,South,478.8810000000001
2486,Online,South,574.533
2487,Store,South,980.1540000000001
2488,Online,South,95.53200000000001
2489,Store,South,1114.38
2490,Store,South,157.63
2491,Store,South,112.11299999999999
2492,Store,South,1812.0555
2493,Online,South,700.59
2494,Online,South,484.03999999999996
2495,Store,South,850.085
2496,Store,West,962.74
2497,Online,West,120.0135
2498,Online,West,99.33
2499,Store,South,168.00300000000001
2500,Online,South,79.2795
2501,Online,South,363.93
2502,Store,South,82.875
2503,Marketplace,South,1446.1219999999998
2504,Online,South,1382.06
2505,Online,South,52.275
2506,Online,South,292.9355
2507,Store,South,1058.8414999999998
2508,Online,South,371.15
2509,Online,South,701.79
2510,Online,South,253.17000000000002
2511,Online,South,1858.1425
2512,Online,South,211.64000000000001
2513,Online,South,278.2
2514,Online,South,181.08399999999997
2515,Store,South,550.58
2516,Online,South,5.185
2517,Store,South,89.8
2518,Online,South,277.92
2519,Online,South,958.2
2520,Marketplace,South,305.7765
2521,Store,South,799.479
2522,Online,South,457.09599999999995
2523,Marketplace,South,533.8934999999999
2524,Online,South,110.18700000000001
2525,Online,South,250.18200000000002
2526,Online,South,578.5899999999999
2527,Online,South,273.89
2528,Store,South,174.19199999999998
2529,Online,South,234.99
2530,Store,South,183.39
2531,Store,South,444.334
2532,Online,South,297.5
2533,Online,South,32.89
2534,Store,South,236.34
2535,Store,South,104.37
2536,Marketplace,East,96.88
2537,Store,East,877.1800000000001
2538,Store,West,410.38
2539,Online,North,128.27
2540,Online,North,56.6
2541,Online,North,814.248
2542,Online,North,25.541999999999998
2543,Store,East,440.154
2544,Online,East,538.9594999999999
2545,Marketplace,East,374.31
2546,Online,East,4.563000000000001
2547,Store,North,133.16400000000002
2548,Marketplace,North,1617.54
2549,Marketplace,South,520.58
2550,Online,South,41.4
2551,Store,South,71.026
2552,Online,South,154.746
2553,Marketplace,South,1171.26
2554,Online,West,449.31
2555,Store,West,252.8
2556,Marketplace,West,39.769999999999996
2557,Marketplace,West,195.56
2558,Store,West,740.64
2559,Store,West,110.21000000000001
2560,Online,West,552.6
2561,Online,West,158.26999999999998
2562,Online,West,306.57
2563,Marketplace,West,101.871
2564,Online,West,934.8
2565,Online,West,98.67
2566,Online,West,32.913000000000004
2567,Online,West,622.26
2568,Store,West,137.02
2569,Online,West,368.0
2570,Online,West,81.94
2571,Store,West,89.64949999999999
2572,Online,West,458.28000000000003
2573,Online,West,396.95
2574,Online,West,643.59
2575,Online,West,466.24
2576,Online,North,791.94
2577,Store,North,838.99
2578,Store,South,471.73
2579,Store,South,62.334
2580,Store,South,290.7339999999999
2581,Store,West,527.07
2582,Online,North,1460.2069999999999
2583,Online,North,492.5249999999999
2584,Online,East,508.50399999999996
2585,Store,East,195.56
2586,Online,East,914.583
2587,Store,East,200.691
2588,Store,East,301.08
2589,Store,East,246.8825
2590,Online,East,51.678000000000004
2591,Online,East,50.898
2592,Store,North,873.5899999999999
2593,Store,North,729.3100000000001
2594,Marketplace,West,31.92
2595,Online,West,884.466
2596,Online,East,40.14
2597,Store,East,67.16
2598,Online,East,19.76
2599,Online,East,1414.78
2600,Marketplace,East,577.1585
2601,Marketplace,East,1176.17
2602,Online,West,261.3545
2603,Marketplace,West,2292.19
2604,Online,West,555.45
2605,Online,West,1217.4390000000003
2606,Online,West,2326.246
2607,Store,West,59.202000000000005
2608,Online,West,1163.769
2609,Marketplace,West,97.98
2610,Store,North,138.662
2611,Online,North,40.4415
2612,Store,West,727.21
2613,Online,West,458.28
2614,Store,West,835.47
2615,Online,North,1371.393
2616,Online,North,69.552
2617,Online,North,151.708
2618,Online,North,83.07
2619,Online,North,30.472000000000005
2620,Online,North,101.184
2621,Online,North,500.35999999999996
2622,Online,North,1130.557
2623,Store,North,24.88
2624,Marketplace,North,195.56
2625,Store,North,726.325
2626,Marketplace,West,121.1
2627,Online,West,51.96
2628,Online,West,633.2755
2629,Online,East,337.086
2630,Online,East,139.6215
2631,Online,East,798.4085
2632,Online,East,1521.84
2633,Marketplace,East,781.62
2634,Store,East,917.88
2635,Store,East,598.87
2636,Online,East,299.33
2637,Store,East,135.84
2638,Online,East,143.442
2639,Online,East,209.04000000000002
2640,Marketplace,East,967.293
2641,Marketplace,East,224.16
2642,Store,East,42.48
2643,Online,East,59.87200000000001
2644,Store,East,652.5455
2645,Marketplace,East,950.0759999999999
2646,Online,East,41.104000000000006
2647,Online,East,159.154
2648,Marketplace,East,1971.8105
2649,Marketplace,East,579.275
2650,Marketplace,East,559.638
2651,Online,East,386.60249999999996
2652,Store,East,234.22
2653,Online,East,965.76
2654,Marketplace,East,137.84449999999998
2655,Store,East,596.6500000000001
2656,Online,East,159.192
2657,Online,East,575.77
2658,Marketplace,East,161.856
2659,Store,East,673.4200000000001
2660,Store,East,43.24
2661,Store,East,32.12
2662,Online,East,430.03
2663,Online,East,349.97
2664,Online,East,1270.188
2665,Marketplace,East,220.32
2666,Store,East,209.30399999999997
2667,Store,East,159.8935
2668,Store,East,407.95000000000005
2669,Online,East,425.22
2670,Online,East,269.2
2671,Store,East,354.29999999999995
2672,Online,East,583.6949999999999
2673,Store,East,422.51250000000005
2674,Store,East,491.20649999999995
2675,Online,East,30.438000000000002
2676,Online,East,286.86
2677,Store,East,1016.3340000000001
2678,Online,East,94.12899999999999
2679,Online,East,92.684
2680,Online,East,767.96
2681,Online,East,1400.7
2682,Marketplace,East,208.02
2683,Online,East,491.24049999999994
2684,Marketplace,East,415.63
2685,Online,East,121.14
2686,Store,East,1636.3265
2687,Store,East,181.53
2688,Online,East,556.886
2689,Online,East,172.26
2690,Online,East,15.012
2691,Online,East,477.9
2692,Online,East,55.35
2693,Online,East,1094.23
2694,Online,South,711.027
2695,Online,South,220.16000000000003
2696,Store,South,392.78
2697,Online,South,134.4275
2698,Online,South,277.875
2699,Online,South,149.05499999999998
2700,Marketplace,East,514.2415
2701,Store,East,261.351
2702,Online,East,147.62
2703,Store,East,122.434
2704,Online,East,33.84
2705,Online,East,153.805
2706,Store,East,667.114
2707,Marketplace,East,1011.3225
2708,Store,East,473.22
2709,Online,East,33.984
2710,Marketplace,East,269.2
2711,Online,North,464.17
2712,Online,North,455.18299999999994
2713,Store,North,460.921
2714,Marketplace,North,371.55449999999996
2715,Store,North,370.74
2716,Online,North,107.336
2717,Online,West,402.84000000000003
2718,Online,West,50.768
2719,Online,West,174.19199999999998
2720,Online,West,31.784
2721,Store,West,142.92000000000002
2722,Online,South,92.37
2723,Online,South,208.94400000000002
2724,Online,South,542.222
2725,Online,South,359.118
2726,Store,South,941.127
2727,Online,South,70.944
2728,Store,South,50.898
2729,Online,South,416.17
2730,Marketplace,South,309.84
2731,Online,South,217.03000000000003
2732,Store,South,573.4100000000001
2733,Online,South,218.79
2734,Online,South,204.442
2735,Marketplace,South,553.54
2736,Online,South,59.776
2737,Store,South,298.116
2738,Online,South,461.23
2739,Marketplace,South,458.88
2740,Online,South,334.611
2741,Online,South,505.71
2742,Store,South,963.9839999999999
2743,Online,South,55.37
2744,Store,South,409.815
2745,Online,East,243.52499999999998
2746,Online,North,274.69800000000004
2747,Store,North,409.18
2748,Store,North,42.57
2749,Store,West,515.835
2750,Marketplace,West,60.88
2751,Store,West,183.00499999999997
2752,Store,West,447.98
2753,Online,West,78.4125
2754,Online,West,834.1389999999999
2755,Online,West,389.74
2756,Online,West,51.1445
2757,Online,West,431.813
2758,Marketplace,West,1040.29
2759,Store,West,156.5785
2760,Online,West,289.48
2761,Online,West,35.598
2762,Store,North,635.04
2763,Store,North,348.156
2764,Store,North,479.1
2765,Store,North,900.999
2766,Online,North,301.7415
2767,Marketplace,North,311.88
2768,Online,North,116.35
2769,Online,North,636.813
2770,Online,North,32.148
2771,Online,North,669.37
2772,Online,North,107.09
2773,Online,North,518.22
2774,Online,North,347.42
2775,Store,North,249.615
2776,Online,North,93.27
2777,Online,North,116.68799999999999
2778,Online,North,49.32
2779,Online,North,62.08
2780,Store,North,603.71
2781,Online,North,11.589999999999998
2782,Online,North,840.35
2783,Marketplace,North,211.6
2784,Marketplace,North,463.82
2785,Online,North,169.8
2786,Online,North,570.76
2787,Online,North,397.45149999999995
2788,Online,North,65.55
2789,Marketplace,North,220.2
2790,Online,North,33.478
2791,Online,North,210.24
2792,Online,North,102.996
2793,Store,North,105.26
2794,Store,North,56.849999999999994
2795,Store,West,806.0699999999999
2796,Store,West,700.0514999999999
2797,Store,North,719.473
2798,Store,North,865.24
2799,Online,North,860.8709999999999
2800,Online,North,802.701
2801,Online,North,354.94000000000005
2802,Online,North,919.6094999999999
2803,Online,North,155.35
2804,Marketplace,North,103.15599999999999
2805,Online,North,1394.6599999999999
2806,Online,North,154.746
2807,Store,North,661.851
2808,Online,North,57.645999999999994
2809,Online,North,199.937
2810,Store,North,603.1175
2811,Online,North,511.48949999999996
2812,Store,North,110.8995
2813,Online,North,98.13600000000001
2814,Store,North,371.91999999999996
2815,Online,North,228.13
2816,Store,West,115.81450000000001
2817,Online,West,529.812
2818,Store,West,653.8199999999999
2819,Online,West,107.68
2820,Store,West,803.7284999999999
2821,Online,West,99.56949999999999
2822,Online,West,75.20400000000001
2823,Store,East,41.31
2824,Marketplace,East,368.611
2825,Online,West,193.25599999999997
2826,Marketplace,West,881.24
2827,Store,West,915.84
2828,Online,West,14.19
2829,Online,West,423.776
2830,Online,East,227.11649999999997
2831,Store,East,119.33
2832,Online,East,328.83000000000004
2833,Store,East,182.666
2834,Store,East,820.06
2835,Online,East,659.6764999999999
2836,Marketplace,East,934.9470000000001
2837,Online,West,227.08799999999997
2838,Online,West,674.568
2839,Online,East,1807.8899999999999
2840,Online,East,71.26899999999999
2841,Online,East,192.565
2842,Online,East,33.932
2843,Online,East,531.27
2844,Marketplace,East,879.75
2845,Marketplace,East,989.586
2846,Store,East,582.23
2847,Online,East,547.794
2848,Store,East,227.72449999999998
2849,Store,East,1230.8389999999997
2850,Store,East,366.263
2851,Marketplace,East,279.32699999999994
2852,Marketplace,East,306.0
2853,Online,East,27.712000000000003
2854,Store,East,354.51900000000006
2855,Store,East,372.3525
2856,Marketplace,East,1307.58
2857,Store,South,609.885
2858,Store,South,941.8199999999999
2859,Online,South,113.79799999999999
2860,Store,South,1063.81
2861,Marketplace,South,1021.991
2862,Online,South,97.0445
2863,Store,North,37.1365
2864,Online,North,138.662
2865,Marketplace,North,35.712
2866,Online,North,212.31
2867,Marketplace,West,2166.39
2868,Store,West,1243.987
2869,Online,West,745.8
2870,Marketplace,West,580.96
2871,Online,West,163.48499999999999
2872,Store,West,326.04999999999995
2873,Online,West,628.7194999999999
2874,Store,West,219.37400000000002
2875,Online,West,274.31
2876,Online,West,146.349
2877,Store,West,279.701
2878,Online,North,342.13349999999997
2879,Online,North,232.686
2880,Online,North,276.444
2881,Online,North,145.2
2882,Store,North,420.4
2883,Online,North,59.88
2884,Online,North,1085.43
2885,Online,North,691.448
2886,Online,North,71.026
2887,Store,North,684.75
2888,Online,North,586.6800000000001
2889,Online,North,700.75
2890,Online,North,259.28
2891,Online,North,159.58
2892,Marketplace,North,250.56
2893,Online,North,396.4
2894,Online,North,9.91
2895,Store,North,743.75
2896,Online,North,39.92
2897,Store,North,55.803
2898,Online,North,599.77
2899,Store,,1005.9409999999999
2900,Store,,306.819
2901,Store,,57.545
2902,Marketplace,,631.71
2903,Marketplace,,174.99
2904,Store,West,1595.9
2905,Online,West,68.35
2906,Marketplace,West,160.021
2907,Store,West,810.977
2908,Online,West,243.29000000000002
2909,Online,West,570.28
2910,Store,West,319.542
2911,Online,West,321.77
2912,Store,West,78.2895
2913,Online,West,146.97
2914,Online,South,312.73199999999997
2915,Store,South,187.7
2916,Online,South,218.88
2917,Marketplace,South,117.09
2918,Online,South,297.744
2919,Online,South,333.849
2920,Store,South,312.91
2921,Online,East,347.07
2922,Online,East,564.9865
2923,Online,East,540.974
2924,Store,East,44.091
2925,Store,East,455.1165
2926,Online,East,337.416
2927,Store,East,308.737
2928,Online,East,231.48000000000002
2929,Online,East,274.7495
2930,Store,East,30.817999999999998
2931,Online,East,357.7
2932,Marketplace,East,268.46399999999994
2933,Store,East,167.841
2934,Online,East,94.14
2935,Online,East,118.677
2936,Store,East,47.42
2937,Online,West,821.02
2938,Store,West,1238.4105
2939,Online,West,139.995
2940,Store,West,272.28
2941,Store,West,417.78
2942,Online,West,20.994999999999997
2943,Marketplace,West,64.4555
2944,Marketplace,West,231.49
2945,Store,West,534.68
2946,Store,West,1047.6125
2947,Online,West,875.89
2948,Store,West,314.226
2949,Store,West,1125.3600000000001
2950,Online,North,621.85
2951,Store,North,495.71999999999997
2952,Online,North,163.183
2953,Online,North,276.579
2954,Store,North,96.14
2955,Store,North,473.35
2956,Marketplace,North,132.311
2957,Store,South,1047.42
2958,Online,South,93.1
2959,Online,South,357.782
2960,Online,South,431.04
2961,Online,South,46.89
2962,Store,North,225.68
2963,Store,North,335.578
2964,Marketplace,East,647.6659999999999
2965,Store,East,624.9625
2966,Store,East,732.8489999999999
2967,Online,East,166.08149999999998
2968,Store,East,1204.1354999999999
2969,Online,East,545.8
2970,Store,East,520.8205
2971,Marketplace,East,176.613
2972,Online,East,18.054
2973,Online,East,239.56
2974,Marketplace,East,478.11
2975,Store,East,387.38
2976,Marketplace,West,253.19399999999996
2977,Store,North,232.45
2978,Online,North,401.96
2979,Online,North,415.13
2980,Online,North,126.36
2981,Online,North,843.28
2982,Store,North,1176.23
2983,Online,North,925.866
2984,Online,North,121.48200000000003
2985,Online,North,74.76299999999999
2986,Online,North,26.1375
2987,Online,North,15.21
2988,Store,East,82.31400000000001
2989,Store,East,154.8
2990,Online,East,1337.77
2991,Online,East,178.56000000000003
2992,Store,North,353.97999999999996
2993,Online,North,74.64
2994,Store,North,293.526
2995,Online,East,495.13
2996,Store,East,343.755
2997,Online,East,1325.72
2998,Marketplace,East,360.32
2999,Store,East,437.323
3000,Store,East,494.5985
3001,Online,East,117.369
3002,Online,East,166.10999999999999
3003,Online,East,149.3
3004,Store,East,176.4
3005,Online,East,372.606
3006,Store,East,59.679
3007,Marketplace,East,366.3
3008,Store,East,68.93199999999999
3009,Marketplace,East,1339.063
3010,Store,East,217.43599999999998
3011,Store,East,420.76800000000003
3012,Marketplace,East,130.68
3013,Store,East,133.96
3014,Online,East,2511.903
3015,Store,East,652.5100000000001
3016,Marketplace,East,785.385
3017,Online,North,213.77849999999998
3018,Store,North,183.35999999999999
3019,Store,North,230.70749999999998
3020,Online,North,60.894
3021,Online,North,289.67
3022,Online,North,392.92
3023,Marketplace,North,181.64999999999998
3024,Store,North,8.65
3025,Online,North,1913.0185
3026,Marketplace,North,195.56
3027,Online,North,63.488
3028,Online,North,1037.913
3029,Store,North,31.8495
3030,Online,North,41.4375
3031,Marketplace,East,472.41999999999996
3032,Store,East,1275.66
3033,Online,East,384.516
3034,Store,East,380.24
3035,Online,East,9.503
3036,Store,East,186.09
3037,Online,East,329.103
3038,Online,,285.48
3039,Online,South,387.468
3040,Online,South,643.603
3041,Online,South,217.34
3042,Marketplace,South,331.15
3043,Online,South,65.552
3044,Marketplace,South,246.2875
3045,Online,North,606.1569999999999
3046,Online,North,52.624
3047,Online,North,833.2209999999999
3048,Online,North,81.91
3049,Marketplace,North,709.2090000000001
3050,Online,North,213.03900000000004
3051,Online,South,43.69
3052,Marketplace,South,890.13
3053,Marketplace,South,303.11
3054,Online,East,25.364
3055,Online,East,584.9499999999999
3056,Online,East,22.36
3057,Store,East,346.31
3058,Online,East,30.32
3059,Online,North,631.602
3060,Online,North,866.64
3061,Online,North,388.341
3062,Online,North,618.01
3063,Online,North,214.672
3064,Online,North,533.44
3065,Online,North,59.409
3066,Store,North,323.418
3067,Online,North,57.205
3068,Store,North,114.27000000000001
3069,Store,North,77.83
3070,Store,North,568.786
3071,Online,North,1063.269
3072,Online,North,273.82
3073,Store,North,45.58500000000001
3074,Online,North,225.08000000000004
3075,Marketplace,North,348.8305
3076,Online,North,96.14
3077,Online,North,278.443
3078,Online,North,593.2800000000001
3079,Store,West,1311.9974999999997
3080,Online,West,275.03
3081,Marketplace,West,106.542
3082,Online,West,94.14
3083,Online,West,894.807
3084,Online,West,336.73600000000005
3085,Online,East,398.34000000000003
3086,Online,East,88.68
3087,Online,East,156.76
3088,Store,East,425.106
3089,Store,East,77.83
3090,Online,East,916.7595000000001
3091,Online,East,9.503
3092,Store,East,161.2
3093,Store,East,642.6800000000001
3094,Online,East,54.60399999999999
3095,Store,East,364.932
3096,Marketplace,East,196.175
3097,Online,East,42.678000000000004
3098,Store,East,215.82099999999997
3099,Online,East,522.427
3100,Online,East,91.31400000000001
3101,Store,East,353.65
3102,Online,East,433.98900000000003
3103,Online,East,191.69099999999997
3104,Online,East,259.57800000000003
3105,Online,East,866.72
3106,Store,West,810.6025
3107,Online,West,141.219
3108,Store,West,79.81200000000001
3109,Store,West,88.776
3110,Online,West,630.5055
3111,Online,West,387.06
3112,Online,West,682.479
3113,Online,West,245.361
3114,Store,West,59.88
3115,Store,West,345.70000000000005
3116,Store,West,277.587
3117,Store,West,573.0360000000001
3118,Online,West,12.001999999999999
3119,Online,West,48.75
3120,Online,West,85.74799999999999
3121,Online,West,375.63
3122,Marketplace,West,1015.587
3123,Online,West,71.13
3124,Store,West,672.138
3125,Online,West,35.24
3126,Store,West,268.08
3127,Store,West,472.34000000000003
3128,Online,West,845.1600000000001
3129,Store,West,445.92
3130,Online,West,17.888
3131,Online,South,150.88
3132,Online,South,1355.526
3133,Store,South,389.36999999999995
3134,Marketplace,South,24.71
3135,Marketplace,South,321.48
3136,Online,South,2246.022
3137,Online,South,198.9585
3138,Online,South,93.60900000000001
3139,Store,South,577.93
3140,Store,South,194.57999999999998
3141,Store,South,18.95
3142,Marketplace,South,531.3599999999999
3143,Online,East,166.5915
3144,Store,East,464.58799999999997
3145,Online,East,1045.368
3146,Online,East,247.1715
3147,Online,East,350.12350000000004
3148,Store,East,335.53000000000003
3149,Store,East,631.38
3150,Online,East,983.1360000000001
3151,Online,East,800.39
3152,Marketplace,East,296.5
3153,Online,East,591.849
3154,Marketplace,East,60.55
3155,Online,East,450.4805
3156,Store,East,427.87
3157,Online,East,574.47
3158,Online,East,226.36800000000002
3159,Store,East,570.76
3160,Store,East,24.9645
3161,Store,East,475.57
3162,Store,East,34.79
3163,Online,East,154.869
3164,Store,East,436.86
3165,Store,East,974.865
3166,Online,East,1124.28
3167,Marketplace,East,300.37
3168,Online,East,4.563000000000001
3169,Online,East,86.0415
3170,Online,East,234.171
3171,Store,East,167.79000000000002
3172,Store,East,543.56
3173,Online,East,41.038
3174,Online,East,39.73
3175,Online,East,245.4715
3176,Store,East,410.78
3177,Store,East,732.8109999999999
3178,Online,East,492.25
3179,Online,East,326.094
3180,Marketplace,East,213.04
3181,Online,East,49.32
3182,Store,North,276.579
3183,Online,North,354.9
3184,Online,North,349.14
3185,Online,North,167.39999999999998
3186,Online,North,102.32
3187,Online,North,250.18200000000002
3188,Marketplace,East,256.405
3189,Online,East,23.872
3190,Online,South,654.8199999999999
3191,Store,West,276.993
3192,Online,South,75.83
3193,Marketplace,South,1302.81
3194,Store,South,1501.3400000000001
3195,Online,South,374.148
3196,Store,South,920.227
3197,Online,South,28.508999999999997
3198,Store,South,47.064499999999995
3199,Store,South,225.45399999999998
3200,Online,South,903.105
3201,Store,South,228.88
3202,Online,South,1862.06
3203,Marketplace,South,1567.67
3204,Online,South,702.48
3205,Store,South,974.0915
3206,Online,West,2142.6965
3207,Marketplace,West,102.93499999999999
3208,Marketplace,West,411.407
3209,Online,West,510.516
3210,Online,South,61.659000000000006
3211,Marketplace,South,205.38
3212,Store,South,74.72
3213,Store,South,132.639
3214,Store,South,314.755
3215,Online,South,63.752
3216,Online,South,591.1469999999999
3217,Online,South,411.6805
3218,Marketplace,South,212.94
3219,Online,South,81.4815
3220,Marketplace,South,458.7025
3221,Online,South,167.481
3222,Store,South,513.95
3223,Online,South,281.03999999999996
3224,Marketplace,South,790.82
3225,Online,North,273.78000000000003
3226,Marketplace,North,114.05
3227,Online,North,49.684999999999995
3228,Online,North,297.255
3229,Online,North,599.0699999999999
3230,Store,North,428.995
3231,Online,North,976.1535
3232,Online,North,348.10049999999995
3233,Marketplace,North,231.24
3234,Online,North,352.4
3235,Store,North,69.26
3236,Store,North,53.397000000000006
3237,Marketplace,North,1097.55
3238,Online,North,131.733
3239,Marketplace,North,111.036
3240,Store,South,109.71000000000001
3241,Store,South,608.32
3242,Online,North,1789.902
3243,Online,North,19.152
3244,Marketplace,North,1422.7920000000001
3245,Online,North,374.76
3246,Marketplace,North,282.88
3247,Marketplace,North,134.17
3248,Store,North,202.24
3249,Online,North,312.069
3250,Store,North,163.53
3251,Online,North,22.239
3252,Store,North,66.88
3253,Marketplace,North,664.126
3254,Store,North,308.57
3255,Online,North,614.7
3256,Online,North,14.656
3257,Store,North,389.633
3258,Online,North,189.216
3259,Online,South,256.56
3260,Online,South,231.86
3261,Store,South,300.744
3262,Online,West,633.5820000000001
3263,Store,West,1698.345
3264,Online,West,1243.5309999999997
3265,Online,West,310.669
3266,Online,West,440.496
3267,Store,North,224.16
3268,Marketplace,North,89.397
3269,Online,West,480.5575
3270,Online,West,102.289
3271,Marketplace,West,377.8
3272,Online,West,31.716
3273,Online,West,921.7349999999999
3274,Online,West,583.479
3275,Store,West,917.1300000000001
3276,Marketplace,West,66.717
3277,Online,East,439.90999999999997
3278,Store,East,362.73600000000005
3279,Marketplace,East,53.941
3280,Store,East,41.46
3281,Store,East,545.193
3282,Store,West,812.753
3283,Online,West,764.87
3284,Store,West,152.10000000000002
3285,Online,West,626.8385
3286,Online,West,548.5015
3287,Store,West,333.1
3288,Online,West,287.604
3289,Online,West,327.49
3290,Online,North,117.72999999999999
3291,Store,North,12.061499999999999
3292,Store,North,24.122999999999998
3293,Store,North,183.654
3294,Store,North,605.9905
3295,Store,North,1144.22
3296,Online,North,799.8
3297,Online,North,184.136
3298,Marketplace,North,743.1184999999999
3299,Online,North,154.40249999999997
3300,Online,North,196.12800000000001
3301,Online,North,62.829
3302,Marketplace,North,230.8785
3303,Online,North,97.12
3304,Store,North,1028.48
3305,Online,North,45.63
3306,Online,North,972.3800000000001
3307,Online,North,716.1600000000001
3308,Online,North,1759.85
3309,Online,West,423.66200000000003
3310,Marketplace,West,636.24
3311,Marketplace,West,838.89
3312,Store,West,1648.82
3313,Online,West,90.6
3314,Online,West,1594.8300000000002
3315,Online,East,542.9
3316,Online,East,61.709999999999994
3317,Online,East,961.5699999999999
3318,Store,East,168.01
3319,Online,East,74.64
3320,Online,East,9.503
3321,Online,East,136.95999999999998
3322,Online,East,242.28
3323,Online,West,130.65
3324,Online,West,1452.99
3325,Online,West,184.29
3326,Online,West,227.753
3327,Online,West,100.62299999999999
3328,Store,North,958.9100000000001
3329,Store,North,1876.35
3330,Store,North,132.35399999999998
3331,Store,North,964.308
3332,Online,North,440.21
3333,Online,North,303.81
3334,Store,North,235.20999999999998
3335,Marketplace,North,535.55
3336,Online,North,680.9350000000001
3337,Store,North,218.94
3338,Online,North,77.29899999999999
3339,Marketplace,East,221.661
3340,Store,East,678.5975
3341,Store,East,835.47
3342,Marketplace,East,768.7600000000001
3343,Online,East,231.12
3344,Store,East,454.48949999999996
3345,Marketplace,West,9.503
3346,Online,West,933.603
3347,Online,West,86.25999999999999
3348,Online,West,792.3530000000001
3349,Marketplace,West,835.329
3350,Online,West,53.271
3351,Online,West,73.66
3352,Marketplace,West,62.61
3353,Marketplace,West,84.44
3354,Store,West,52.1
3355,Store,West,570.76
3356,Store,West,614.98
3357,Online,West,107.7885
3358,Online,West,59.3385
3359,Store,West,227.052
3360,Store,West,125.766
3361,Store,West,2139.41
3362,Store,West,199.139
3363,Store,West,274.80649999999997
3364,Online,West,528.6179999999999
3365,Online,West,106.52
3366,Online,West,485.9364999999999
3367,Store,West,199.32
3368,Marketplace,West,487.122
3369,Store,South,167.12
3370,Online,South,60.912000000000006
3371,Marketplace,South,242.0205
3372,Store,South,760.419
3373,Online,West,588.89
3374,Online,West,540.5
3375,Online,West,69.741
3376,Online,West,662.7
3377,Online,West,157.79
3378,Online,West,2406.75
3379,Online,West,40.284
3380,Online,West,612.51
3381,Online,West,561.8299999999999
3382,Online,West,339.644
3383,Online,West,865.5039999999999
3384,Online,West,435.24
3385,Marketplace,West,542.2
3386,Store,West,337.9435
3387,Store,West,221.8155
3388,Store,West,394.20000000000005
3389,Store,West,760.0899999999999
3390,Online,West,150.40800000000002
3391,Store,West,389.80150000000003
3392,Online,West,44.296
3393,Online,West,260.1
3394,Online,West,163.438
3395,Store,West,116.12799999999999
3396,Store,West,213.028
3397,Store,West,595.0705
3398,Marketplace,West,231.3
3399,Store,West,4.3095
3400,Store,West,461.72849999999994
3401,Store,West,284.1545
3402,Online,North,441.76
3403,Online,North,484.03249999999997
3404,Online,North,130.853
3405,Store,North,264.8505
3406,Online,South,178.2
3407,Store,South,331.16999999999996
3408,Online,South,47.566
3409,Online,South,197.046
3410,Marketplace,East,37.314
3411,Online,East,207.553
3412,Online,East,425.601
3413,Store,East,927.594
3414,Store,East,87.38
3415,Store,East,185.17999999999998
3416,Online,East,1206.83
3417,Store,East,96.14
3418,Online,East,445.58400000000006
3419,Marketplace,East,18.32
3420,Marketplace,East,14.4495
3421,Online,East,41.104000000000006
3422,Store,East,1325.1
3423,Online,East,180.51
3424,Online,East,312.03000000000003
3425,Store,East,93.738
3426,Store,East,1022.8389999999999
3427,Online,East,38.232
3428,Store,South,452.6275
3429,Online,South,134.496
3430,Store,South,60.4
3431,Online,South,25.721
3432,Online,South,201.8845
3433,Online,East,185.6825
3434,Online,East,17.888
3435,Online,East,216.98
3436,Online,East,465.336
3437,Marketplace,East,452.646
3438,Store,East,192.87
3439,Online,East,478.82849999999996
3440,Store,East,104.37
3441,Online,East,819.06
3442,Online,East,25.2705
3443,Store,East,149.51
3444,Online,East,172.125
3445,Online,East,739.0495
3446,Online,East,133.88
3447,Online,East,176.00400000000002
3448,Marketplace,East,355.49
3449,Online,East,141.67000000000002
3450,Store,South,705.9499999999999
3451,Marketplace,South,859.87
3452,Online,South,2115.1
3453,Online,South,1053.116
3454,Store,North,361.301
3455,Store,North,38.649499999999996
3456,Online,North,166.226
3457,Online,North,172.0545
3458,Online,North,325.0
3459,Marketplace,North,459.65
3460,Marketplace,North,341.26
3461,Store,North,31.92
3462,Online,North,166.41600000000003
3463,Marketplace,North,121.1
3464,Online,North,65.86649999999999
3465,Store,North,42.82
3466,Online,North,1511.01
3467,Marketplace,North,170.46
3468,Store,North,66.1555
3469,Store,North,719.3209999999999
3470,Online,North,73.77
3471,Online,North,448.698
3472,Online,North,95.77799999999999
3473,Online,North,895.38
3474,Online,North,10.98
3475,Store,North,295.67
3476,Online,West,154.746
3477,Online,West,101.19399999999999
3478,Online,West,788.2
3479,Online,West,982.4809999999999
3480,Online,West,646.54
3481,Online,West,180.22500000000002
3482,Online,West,179.29
3483,Store,West,84.24600000000001
3484,Online,North,260.15
3485,Store,North,506.25
3486,Store,East,553.62
3487,Online,East,252.06
3488,Online,East,65.076
3489,Online,North,161.37
3490,Online,North,170.76999999999998
3491,Online,North,336.36
3492,Online,North,143.361
3493,Online,North,111.33900000000003
3494,Store,North,33.932
3495,Online,North,61.5
3496,Store,North,441.10799999999995
3497,Marketplace,East,279.29999999999995
3498,Marketplace,East,869.86
3499,Online,East,488.49
3500,Online,East,251.379
3501,Marketplace,East,542.0699999999999
3502,Marketplace,East,520.6800000000001
3503,Online,East,353.4949999999999
3504,Store,East,80.66
3505,Online,East,236.7165
3506,Online,East,124.5165
3507,Store,East,658.17
3508,Online,East,250.02
3509,Online,East,293.34000000000003
3510,Marketplace,East,164.376
3511,Store,East,413.8
3512,Store,East,181.19349999999997
3513,Online,East,325.03999999999996
3514,Store,North,348.6785
3515,Online,North,321.8015
3516,Online,North,501.2485
3517,Online,North,15.968000000000002
3518,Store,North,770.526
3519,Online,North,286.398
3520,Online,North,129.45600000000002
3521,Store,East,343.927
3522,Online,East,765.67
3523,Marketplace,East,196.79
3524,Marketplace,East,334.77
3525,Online,East,57.114000000000004
3526,Online,East,129.8555
3527,Online,East,33.7705
3528,Marketplace,West,380.63
3529,Online,West,91.26
3530,Online,West,515.6525
3531,Online,West,42.736000000000004
3532,Store,West,210.71
3533,Store,West,503.793
3534,Online,West,74.8935
3535,Store,North,755.298
3536,Store,North,341.18999999999994
3537,Online,East,390.6
3538,Store,East,207.86399999999998
3539,Online,East,578.55
3540,Store,South,172.805
3541,Store,South,221.54
3542,Store,South,40.81
3543,Store,South,1100.6415
3544,Online,South,284.563
3545,Marketplace,South,191.44
3546,Online,West,53.26
3547,Online,West,238.3
3548,Marketplace,West,315.23
3549,Store,West,1126.2914999999998
3550,Store,West,374.283
3551,Marketplace,West,93.081
3552,Online,West,280.83000000000004
3553,Store,West,509.69000000000005
3554,Online,West,63.592999999999996
3555,Marketplace,West,268.926
3556,Online,West,16.68
3557,Online,West,303.677
3558,Online,,803.6665
3559,Online,North,55.974000000000004
3560,Online,North,278.57
3561,Online,North,13.856000000000002
3562,Online,North,588.924
3563,Store,North,1113.8315
3564,Online,North,409.63
3565,Store,North,448.659
3566,Online,North,238.149
3567,Online,North,107.68
3568,Store,North,283.84000000000003
3569,Marketplace,North,107.33
3570,Store,North,412.84499999999997
3571,Store,North,312.26
3572,Online,North,1215.1345000000001
3573,Online,North,232.74
3574,Online,North,45.63
3575,Online,North,180.48
3576,Store,North,27.1605
3577,Online,North,179.554
3578,Online,North,240.61599999999999
3579,Store,North,182.5
3580,Online,North,119.74400000000001
3581,Online,North,308.988
3582,Online,West,655.101
3583,Marketplace,West,157.17000000000002
3584,Online,West,103.904
3585,Online,West,1558.69
3586,Store,West,594.5005
3587,Online,West,1112.336
3588,Store,West,594.6
3589,Online,West,45.270999999999994
3590,Online,West,27.9565
3591,Online,West,33.83
3592,Online,West,151.173
3593,Marketplace,West,176.175
3594,Store,West,1828.2655000000002
3595,Store,West,284.31
3596,Store,West,2209.0
3597,Online,West,27.704000000000004
3598,Online,East,250.68
3599,Online,East,39.0
3600,Online,North,62.829
3601,Online,North,704.0799999999999
3602,Online,North,1046.2
3603,Marketplace,East,115.28
3604,Online,East,350.398
3605,Store,East,97.5
3606,Online,East,944.39
3607,Store,East,336.34000000000003
3608,Store,East,297.5935
3609,Online,East,107.53049999999999
3610,Online,East,232.15
3611,Store,East,653.61
3612,Online,West,9.16
3613,Online,West,802.1039999999999
3614,Online,West,251.40449999999998
3615,Online,West,1069.1015
3616,Online,West,56.474
3617,Online,West,868.25
3618,Online,West,174.19199999999998
3619,Store,West,57.18
3620,Store,West,868.2500000000001
3621,Online,West,165.832
3622,Online,West,23.465
3623,Online,West,119.306
3624,Store,West,95.34450000000001
3625,Store,West,157.941
3626,Marketplace,South,771.0400000000001
3627,Online,South,1002.66
3628,Online,South,108.30600000000001
3629,Store,South,274.55
3630,Online,South,167.68
3631,Online,South,46.242000000000004
3632,Online,South,157.403
3633,Online,South,1109.79
3634,Online,South,186.56
3635,Store,South,303.37
3636,Store,South,194.17000000000002
3637,Online,South,1174.6999999999998
3638,Online,South,313.74
3639,Marketplace,South,103.904
3640,Store,South,605.0600000000001
3641,Store,South,33.84
3642,Marketplace,South,621.091
3643,Store,South,142.69799999999998
3644,Online,South,120.636
3645,Marketplace,South,637.1175
3646,Online,South,762.147
3647,Online,North,702.94
3648,Online,North,147.96
3649,Online,North,1360.1955
3650,Store,North,317.15
3651,Store,North,1204.91
3652,Store,North,644.03
3653,Online,East,363.78
3654,Online,East,628.452
3655,Store,East,1206.4950000000001
3656,Store,North,74.273
3657,Store,North,453.99
3658,Store,North,241.04999999999998
3659,Store,North,30.38
3660,Store,North,376.023
3661,Store,North,348.40000000000003
3662,Store,North,637.7
3663,Marketplace,North,65.78
3664,Store,North,655.16
3665,Store,South,1178.35
3666,Online,South,116.16
3667,Store,South,260.58
3668,Store,East,1235.0415
3669,Online,East,58.38400000000001
3670,Online,East,201.134
3671,Store,East,653.0699999999999
3672,Store,East,190.38
3673,Marketplace,East,104.01
3674,Store,East,250.12800000000001
3675,Online,East,419.85999999999996
3676,Marketplace,East,825.43
3677,Marketplace,East,298.836
3678,Online,East,27.981
3679,Online,East,491.49899999999997
3680,Online,East,258.03000000000003
3681,Online,East,48.69
3682,Online,East,180.861
3683,Online,East,348.83
3684,Online,East,57.42
3685,Online,East,39.536
3686,Marketplace,East,496.468
3687,Marketplace,North,213.73000000000002
3688,Online,North,202.38799999999998
3689,Online,South,261.01800000000003
3690,Online,South,192.831
3691,Online,South,75.46
3692,Store,North,276.6155
3693,Online,North,1176.281
3694,Online,North,548.6725
3695,Online,South,47.07
3696,Online,West,401.91999999999996
3697,Marketplace,West,217.87
3698,Online,West,104.32000000000001
3699,Store,West,63.443999999999996
3700,Online,West,121.14
3701,Store,West,580.77
3702,Marketplace,West,158.2
3703,Marketplace,West,560.3100000000001
3704,Online,West,61.02799999999999
3705,Store,West,161.01999999999998
3706,Marketplace,North,10.37
3707,Marketplace,West,824.9229999999999
3708,Online,West,419.71299999999997
3709,Store,North,168.9715
3710,Online,North,164.787
3711,Store,North,907.2199999999999
3712,Marketplace,North,909.468
3713,Online,West,359.52
3714,Marketplace,West,326.0005
3715,Online,West,24.208000000000002
3716,Online,West,38.046
3717,Online,West,515.66
3718,Online,West,1881.84
3719,Store,West,60.57
3720,Online,West,1174.176
3721,Online,West,110.84849999999999
3722,Online,West,254.6855
3723,Online,West,46.342
3724,Online,West,1011.852
3725,Online,West,261.65
3726,Online,West,90.13
3727,Store,West,180.17000000000002
3728,Online,West,812.0
3729,Store,West,428.46000000000004
3730,Marketplace,West,13.82
3731,Store,West,55.05
3732,Online,West,142.1865
3733,Online,West,1143.9129999999998
3734,Marketplace,West,20.1535
3735,Online,West,164.781
3736,Store,West,122.43
3737,Online,North,168.6915
3738,Store,North,1257.14
3739,Store,North,13.4805
3740,Store,North,46.93
3741,Store,West,101.46000000000001
3742,Marketplace,West,1113.525
3743,Online,West,353.23999999999995
3744,Online,West,313.03999999999996
3745,Marketplace,West,210.14100000000002
3746,Online,West,476.09
3747,Store,West,101.52000000000001
3748,Store,West,245.57999999999998
3749,Marketplace,West,339.12
3750,Store,West,86.94
3751,Store,West,79.69
3752,Store,West,277.98
3753,Store,West,178.00699999999998
3754,Store,West,528.9209999999999
3755,Marketplace,West,548.4114999999999
3756,Online,West,24.304000000000002
3757,Online,West,225.06
3758,Marketplace,West,200.72
3759,Marketplace,West,540.38
3760,Marketplace,West,167.481
3761,Store,West,74.273
3762,Store,West,516.876
3763,Online,West,17.32
3764,Store,West,633.61
3765,Online,East,172.938
3766,Store,East,429.15999999999997
3767,Online,North,431.5195
3768,Online,North,149.719
3769,Online,North,53.152
3770,Online,North,14.12
3771,Online,North,671.6899999999999
3772,Online,North,1185.77
3773,Store,North,56.849999999999994
3774,Online,North,612.237
3775,Online,North,185.36399999999998
3776,Store,West,125.8
3777,Online,West,698.28
3778,Store,West,354.24
3779,Marketplace,West,248.0545
3780,Store,West,486.32399999999996
3781,Store,West,548.335
3782,Store,West,517.15
3783,Store,West,860.31
3784,Store,West,251.95999999999998
3785,Online,West,198.76999999999998
3786,Store,West,125.5995
3787,Online,East,296.36
3788,Online,East,1133.54
3789,Marketplace,East,174.35999999999999
3790,Marketplace,East,75.456
3791,Online,East,564.672
3792,Marketplace,East,869.81
3793,Online,East,1059.6355
3794,Store,East,56.474
3795,Online,East,237.58550000000002
3796,Store,East,618.46
3797,Online,South,419.15999999999997
3798,Online,South,344.0995
3799,Online,East,727.326
3800,Marketplace,North,354.672
3801,Online,North,103.496
3802,Online,North,118.73700000000001
3803,Online,East,60.68
3804,Marketplace,North,1460.5395
3805,Store,East,784.341
3806,Online,East,30.472000000000005
3807,Online,East,122.43
3808,Online,West,96.444
3809,Online,West,1754.08
3810,Store,West,90.678
3811,Online,West,453.86
3812,Online,West,593.8695
3813,Online,West,465.70000000000005
3814,Online,West,211.8285
3815,Store,West,121.76
3816,Online,West,1494.9
3817,Online,South,134.04
3818,Store,South,133.96
3819,Online,South,77.49
3820,Online,South,62.478
3821,Online,South,592.914
3822,Marketplace,South,432.42
3823,Online,South,552.1305
3824,Online,South,1452.52
3825,Store,South,1155.86
3826,Online,South,110.74
3827,Online,South,176.256
3828,Marketplace,South,543.2774999999999
3829,Online,South,245.848
3830,Online,South,1191.319
3831,Store,South,28.355999999999998
3832,Store,South,158.26999999999998
3833,Online,East,210.46
3834,Online,East,324.39
3835,Store,East,658.5885000000001
3836,Online,East,116.467
3837,Store,East,86.07
3838,Online,South,793.48
3839,Store,South,739.4100000000001
3840,Online,South,59.142999999999994
3841,Online,South,857.22
3842,Store,South,265.336
3843,Online,South,116.12799999999999
3844,Online,South,670.1144999999999
3845,Store,South,75.8115
3846,Online,South,48.75
3847,Online,South,32.3765
3848,Online,South,48.416000000000004
3849,Online,North,473.47549999999995
3850,Store,North,202.38799999999998
3851,Store,North,24.380000000000003
3852,Online,North,307.56
3853,Store,North,738.97
3854,Marketplace,North,123.41999999999999
3855,Online,North,156.483
3856,Online,North,52.354499999999994
3857,Online,North,136.31
3858,Online,North,438.31
3859,Online,North,34.87
3860,Store,North,525.5635
3861,Marketplace,North,264.8125
3862,Online,North,176.307
3863,Online,North,994.311
3864,Store,North,1085.6200000000001
3865,Online,South,15.57
3866,Online,West,958.9965
3867,Store,West,253.98
3868,Marketplace,West,199.46
3869,Online,West,417.71999999999997
3870,Online,West,217.79999999999998
3871,Online,West,708.849
3872,Marketplace,West,351.74699999999996
3873,Online,West,3318.8700000000003
3874,Store,East,347.19
3875,Store,East,73.87
3876,Online,East,215.36
3877,Store,East,195.88
3878,Store,West,131.73299999999998
3879,Online,West,18.95
3880,Store,West,725.1435
3881,Store,West,78.345
3882,Store,West,16.847
3883,Online,South,587.7
3884,Marketplace,South,16.68
3885,Store,South,279.129
3886,Online,South,47.42
3887,Online,South,477.02
3888,Marketplace,West,369.971
3889,Online,West,182.25
3890,Marketplace,North,104.60999999999999
3891,Online,North,31.076
3892,Online,North,1255.74
3893,Marketplace,North,200.02249999999998
3894,Online,North,12.708
3895,Online,North,27.1605
3896,Online,East,371.85799999999995
3897,Online,East,667.872
3898,Online,East,315.26
3899,Online,East,590.292
3900,Marketplace,East,31.92
3901,Online,East,98.67
3902,Online,East,408.443
3903,Store,East,63.72
3904,Store,West,229.194
3905,Store,North,915.05
3906,Online,North,302.872
3907,Online,East,565.3544999999999
3908,Marketplace,East,491.41
3909,Online,East,208.47599999999997
3910,Store,East,250.5
3911,Store,East,380.2
3912,Online,East,512.52
3913,Online,South,99.16
3914,Online,North,147.07999999999998
3915,Store,North,267.9095
3916,Online,North,285.246
3917,Online,West,623.2855
3918,Online,West,628.1875
3919,Marketplace,West,112.41
3920,Store,North,61.709999999999994
3921,Online,North,12.708
3922,Online,North,442.75500000000005
3923,Online,North,687.105
3924,Online,South,344.88
3925,Marketplace,South,1212.2
3926,Marketplace,South,886.142
3927,Store,West,148.88
3928,Store,West,465.1795
3929,Store,West,668.826
3930,Online,West,1532.988
3931,Store,West,24.3015
3932,Marketplace,West,624.7199999999999
3933,Online,West,233.77
3934,Online,West,507.68999999999994
3935,Online,West,426.06250000000006
3936,Online,West,1798.274
3937,Store,East,151.16
3938,Marketplace,East,297.432
3939,Store,East,1153.8200000000002
3940,Store,East,8.4235
3941,Store,West,404.001
3942,Online,West,101.988
3943,Store,West,19.82
3944,Store,West,291.9445
3945,Online,South,441.7
3946,Online,South,797.232
3947,Online,South,29.601000000000003
3948,Marketplace,South,1930.31
3949,Online,South,265.18
3950,Online,South,444.31200000000007
3951,Store,South,392.5555
3952,Online,South,215.36
3953,Store,South,268.45099999999996
3954,Marketplace,South,750.771
3955,Online,South,555.56
3956,Store,South,357.36
3957,Marketplace,South,107.78
3958,Marketplace,South,42.534
3959,Online,South,529.659
3960,Store,South,159.38
3961,Online,South,1111.4525
3962,Store,West,387.18
3963,Online,West,344.489
3964,Store,West,168.01
3965,Online,West,394.2785
3966,Online,West,163.647
3967,Online,West,75.20400000000001
3968,Marketplace,West,1076.31
3969,Online,West,24.9645
3970,Store,West,315.22
3971,Marketplace,East,796.9799999999999
3972,Online,East,28.907999999999998
3973,Store,East,73.34
3974,Marketplace,North,603.19
3975,Online,North,647.96
3976,Marketplace,North,793.5919999999999
3977,Online,North,352.621
3978,Online,West,238.14000000000001
3979,Online,West,913.5
3980,Online,West,227.88
3981,Online,South,162.0035
3982,Store,South,94.59
3983,Online,South,10.37
3984,Store,North,52.601499999999994
3985,Online,North,273.6095
3986,Marketplace,North,145.76
3987,Online,North,25.695999999999998
3988,Store,North,93.99000000000001
3989,Store,North,491.778
3990,Online,North,61.5
3991,Online,North,103.36
3992,Store,North,1123.3200000000002
3993,Marketplace,North,1037.92
3994,Online,North,364.473
3995,Online,North,135.67000000000002
3996,Online,North,376.73
3997,Online,North,147.441
3998,Online,North,473.433
3999,Marketplace,North,460.2835
4000,Marketplace,North,474.18949999999995
4001,Online,North,176.307
4002,Online,North,625.81
4003,Online,North,246.64
4004,Store,North,807.4200000000001
4005,Online,North,91.14
4006,Online,North,123.63
4007,Store,North,177.98
4008,Store,North,333.8204999999999
4009,Online,North,305.29449999999997
4010,Online,North,681.462
4011,Online,North,187.29000000000002
4012,Online,North,87.23700000000001
4013,Online,East,29.613999999999997
4014,Marketplace,East,536.74
4015,Online,East,456.114
4016,Store,North,418.1
4017,Store,North,762.467
4018,Online,North,29.601000000000003
4019,Online,North,204.31
4020,Store,North,1239.484
4021,Online,North,140.094
4022,Online,North,562.55
4023,Online,North,1169.44
4024,Online,North,59.142999999999994
4025,Store,North,662.456
4026,Marketplace,North,67.66
4027,Online,North,254.70999999999998
4028,Online,North,322.9335
4029,Online,North,292.03
4030,Online,North,214.57
4031,Online,North,1192.858
4032,Online,North,340.731
4033,Online,North,1296.67
4034,Marketplace,North,186.80400000000003
4035,Online,North,471.53000000000003
4036,Online,North,85.176
4037,Online,North,801.0875
4038,Store,North,18.32
4039,Store,North,358.7675
4040,Store,North,516.0
4041,Store,North,290.925
4042,Marketplace,North,1048.97
4043,Store,North,188.52749999999997
4044,Marketplace,North,425.75
4045,Online,North,264.16
4046,Online,North,74.72
4047,Online,North,76.56
4048,Online,North,520.79
4049,Store,North,476.29
4050,Online,North,441.96000000000004
4051,Store,North,287.7
4052,Marketplace,North,386.2
4053,Store,North,264.081
4054,Online,North,147.509
4055,Online,South,22.66
4056,Store,South,292.923
4057,Store,South,804.01
4058,Online,South,274.84
4059,Online,South,236.38500000000002
4060,Store,South,322.78
4061,Store,South,264.8
4062,Store,South,576.27
4063,Online,South,243.37800000000004
4064,Online,South,683.37
4065,Online,South,275.99399999999997
4066,Online,South,276.579
4067,Online,South,1143.3155
4068,Online,South,81.719
4069,Store,South,382.014
4070,Store,South,83.979
4071,Store,South,627.4845
4072,Marketplace,East,60.55
4073,Online,East,2040.79
4074,Online,North,1237.0
4075,Store,North,147.0
4076,Store,North,939.078
4077,Online,North,66.15
4078,Online,North,174.3605
4079,Online,North,428.8965
4080,Online,North,27.18
4081,Store,North,187.62
4082,Marketplace,North,677.1200000000001
4083,Online,North,74.1
4084,Online,East,472.56600000000003
4085,Marketplace,East,304.362
4086,Online,East,54.684
4087,Marketplace,South,329.103
4088,Online,South,28.907999999999998
4089,Marketplace,South,695.286
4090,Online,South,9.044
4091,Marketplace,East,863.78
4092,Online,East,67.35600000000001
4093,Marketplace,North,1647.5700000000002
4094,Online,North,179.39200000000002
4095,Online,North,491.24049999999994
4096,Online,North,779.688
4097,Online,North,489.53999999999996
4098,Online,North,842.3729999999999
4099,Online,North,553.43
4100,Online,North,1085.8069999999998
4101,Store,North,29.639499999999998
4102,Online,North,43.673
4103,Store,North,163.778
4104,Online,North,610.94
4105,Store,North,315.32
4106,Online,West,342.4905
4107,Store,West,731.26
4108,Online,West,337.61699999999996
4109,Online,West,44.768
4110,Online,South,455.25999999999993
4111,Store,South,243.94
4112,Online,South,774.928
4113,Online,South,121.005
4114,Online,South,390.88
4115,Online,South,1140.1399999999999
4116,Online,South,8.512
4117,Online,South,170.905
4118,Store,East,169.82
4119,Online,East,315.67549999999994
4120,Store,East,700.4
4121,Store,East,85.35749999999999
4122,Store,East,350.6165
4123,Online,East,195.6445
4124,Store,East,250.99649999999997
4125,Online,East,597.31
4126,Online,North,297.027
4127,Online,North,109.584
4128,Marketplace,East,67.66
4129,Store,East,474.156
4130,Marketplace,South,831.83
4131,Online,South,520.137
4132,Online,South,295.273
4133,Online,South,82.875
4134,Store,South,301.46999999999997
4135,Store,South,604.3199999999999
4136,Online,South,1576.4695
4137,Online,South,85.2055
4138,Online,South,131.07
4139,Store,South,650.92
4140,Online,South,203.79000000000002
4141,Store,South,450.566
4142,Online,South,589.49
4143,Marketplace,South,701.49
4144,Store,South,357.62
4145,Online,South,242.60000000000002
4146,Online,South,285.38
4147,Online,South,334.59
4148,Online,South,20.1705
4149,Online,South,1011.2040000000001
4150,Online,South,74.72
4151,Store,South,214.88
4152,Online,South,28.907999999999998
4153,Online,South,250.68
4154,Store,South,136.41
4155,Marketplace,South,207.12599999999998
4156,Online,South,78.642
4157,Online,South,67.707
4158,Marketplace,South,332.68999999999994
4159,Store,South,245.01449999999997
4160,Online,South,1623.789
4161,Online,South,703.4844999999999
4162,Marketplace,South,322.563
4163,Marketplace,South,336.4725
4164,Online,South,83.5145
4165,Online,South,606.02
4166,Marketplace,South,747.12
4167,Store,South,125.61
4168,Store,South,441.06
4169,Online,South,113.373
4170,Online,South,740.0015000000001
4171,Online,South,244.2645
4172,Online,South,389.02000000000004
4173,Marketplace,South,526.5495
4174,Store,South,318.342
4175,Store,South,749.52
4176,Marketplace,South,253.1
4177,Online,South,365.619
4178,Online,South,1043.847
4179,Online,South,374.85900000000004
4180,Marketplace,South,871.46
4181,Online,South,295.273
4182,Store,South,272.889
4183,Online,South,52.853
4184,Online,North,708.434
4185,Online,North,784.142
4186,Online,North,844.53
4187,Online,North,165.92
4188,Online,North,329.36
4189,Marketplace,North,181.7
4190,Store,North,1940.13
4191,Online,North,264.77
4192,Online,North,768.9585
4193,Online,North,1331.01
4194,Store,North,901.03
4195,Online,West,487.293
4196,Online,West,455.9715
4197,Online,West,130.152
4198,Online,West,217.4835
4199,Online,West,168.861
4200,Marketplace,West,189.45
4201,Store,West,672.64
4202,Store,North,541.9
4203,Store,North,557.79
4204,Online,North,63.432
4205,Store,North,262.4
4206,Online,North,250.952
4207,Online,West,448.002
4208,Marketplace,West,47.42
4209,Store,West,44.76
4210,Online,West,30.183999999999997
4211,Online,West,46.0
4212,Online,West,44.784
4213,Store,West,296.12
4214,Online,West,190.604
4215,Online,West,1872.78
4216,Store,West,201.89999999999998
4217,Store,North,73.93849999999999
4218,Marketplace,North,811.7280000000001
4219,Store,North,124.57000000000001
4220,Store,North,32.904
4221,Marketplace,North,194.39849999999996
4222,Store,North,250.68
4223,Store,North,706.163
4224,Store,North,657.9224999999999
4225,Online,North,1373.42
4226,Online,North,14.92
4227,Store,North,244.15200000000004
4228,Online,North,241.21
4229,Online,North,51.577999999999996
4230,Store,North,1103.19
4231,Online,North,93.78
4232,Marketplace,North,180.81349999999998
4233,Online,North,2363.6855
4234,Online,West,131.8
4235,Store,West,1144.98
4236,Online,East,235.32
4237,Marketplace,West,428.47
4238,Online,West,56.474
4239,Online,West,235.875
4240,Store,West,373.9
4241,Store,East,171.94
4242,Online,East,52.853
4243,Online,East,325.0995
4244,Online,East,30.186
4245,Online,East,136.656
4246,Store,East,109.71000000000001
4247,Online,East,429.40950000000004
4248,Online,East,486.86
4249,Marketplace,East,433.09
4250,Store,North,225.90900000000002
4251,Marketplace,North,137.173
4252,Online,South,21.357
4253,Store,South,151.056
4254,Online,South,201.816
4255,Marketplace,South,524.53
4256,Online,South,79.13499999999999
4257,Store,South,1440.048
4258,Store,South,297.99
4259,Online,South,144.48299999999998
4260,Store,South,180.07
4261,Store,West,173.59550000000002
4262,Online,North,63.72
4263,Marketplace,North,35.24
4264,Store,North,1160.5500000000002
4265,Store,North,174.0
4266,Marketplace,South,741.096
4267,Online,South,132.88
4268,Online,South,280.57
4269,Store,South,126.92
4270,Online,West,505.799
4271,Online,West,75.378
4272,Online,West,312.516
4273,Online,West,45.951
4274,Online,West,150.756
4275,Online,West,1122.6435000000001
4276,Online,South,345.62
4277,Online,South,168.939
4278,Online,South,19.768
4279,Online,South,1327.7865
4280,Online,South,155.66
4281,Store,South,316.9
4282,Online,South,1031.292
4283,Online,West,466.4375
4284,Store,West,753.111
4285,Online,West,884.466
4286,Store,West,1950.066
4287,Store,South,288.42
4288,Store,South,102.84300000000002
4289,Online,South,250.45000000000002
4290,Online,South,309.298
4291,Online,South,104.37
4292,Online,South,2002.3740000000003
4293,Online,South,450.21
4294,Marketplace,South,472.45550000000003
4295,Online,South,293.8535
4296,Online,North,158.76000000000002
4297,Online,North,845.3969999999999
4298,Online,North,125.511
4299,Online,West,353.21
4300,Online,West,85.97
4301,Online,West,1100.1599999999999
4302,Online,West,130.152
4303,Store,West,209.01
4304,Marketplace,West,1646.6444999999999
4305,Store,West,604.25
4306,Store,West,256.97
4307,Marketplace,West,191.4915
4308,Marketplace,North,285.77
4309,Store,North,599.1700000000001
4310,Online,North,148.22400000000002
4311,Store,North,404.85
4312,Marketplace,North,429.301
4313,Online,North,225.403
4314,Online,North,301.45
4315,Marketplace,North,171.63900000000004
4316,Store,North,14.12
4317,Store,North,259.38
4318,Store,North,33.54
4319,Online,North,7.785
4320,Online,North,147.096
4321,Store,North,150.66
4322,Marketplace,North,92.56
4323,Online,North,545.292
4324,Store,South,310.66999999999996
4325,Store,West,90.94
4326,Online,West,275.96
4327,Online,West,60.94400000000001
4328,Store,West,707.634
4329,Online,West,262.43
4330,Online,West,43.61600000000001
4331,Store,West,1287.1264999999999
4332,Store,West,132.55
4333,Online,East,411.10299999999995
4334,Online,East,251.2
4335,Online,East,274.60699999999997
4336,Store,East,265.39549999999997
4337,Store,West,67.5735
4338,Store,West,832.4599999999999
4339,Online,West,598.8299999999999
4340,Store,West,630.6800000000001
4341,Online,West,336.14
4342,Marketplace,West,371.664
4343,Online,West,848.646
4344,Online,West,125.57
4345,Online,West,915.03
4346,Store,West,745.4174999999999
4347,Online,West,533.0600000000001
4348,Marketplace,West,151.66
4349,Online,West,122.485
4350,Online,West,102.289
4351,Store,East,1188.3935000000001
4352,Online,West,32.13849999999999
4353,Store,West,515.187
4354,Online,West,604.79
4355,Online,West,445.56899999999996
4356,Online,West,285.38
4357,Online,West,181.26
4358,Online,West,134.121
4359,Online,West,268.9655
4360,Store,West,2064.8059999999996
4361,Online,West,136.494
4362,Store,West,966.549
4363,Online,West,537.0469999999999
4364,Marketplace,West,45.47
4365,Store,West,411.706
4366,Online,West,119.592
4367,Marketplace,South,60.876000000000005
4368,Online,North,143.6075
4369,Online,North,739.0260000000001
4370,Store,North,266.445
4371,Marketplace,North,165.312
4372,Online,North,585.24
4373,Online,North,7.928000000000001
4374,Store,North,21.28
4375,Online,North,397.8315
4376,Online,North,147.509
4377,Online,North,889.1
4378,Online,North,30.472000000000005
4379,Online,West,504.56
4380,Store,West,657.19
4381,Online,West,1312.23
4382,Online,West,214.38
4383,Online,West,11.352
4384,Marketplace,West,834.97
4385,Online,West,155.382
4386,Store,South,375.021
4387,Store,South,295.2985
4388,Store,South,77.786
4389,Online,South,486.8465
4390,Store,South,283.52
4391,Store,South,1067.69
4392,Store,South,46.764
4393,Marketplace,South,418.8035
4394,Store,South,264.47999999999996
4395,Online,East,38.99
4396,Store,East,124.3125
4397,Online,East,123.03999999999999
4398,Store,East,235.51
4399,Online,East,24.003999999999998
4400,Online,East,973.17
4401,Store,West,212.66
4402,Marketplace,West,357.782
4403,Store,West,1228.56
4404,Store,North,673.41
4405,Online,North,657.509
4406,Store,North,74.84
4407,Online,North,252.26299999999998
4408,Online,North,158.1765
4409,Marketplace,North,1240.2
4410,Store,North,210.11149999999998
4411,Store,North,193.79999999999998
4412,Store,North,8.4235
4413,Marketplace,North,218.94
4414,Online,North,353.3365
4415,Online,North,14.624000000000002
4416,Online,North,298.9705
4417,Store,North,88.7145
4418,Store,North,445.572
4419,Online,North,64.6425
4420,Online,North,66.83
4421,Online,North,312.056
4422,Store,North,668.0880000000001
4423,Online,North,378.11
4424,Marketplace,North,324.24
4425,Online,South,431.58
4426,Online,South,321.65999999999997
4427,Store,South,526.26
4428,Online,South,583.77
4429,Online,South,419.373
4430,Store,South,321.642
4431,Store,South,313.05
4432,Online,South,75.456
4433,Store,South,742.4399999999999
4434,Online,North,659.826
4435,Online,North,218.115
4436,Store,North,472.6915
4437,Store,North,66.852
4438,Store,North,1391.38
4439,Online,North,40.788000000000004
4440,Online,North,531.441
4441,Online,North,318.546
4442,Store,North,483.65999999999997
4443,Online,East,171.94
4444,Online,East,396.24
4445,Store,East,1265.5529999999999
4446,Online,North,95.132
4447,Store,North,666.7479999999999
4448,Store,North,333.99899999999997
4449,Online,North,237.76
4450,Store,North,466.12
4451,Online,North,402.84000000000003
4452,Online,North,215.99
4453,Store,North,876.46
4454,Store,North,2429.48
4455,Store,North,231.515
4456,Online,North,300.11
4457,Store,North,863.72
4458,Marketplace,North,458.62199999999996
4459,Online,North,217.43599999999998
4460,Marketplace,East,288.42
4461,Online,East,1135.77
4462,Marketplace,South,46.0
4463,Online,South,612.714
4464,Online,South,593.34
4465,Online,South,36.376
4466,Marketplace,South,285.04
4467,Online,South,70.6135
4468,Online,South,456.83000000000004
4469,Online,South,301.69
4470,Store,South,916.0799999999999
4471,Online,South,74.273
4472,Online,South,1331.88
4473,Online,South,614.0160000000001
4474,Online,South,1046.4605
4475,Online,East,351.46
4476,Marketplace,East,145.464
4477,Online,East,36.108
4478,Online,East,612.8499999999999
4479,Marketplace,East,60.4
4480,Marketplace,South,227.59199999999998
4481,Marketplace,South,3060.9605
4482,Online,South,398.07
4483,Marketplace,East,325.72
4484,Store,North,1789.1735
4485,Online,North,368.32000000000005
4486,Online,North,835.53
4487,Store,North,396.42
4488,Store,North,178.125
4489,Online,West,151.411
4490,Online,West,122.43
4491,Online,West,141.867
4492,Online,South,352.75500000000005
4493,Store,South,218.73999999999998
4494,Online,South,405.81
4495,Online,South,350.63
4496,Online,South,147.87699999999998
4497,Online,South,354.3025
4498,Store,South,185.801
4499,Online,South,142.69799999999998
4500,Online,South,598.29
4501,Online,South,116.76800000000001
4502,Marketplace,South,292.76
4503,Online,South,660.688
4504,Online,South,102.996
4505,Online,South,352.4015
4506,Store,South,791.028
4507,Store,South,458.514
4508,Online,South,67.3
4509,Store,South,514.36
4510,Online,South,75.7055
4511,Online,North,318.97800000000007
4512,Marketplace,North,317.1
4513,Online,North,297.99
4514,Online,North,234.878
4515,Marketplace,North,1060.0700000000002
4516,Marketplace,North,26.961
4517,Store,North,247.87
4518,Marketplace,South,297.99
4519,Store,South,117.232
4520,Online,South,30.456000000000003
4521,Store,South,121.5755
4522,Online,South,63.614000000000004
4523,Store,South,699.0099999999999
4524,Store,South,331.59000000000003
4525,Online,South,712.86
4526,Store,South,78.642
4527,Marketplace,South,306.527
4528,Online,South,476.01
4529,Store,North,1511.773
4530,Online,North,1139.1000000000001
4531,Store,North,349.24
4532,Store,North,405.0
4533,Online,North,82.17
4534,Online,North,226.75
4535,Online,North,264.42
4536,Marketplace,North,431.64
4537,Store,North,1600.0484999999999
4538,Store,East,1015.85
4539,Online,East,100.82400000000001
4540,Online,North,776.979
4541,Store,West,692.6735
4542,Online,West,214.26999999999998
4543,Online,West,937.52
4544,Online,West,320.7295
4545,Online,West,440.1
4546,Store,West,285.175
4547,Online,East,242.85
4548,Online,East,925.48
4549,Online,East,338.87
4550,Store,East,336.091
4551,Online,East,46.342
4552,Online,East,488.78
4553,Online,East,60.76
4554,Marketplace,East,1585.2744999999998
4555,Store,East,1701.72
4556,Marketplace,West,835.47
4557,Store,West,1341.951
4558,Marketplace,West,1381.02
4559,Online,West,75.202
4560,Store,West,19.893
4561,Store,West,1131.15
4562,Store,West,143.63
4563,Marketplace,West,575.784
4564,Store,West,332.98749999999995
4565,Marketplace,West,179.99
4566,Online,West,639.045
4567,Store,West,171.4845
4568,Online,South,207.993
4569,Online,South,963.846
4570,Online,South,244.04
4571,Online,South,140.094
4572,Marketplace,South,964.24
4573,Online,South,26.688000000000002
4574,Store,South,448.47
4575,Online,South,869.31
4576,Store,South,811.674
4577,Online,North,1600.6170000000002
4578,Store,East,380.2815
4579,Online,East,52.3
4580,Online,North,2183.1825
4581,Store,North,1385.001
4582,Online,North,285.17999999999995
4583,Store,North,160.73000000000002
4584,Online,West,261.3
4585,Marketplace,West,285.76
4586,Online,West,200.82
4587,Online,West,1409.419
4588,Online,West,49.4615
4589,Store,North,355.80600000000004
4590,Marketplace,North,241.47000000000003
4591,Online,North,78.642
4592,Marketplace,North,1537.41
4593,Online,North,219.22
4594,Online,North,293.36
4595,Online,North,512.47
4596,Online,North,410.6
4597,Online,North,16.992
4598,Online,North,120.94200000000001
4599,Store,North,166.14000000000001
4600,Online,North,150.67000000000002
4601,Online,North,130.65
4602,Store,North,104.0655
4603,Store,North,268.07
4604,Online,North,209.43
4605,Online,North,143.622
4606,Store,North,367.26
4607,Store,North,105.62
4608,Store,North,827.237
4609,Store,North,2020.35
4610,Store,North,376.62300000000005
4611,Store,North,420.92
4612,Online,North,2187.29
4613,Online,North,201.52800000000002
4614,Online,North,118.75
4615,Online,North,50.04
4616,Marketplace,North,89.397
4617,Marketplace,North,269.076
4618,Online,North,593.538
4619,Store,North,602.1500000000001
4620,Store,North,718.73
4621,Online,North,337.6285
4622,Online,North,833.9179999999999
4623,Marketplace,North,99.5265
4624,Marketplace,North,210.29000000000002
4625,Store,North,23.4745
4626,Store,North,407.25
4627,Store,North,385.46000000000004
4628,Marketplace,North,1395.71
4629,Online,North,124.9245
4630,Marketplace,North,616.71
4631,Online,North,87.38
4632,Online,North,1120.74
4633,Store,North,876.35
4634,Marketplace,North,182.11249999999998
4635,Store,North,16.47
4636,Online,North,461.39000000000004
4637,Online,North,360.54449999999997
4638,Online,North,356.265
4639,Store,North,487.82
4640,Store,North,650.4200000000001
4641,Online,North,25.731
4642,Online,North,741.5604999999999
4643,Online,North,97.52000000000001
4644,Store,North,862.8399999999999
4645,Online,North,25.822999999999997
4646,Store,North,775.602
4647,Store,North,149.679
4648,Online,North,193.59
4649,Store,North,385.605
4650,Online,North,267.99
4651,Online,North,700.63
4652,Store,North,399.007
4653,Store,North,584.8
4654,Online,North,1255.329
4655,Marketplace,North,537.6999999999999
4656,Online,North,43.452000000000005
4657,Store,North,510.56100000000004
4658,Store,North,237.40499999999994
4659,Store,North,542.222
4660,Store,North,575.13
4661,Online,North,95.57000000000001
4662,Online,North,370.379
4663,Online,North,231.90449999999998
4664,Store,North,408.85
4665,Marketplace,North,838.2
4666,Store,North,19.261
4667,Online,North,244.58
4668,Store,North,470.33899999999994
4669,Marketplace,North,87.47999999999999
4670,Marketplace,North,10.14
4671,Store,North,742.08
4672,Online,South,453.18
4673,Store,South,305.13300000000004
4674,Online,South,164.78
4675,Store,South,541.26
4676,Store,South,60.95
4677,Online,South,471.1465
4678,Store,South,313.24
4679,Store,South,218.18649999999997
4680,Store,South,323.17999999999995
4681,Online,South,969.8499999999999
4682,Online,South,683.49
4683,Online,South,557.01
4684,Store,South,213.792
4685,Online,South,237.74400000000003
4686,Online,South,161.687
4687,Store,South,130.392
4688,Online,South,181.41
4689,Online,South,774.928
4690,Store,South,122.5
4691,Online,South,756.864
4692,Online,South,344.25
4693,Store,South,60.246
4694,Marketplace,North,1043.253
4695,Store,North,476.95
4696,Online,North,100.62299999999999
4697,Online,North,650.959
4698,Store,North,111.4095
4699,Online,North,388.14
4700,Online,North,160.038
4701,Store,North,367.11
4702,Online,North,308.736
4703,Online,North,1013.364
4704,Online,North,100.82400000000001
4705,Store,North,106.96000000000001
4706,Online,North,10.37
4707,Store,North,255.37
4708,Online,North,156.114
4709,Online,North,250.952
4710,Online,North,392.217
4711,Store,North,807.78
4712,Online,North,341.513
4713,Online,West,767.6475
4714,Online,West,367.84000000000003
4715,Store,West,728.7900000000001
4716,Online,West,450.76
4717,Store,West,237.43
4718,Store,West,525.217
4719,Online,West,109.04
4720,Store,West,157.92000000000002
4721,Store,West,344.92599999999993
4722,Store,West,30.38
4723,Online,East,269.41
4724,Online,East,509.16
4725,Online,East,810.84
4726,Online,East,91.26
4727,Online,South,165.35999999999999
4728,Online,South,21.339000000000002
4729,Store,South,921.8
4730,Online,South,94.36349999999999
4731,Store,South,138.016
4732,Store,South,750.546
4733,Store,West,142.86
4734,Online,West,1560.411
4735,Online,West,118.12450000000001
4736,Store,West,89.964
4737,Marketplace,West,539.63
4738,Online,West,126.0
4739,Store,West,350.56550000000004
4740,Store,West,786.7259999999999
4741,Store,West,7.91
4742,Online,West,809.334
4743,Store,West,796.88
4744,Online,West,521.451
4745,Marketplace,West,378.82800000000003
4746,Marketplace,West,686.9699999999999
4747,Online,West,100.863
4748,Store,West,371.56
4749,Store,West,92.25
4750,Online,West,48.603
4751,Online,West,127.024
4752,Marketplace,West,22.23
4753,Online,West,309.35799999999995
4754,Online,West,117.60000000000001
4755,Marketplace,West,1299.42
4756,Online,West,356.63
4757,Store,West,629.721
4758,Online,West,329.51099999999997
4759,Online,West,340.28100000000006
4760,Marketplace,West,484.74699999999996
4761,Online,West,61.5
4762,Marketplace,West,47.538
4763,Marketplace,West,81.702
4764,Online,West,600.14
4765,Marketplace,West,558.27
4766,Online,West,870.363
4767,Store,West,206.37900000000002
4768,Online,West,244.2475
4769,Store,West,348.363
4770,Store,West,417.62
4771,Store,West,39.1
4772,Online,West,605.744
4773,Store,West,73.14
4774,Online,West,502.87
4775,Online,West,415.95300000000003
4776,Online,West,645.9
4777,Online,West,183.104
4778,Online,West,126.63999999999999
4779,Online,West,1815.67
4780,Online,West,158.73299999999998
4781,Store,South,15.21
4782,Store,South,294.627
4783,Store,South,88.30650000000001
4784,Online,South,36.800000000000004
4785,Store,South,174.54
4786,Online,South,272.1085
4787,Online,South,100.62299999999999
4788,Online,West,799.26
4789,Store,West,185.28
4790,Online,West,44.478
4791,Store,West,241.74900000000002
4792,Store,West,447.6
4793,Online,West,164.5515
4794,Marketplace,South,366.0635
4795,Online,South,24.208000000000002
4796,Store,West,767.55
4797,Store,West,798.9570000000001
4798,Store,West,545.59
4799,Marketplace,North,341.65
4800,Online,North,46.939499999999995
4801,Store,West,410.9325
4802,Online,West,899.4960000000001
4803,Online,West,40.81
4804,Online,West,451.656
4805,Online,West,304.09000000000003
4806,Marketplace,North,1111.53
4807,Store,North,661.716
4808,Online,North,56.38400000000001
4809,Store,East,380.42600000000004
4810,Online,East,549.42
4811,Marketplace,East,439.90999999999997
4812,Store,East,1427.8
4813,Online,East,1498.9320000000002
4814,Online,East,59.87200000000001
4815,Online,East,83.56
4816,Store,East,1236.0069999999998
4817,Store,East,336.804
4818,Online,East,338.0385
4819,Marketplace,East,438.35
4820,Store,East,1733.79
4821,Online,East,347.61
4822,Store,East,104.37
4823,Online,East,2237.8199999999997
4824,Online,East,862.25
4825,Marketplace,East,88.4085
4826,Store,East,586.6800000000001
4827,Store,East,359.865
4828,Online,East,391.289
4829,Store,East,324.468
4830,Online,North,948.006
4831,Online,North,634.8395
4832,Store,North,163.88
4833,Store,North,121.554
4834,Online,North,40.923
4835,Store,North,431.936
4836,Store,North,562.93
4837,Store,North,460.0
4838,Store,North,43.699999999999996
4839,Store,North,277.83000000000004
4840,Online,North,169.98
4841,Online,North,356.4
4842,Online,North,414.93999999999994
4843,Online,North,213.294
4844,Online,North,423.52200000000005
4845,Online,North,55.792
4846,Store,North,90.54199999999999
4847,Store,North,812.4979999999999
4848,Store,North,1437.9279999999999
4849,Store,West,111.92
4850,Store,West,35.598
4851,Online,East,572.418
4852,Online,West,646.9
4853,Store,West,123.25
4854,Store,North,402.44
4855,Online,North,525.9105
4856,Online,North,1373.0
4857,Online,North,172.73000000000002
4858,Store,South,187.51
4859,Marketplace,South,317.91749999999996
4860,Online,South,236.772
4861,Online,South,112.948
4862,Store,South,469.5
4863,Online,South,45.328
4864,Online,South,140.3945
4865,Marketplace,South,266.6935
4866,Online,South,32.89
4867,Marketplace,South,35.82
4868,Marketplace,South,363.19000000000005
4869,Store,South,852.111
4870,Online,South,2324.32
4871,Online,South,62.829
4872,Online,South,1773.94
4873,Online,South,538.713
4874,Online,North,682.9645
4875,Store,North,667.85
4876,Online,North,271.512
4877,Online,North,431.02449999999993
4878,Online,North,502.46999999999997
4879,Store,North,139.298
4880,Marketplace,North,252.01
4881,Store,North,238.32
4882,Online,North,190.116
4883,Online,South,1384.8964999999998
4884,Online,North,194.08499999999998
4885,Online,North,83.844
4886,Online,North,70.395
4887,Store,North,1111.5705
4888,Store,North,476.95
4889,Store,North,74.64
4890,Online,North,567.16
4891,Store,North,229.64000000000001
4892,Online,North,58.374
4893,Store,North,668.28
4894,Online,North,819.9520000000001
4895,Online,North,26.4265
4896,Store,South,86.90400000000001
4897,Online,South,446.5
4898,Online,South,246.04200000000003
4899,Store,South,793.6965
4900,Online,South,58.38400000000001
4901,Marketplace,South,286.45
4902,Online,South,40.307
4903,Online,South,90.78
4904,Online,South,216.3675
4905,Store,South,252.882
4906,Online,South,57.815999999999995
4907,Online,South,440.88
4908,Store,South,282.03
4909,Online,South,4.88
4910,Marketplace,South,573.699
4911,Marketplace,West,679.09
4912,Online,West,1771.55
4913,Marketplace,West,185.022
4914,Online,West,152.24699999999999
4915,Marketplace,North,277.83000000000004
4916,Store,North,1136.88
4917,Store,North,496.58399999999995
4918,Online,North,368.486
4919,Online,North,81.846
4920,Online,North,1215.33
4921,Online,North,141.98399999999998
4922,Store,North,648.14
4923,Online,West,57.11399999999999
4924,Online,West,1346.094
4925,Online,West,531.29
4926,Online,West,313.01099999999997
4927,Online,West,1002.3
4928,Online,West,312.23
4929,Online,West,1537.41
4930,Marketplace,West,59.19
4931,Online,West,529.8389999999999
4932,Online,West,570.98
4933,Online,West,144.84
4934,Store,West,130.65
4935,Store,West,1512.2700000000002
4936,Online,West,123.31800000000001
4937,Store,West,526.66
4938,Store,West,113.54
4939,Store,West,1075.78
4940,Online,West,43.673
4941,Marketplace,West,61.12
4942,Online,West,82.076
4943,Online,West,802.02
4944,Online,West,1717.8159999999998
4945,Store,West,411.6805
4946,Marketplace,West,437.4525
4947,Store,South,261.32
4948,Online,South,19.152
4949,Store,South,165.35
4950,Online,South,679.6700000000001
4951,Store,South,101.52000000000001
4952,Online,South,362.67
4953,Online,South,200.94
4954,Store,South,27.48
4955,Marketplace,South,556.886
4956,Online,South,625.46
4957,Store,East,1023.8219999999999
4958,Online,East,512.297
4959,Online,East,107.104
4960,Store,East,339.87
4961,Online,East,1391.23
4962,Store,East,560.4300000000001
4963,Online,,258.45
4964,Marketplace,,990.6495
4965,Store,,30.324
4966,Online,,32.648
4967,Store,,1790.24
4968,Store,North,241.209
4969,Marketplace,North,309.825
4970,Marketplace,North,1158.3
4971,Store,East,63.76
4972,Store,East,280.858
4973,Store,East,119.19
4974,Online,North,190.8835
4975,Online,North,968.66
4976,Store,North,680.56
4977,Online,North,126.62449999999998
4978,Marketplace,North,20.7
4979,Marketplace,North,176.4
4980,Store,South,93.60900000000001
4981,Online,South,57.815999999999995
4982,Online,South,205.53000000000003
4983,Online,South,182.546
4984,Online,South,362.69
4985,Store,East,233.903
4986,Store,South,1361.565
4987,Online,South,694.0079999999999
4988,Marketplace,South,775.0600000000001
4989,Online,South,10.062
4990,Online,South,227.183
4991,Online,South,1330.8500000000001
4992,Store,West,654.73
4993,Online,West,198.288
4994,Store,West,744.6870000000001
4995,Marketplace,West,277.98
4996,Store,West,204.57999999999998
4997,Store,West,242.25
4998,Store,West,24.003999999999998
4999,Online,West,803.34
5000,Store,West,502.11
5001,Online,West,1039.6100000000001
5002,Marketplace,West,410.94
5003,Store,West,528.846
5004,Online,West,1068.7
5005,Online,West,214.251
5006,Online,West,282.93
5007,Store,West,285.08149999999995
5008,Online,West,216.59
5009,Online,North,140.49
5010,Online,North,322.658
5011,Online,North,28.747
5012,Online,North,122.35
5013,Online,North,121.14
5014,Marketplace,North,212.7
5015,Store,North,627.975
5016,Online,North,167.3055
5017,Online,West,158.481
5018,Store,West,457.461
5019,Store,West,359.62649999999996
5020,Store,West,366.80449999999996
5021,Online,West,111.0525
5022,Online,West,348.327
5023,Online,West,107.104
5024,Store,West,718.67
5025,Online,West,623.3580000000001
5026,Store,West,1021.7535
5027,Marketplace,West,450.85
5028,Store,West,65.52900000000001
5029,Store,West,199.73999999999998
5030,Online,West,767.772
5031,Marketplace,West,59.142999999999994
5032,Online,West,824.3
5033,Online,West,336.36
5034,Store,West,280.87
5035,Online,West,59.278999999999996
5036,Online,West,236.075
5037,Online,West,236.91
5038,Marketplace,West,56.474
5039,Online,West,168.24
5040,Store,West,539.28
5041,Store,West,708.3399999999999
5042,Store,West,390.8895
5043,Online,West,71.514
5044,Online,North,293.726
5045,Store,North,781.704
5046,Store,North,1366.252
5047,Store,North,937.4760000000001
5048,Marketplace,East,278.6825
5049,Store,West,36.57
5050,Online,West,78.0
5051,Store,West,335.95799999999997
5052,Store,West,328.99
5053,Online,West,1764.929
5054,Store,West,228.06
5055,Online,West,50.04
5056,Store,West,298.28
5057,Store,West,1254.82
5058,Online,West,882.949
5059,Online,West,222.79200000000003
5060,Marketplace,West,49.42
5061,Online,West,124.066
5062,Marketplace,East,499.14000000000004
5063,Online,East,161.8825
5064,Store,East,19.96
5065,Marketplace,East,781.5899999999999
5066,Online,East,79.344
5067,Online,East,374.9745
5068,Online,East,148.76049999999998
5069,Online,East,726.309
5070,Online,East,1499.2469999999998
5071,Store,East,871.48
5072,Store,East,638.469
5073,Online,East,800.4
5074,Online,East,965.277
5075,Online,East,182.666
5076,Online,North,210.4005
5077,Online,North,336.82
5078,Online,West,235.3395
5079,Online,West,102.76
5080,Store,North,344.96999999999997
5081,Store,East,475.98
5082,Online,East,1132.3049999999998
5083,Store,East,222.15749999999997
5084,Store,East,242.91
5085,Online,East,816.3600000000001
5086,Online,East,531.61
5087,Store,East,429.60900000000004
5088,Online,East,484.78999999999996
5089,Store,East,215.71299999999997
5090,Store,North,407.23499999999996
5091,Online,North,15.538
5092,Marketplace,North,375.86
5093,Store,North,518.067
5094,Online,North,149.0985
5095,Store,North,76.42
5096,Online,North,22.36
5097,Online,East,531.78
5098,Store,East,489.83000000000004
5099,Online,East,122.49600000000001
5100,Online,East,642.97
5101,Marketplace,East,1718.2900000000002
5102,Marketplace,East,110.74
5103,Online,East,444.76800000000003
5104,Store,East,1868.73
5105,Online,West,1120.88
5106,Online,West,63.299499999999995
5107,Online,West,118.26
5108,Online,West,567.5799999999999
5109,Marketplace,West,203.58499999999998
5110,Online,West,41.4
5111,Online,West,122.43
5112,Online,West,555.764
5113,Online,West,880.0899999999999
5114,Store,West,1435.76
5115,Online,West,770.9499999999999
5116,Online,West,60.95
5117,Store,East,968.66
5118,Online,East,126.03
5119,Online,East,450.33299999999997
5120,Online,East,155.538
5121,Store,East,2636.4700000000003
5122,Online,East,329.35499999999996
5123,Store,East,734.38
5124,Marketplace,East,121.28
5125,Store,East,142.196
5126,Online,East,143.34
5127,Store,East,460.62
5128,Store,East,70.128
5129,Online,East,814.7675
5130,Online,East,797.1700000000001
5131,Online,East,289.86
5132,Online,East,674.557
5133,Online,East,151.65800000000002
5134,Online,East,50.364000000000004
5135,Online,East,964.3900000000001
5136,Online,East,1917.74
5137,Online,East,997.1605000000001
5138,Online,East,426.4705
5139,Store,North,319.22849999999994
5140,Store,North,918.1099999999999
5141,Online,North,200.94
5142,Online,North,364.65999999999997
5143,Online,North,52.866
5144,Online,North,553.176
5145,Online,North,126.03
5146,Marketplace,North,245.04
5147,Store,North,101.47999999999999
5148,Store,North,98.8095
5149,Online,North,180.02700000000002
5150,Store,West,1167.7969999999998
5151,Online,West,107.68
5152,Online,West,403.79999999999995
5153,Store,West,68.46
5154,Online,West,19.152
5155,Store,West,1680.9585000000002
5156,Online,West,178.794
5157,Online,West,149.92000000000002
5158,Online,West,246.95
5159,Marketplace,West,292.91
5160,Store,West,103.89000000000001
5161,Online,West,531.563
5162,Store,West,368.46700000000004
5163,Marketplace,West,978.2800000000001
5164,Store,West,421.38
5165,Online,West,40.788000000000004
5166,Online,West,918.2414999999999
5167,Online,West,751.43
5168,Store,West,37.47
5169,Online,West,74.11200000000001
5170,Online,West,228.384
5171,Marketplace,West,88.11
5172,Store,West,306.64
5173,Store,West,545.3855
5174,Marketplace,North,273.94
5175,Online,North,1007.403
5176,Online,North,27.1605
5177,Online,North,223.67000000000002
5178,Online,South,797.53
5179,Online,South,250.64100000000002
5180,Marketplace,South,1010.87
5181,Store,East,1196.57
5182,Marketplace,East,268.22
5183,Online,East,126.32
5184,Online,East,455.58
5185,Store,East,2080.7185
5186,Online,East,584.54
5187,Online,East,362.45349999999996
5188,Online,East,393.07
5189,Online,East,766.3199999999999
5190,Store,East,83.52
5191,Online,South,129.67000000000002
5192,Marketplace,South,242.85
5193,Store,South,607.5
5194,Online,South,120.34
5195,Store,South,258.9
5196,Online,South,241.009
5197,Online,North,987.1650000000001
5198,Online,North,623.6025
5199,Store,West,523.1365
5200,Store,South,176.00400000000002
5201,Store,South,1033.141
5202,Online,South,478.22999999999996
5203,Store,South,1007.48
5204,Online,South,743.5
5205,Store,South,554.65
5206,Online,South,79.38000000000001
5207,Online,West,248.8525
5208,Marketplace,West,145.45449999999997
5209,Store,South,482.79999999999995
5210,Online,South,212.94
5211,Online,South,135.643
5212,Online,South,523.737
5213,Online,South,909.3330000000001
5214,Store,South,510.03599999999994
5215,Store,South,242.539
5216,Store,South,403.86899999999997
5217,Online,South,215.36
5218,Store,South,370.5
5219,Online,South,819.077
5220,Store,South,1915.44
5221,Online,South,44.296
5222,Store,South,379.47
5223,Online,South,114.41
5224,Online,South,27.48
5225,Store,South,888.4300000000001
5226,Online,South,370.90999999999997
5227,Online,West,344.437
5228,Marketplace,West,437.82
5229,Marketplace,West,640.03
5230,Online,West,139.43699999999998
5231,Online,West,148.96
5232,Store,West,554.1445
5233,Online,West,50.311499999999995
5234,Online,South,715.2
5235,Store,South,99.4925
5236,Store,South,155.53
5237,Store,South,370.91
5238,Store,South,718.74
5239,Online,South,37.9
5240,Store,South,113.427
5241,Online,South,423.67
5242,Store,South,358.69
5243,Marketplace,South,640.41
5244,Online,South,1347.453
5245,Online,South,965.4045
5246,Online,South,319.82
5247,Online,South,165.936
5248,Online,South,513.88
5249,Online,South,30.456000000000003
5250,Marketplace,South,136.344
5251,Store,South,236.18
5252,Marketplace,South,456.342
5253,Online,South,31.311
5254,Online,South,160.93
5255,Store,South,154.404
5256,Store,South,52.3
5257,Store,South,789.31
5258,Online,South,681.3900000000001
5259,Store,South,156.7405
5260,Online,South,201.816
5261,Store,South,213.146
5262,Online,South,195.15849999999998
5263,Marketplace,South,330.741
5264,Online,South,27.064
5265,Store,South,93.27
5266,Online,South,470.73
5267,Online,South,82.3935
5268,Online,North,802.6455
5269,Online,North,518.0600000000001
5270,Marketplace,North,631.19
5271,Online,North,1701.72
5272,Online,North,331.70000000000005
5273,Online,North,374.699
5274,Marketplace,North,509.84000000000003
5275,Store,West,401.9565
5276,Online,West,436.46
5277,Marketplace,West,1210.1574999999998
5278,Online,West,416.385
5279,Online,West,436.962
5280,Marketplace,West,417.4965
5281,Online,West,18.28
5282,Marketplace,West,312.88
5283,Online,West,197.59949999999998
5284,Online,West,203.2095
5285,Online,West,173.46
5286,Online,West,24.732
5287,Online,North,211.12
5288,Online,North,128.911
5289,Online,North,1291.32
5290,Store,North,193.86
5291,Store,North,411.03
5292,Online,East,161.481
5293,Store,East,1162.12
5294,Online,East,110.74
5295,Online,East,1048.6025
5296,Online,East,499.752
5297,Online,East,236.70000000000002
5298,Store,East,212.30599999999998
5299,Store,East,69.92949999999999
5300,Marketplace,East,529.131
5301,Online,East,200.0
5302,Store,East,605.349
5303,Store,East,102.76
5304,Online,East,55.913
5305,Online,North,25.822999999999997
5306,Marketplace,North,226.576
5307,Store,North,753.99
5308,Marketplace,North,555.597
5309,Store,North,478.45000000000005
5310,Online,East,728.55
5311,Online,South,478.64
5312,Store,South,242.85
5313,Marketplace,South,1502.5674999999999
5314,Marketplace,South,103.7495
5315,Store,South,220.5
5316,Online,South,14.238000000000001
5317,Online,East,584.6579999999999
5318,Online,East,628.452
5319,Online,East,388.40999999999997
5320,Marketplace,North,1171.6799999999998
5321,Online,North,403.019
5322,Marketplace,North,723.639
5323,Marketplace,North,194.06
5324,Online,North,615.213
5325,Online,North,69.0115
5326,Online,West,422.48
5327,Store,West,94.78999999999999
5328,Store,West,79.68
5329,Online,West,835.596
5330,Online,West,220.5
5331,Store,West,214.938
5332,Online,East,792.89
5333,Store,East,569.874
5334,Online,East,310.338
5335,Online,East,236.28300000000002
5336,Store,East,415.674
5337,Online,East,9.126000000000001
5338,Online,East,109.0125
5339,Store,East,1485.6570000000002
5340,Online,East,83.07
5341,Store,East,42.48
5342,Online,West,302.53
5343,Marketplace,West,380.477
5344,Marketplace,West,547.428
5345,Marketplace,West,59.88
5346,Online,West,338.07
5347,Store,West,150.64549999999997
5348,Marketplace,,1066.25
5349,Store,,290.79
5350,Online,,64.296
5351,Store,,1122.9189999999999
5352,Store,,380.46000000000004
5353,Store,South,229.52
5354,Online,South,556.4100000000001
5355,Online,South,405.289
5356,Online,South,324.99
5357,Online,South,29.248000000000005
5358,Marketplace,South,707.9019999999999
5359,Online,South,174.231
5360,Online,South,473.433
5361,Store,South,620.7635
5362,Online,South,1377.27
5363,Online,South,1426.81
5364,Online,South,319.77
5365,Online,South,291.8
5366,Online,South,242.28
5367,Online,South,276.39
5368,Store,South,504.03
5369,Store,South,145.384
5370,Online,South,29.639499999999998
5371,Online,North,1682.6684999999998
5372,Store,North,9.16
5373,Marketplace,North,405.39
5374,Online,North,157.83299999999997
5375,Store,North,291.40549999999996
5376,Online,North,105.66400000000002
5377,Online,North,37.0785
5378,Online,North,165.024
5379,Marketplace,North,581.25
5380,Marketplace,North,292.25
5381,Marketplace,North,430.15000000000003
5382,Online,North,711.603
5383,Online,North,245.848
5384,Store,North,330.7775
5385,Online,North,413.63100000000003
5386,Online,North,830.79
5387,Online,North,79.648
5388,Online,North,74.97
5389,Online,North,1115.631
5390,Online,North,255.68
5391,Online,North,39.808
5392,Store,North,226.28
5393,Store,North,674.568
5394,Online,North,462.344
5395,Store,South,533.311
5396,Online,South,1462.2975000000001
5397,Online,South,559.422
5398,Store,North,247.2945
5399,Online,North,900.0735
5400,Online,North,154.14000000000001
5401,Online,North,106.46000000000001
5402,Online,North,1143.801
5403,Online,North,785.3935
5404,Online,North,724.26
5405,Marketplace,North,383.86
5406,Online,North,570.554
5407,Online,North,196.956
5408,Marketplace,North,268.34
5409,Store,North,602.68
5410,Marketplace,North,1124.28
5411,Online,North,1101.21
5412,Marketplace,South,521.0414999999999
5413,Online,North,603.19
5414,Online,North,73.65
5415,Online,North,51.38
5416,Online,North,246.63
5417,Store,North,227.35
5418,Marketplace,North,814.3019999999999
5419,Store,East,408.64
5420,Store,East,368.47
5421,Online,East,19.116
5422,Store,East,186.337
5423,Store,East,1119.15
5424,Online,East,1867.6795000000002
5425,Online,East,462.68
5426,Online,East,211.60999999999999
5427,Store,East,236.115
5428,Online,East,66.717
5429,Marketplace,East,215.98
5430,Online,South,17.055
5431,Online,South,100.72800000000001
5432,Store,South,173.46
5433,Store,South,53.397000000000006
5434,Marketplace,South,111.2355
5435,Store,South,1134.48
5436,Marketplace,East,201.18649999999997
5437,Online,East,47.42
5438,Online,East,277.56899999999996
5439,Online,East,491.24049999999994
5440,Online,West,149.85
5441,Online,West,173.53
5442,Online,West,677.7
5443,Online,South,71.424
5444,Online,South,436.6675
5445,Online,South,336.02
5446,Store,West,354.51
5447,Online,West,397.52
5448,Store,West,349.14
5449,Online,West,250.64100000000002
5450,Store,West,458.252
5451,Online,West,534.9475
5452,Store,West,185.364
5453,Online,West,642.74
5454,Store,West,1946.721
5455,Online,West,373.116
5456,Store,West,186.09
5457,Store,West,207.655
5458,Online,West,928.2169999999999
5459,Online,West,637.092
5460,Online,West,284.21000000000004
5461,Online,West,124.5165
5462,Marketplace,West,85.77
5463,Online,North,70.48
5464,Online,North,69.416
5465,Online,North,442.602
5466,Store,North,1272.6675
5467,Store,South,253.04
5468,Store,South,331.79749999999996
5469,Marketplace,South,41.078
5470,Online,South,922.446
5471,Online,South,228.304
5472,Store,South,146.25
5473,Store,South,63.699
5474,Store,South,358.6
5475,Online,South,149.44
5476,Marketplace,South,386.32
5477,Online,South,734.76
5478,Store,South,293.87899999999996
5479,Marketplace,South,154.40249999999997
5480,Online,South,653.61
5481,Online,South,275.85
5482,Store,South,120.68
5483,Store,South,215.13
5484,Online,North,352.69
5485,Store,North,946.5570000000001
5486,Store,North,895.2
5487,Online,North,71.026
5488,Online,North,174.19199999999998
5489,Online,North,173.11
5490,Store,North,273.8565
5491,Online,North,11.18
5492,Marketplace,North,764.9404999999999
5493,Store,North,105.21
5494,Online,North,71.424
5495,Store,North,36.004999999999995
5496,Online,North,321.4135
5497,Online,North,444.1335
5498,Online,North,83.78999999999999
5499,Online,North,851.22
5500,Online,North,21.28
5501,Online,East,24.71
5502,Online,East,419.86
5503,Online,East,886.329
5504,Store,East,244.62
5505,Store,North,367.8205
5506,Store,North,48.75
5507,Online,North,25.416
5508,Online,West,342.13349999999997
5509,Online,West,308.822
5510,Online,West,1819.26
5511,Online,West,183.74
5512,Store,West,150.88
5513,Online,West,75.492
5514,Online,West,630.342
5515,Store,West,81.6715
5516,Online,West,540.306
5517,Online,West,1856.961
5518,Online,West,795.27
5519,Online,West,1248.471
5520,Store,West,238.17000000000002
5521,Marketplace,West,705.6694999999999
5522,Online,West,48.078
5523,Online,West,1631.682
5524,Store,East,1940.29
5525,Online,West,200.60999999999999
5526,Store,West,1880.3445
5527,Online,West,190.604
5528,Online,West,502.443
5529,Store,West,461.46000000000004
5530,Online,West,185.487
5531,Online,West,314.83000000000004
5532,Online,West,55.96
5533,Online,West,284.84000000000003
5534,Online,West,487.61
5535,Online,West,281.061
5536,Store,West,105.381
5537,Store,West,2166.7264999999998
5538,Online,West,215.36
5539,Online,West,15.82
5540,Online,West,369.113
5541,Online,West,290.83
5542,Online,West,851.47
5543,Store,West,163.343
5544,Online,West,64.753
5545,Online,West,498.32
5546,Online,East,136.899
5547,Store,East,270.17
5548,Marketplace,East,262.79100000000005
5549,Online,East,27.675
5550,Store,East,91.827
5551,Online,East,517.0754999999999
5552,Online,East,655.6949999999999
5553,Online,West,1560.411
5554,Marketplace,West,615.357
5555,Marketplace,West,28.59
5556,Online,West,593.23
5557,Online,West,32.214999999999996
5558,Store,North,356.022
5559,Store,North,441.354
5560,Online,North,706.9590000000001
5561,Online,North,53.230000000000004
5562,Store,North,74.94
5563,Online,North,120.09
5564,Store,North,548.08
5565,Store,North,279.29999999999995
5566,Online,North,1455.33
5567,Online,North,531.8535
5568,Store,North,546.652
5569,Online,East,1861.9199999999998
5570,Store,East,360.43949999999995
5571,Store,East,920.6600000000001
5572,Store,East,27.9565
5573,Online,East,942.191
5574,Store,East,53.42
5575,Marketplace,East,56.849999999999994
5576,Store,East,439.79999999999995
5577,Online,North,1081.176
5578,Store,North,87.88
5579,Store,North,582.0745
5580,Marketplace,North,605.268
5581,Store,North,94.97999999999999
5582,Marketplace,North,1176.1194999999998
5583,Online,North,105.62
5584,Online,North,266.56
5585,Store,North,10.14
5586,Store,North,111.4095
5587,Online,North,139.4255
5588,Store,North,95.8455
5589,Online,North,85.176
5590,Marketplace,North,77.29899999999999
5591,Store,West,736.53
5592,Online,West,560.38
5593,Online,West,41.6415
5594,Online,East,2860.96
5595,Online,East,69.552
5596,Marketplace,North,542.83
5597,Store,North,174.70050000000003
5598,Online,North,186.399
5599,Online,North,284.36
5600,Store,North,183.21699999999998
5601,Online,North,69.904
5602,Online,North,201.47549999999998
5603,Online,North,1740.7000000000003
5604,Store,North,244.83
5605,Store,North,383.60999999999996
5606,Store,North,413.469
5607,Online,North,277.36199999999997
5608,Store,North,132.311
5609,Online,North,210.3965
5610,Online,North,41.84
5611,Online,North,475.69
5612,Marketplace,North,239.53
5613,Store,North,1531.56
5614,Online,North,579.0600000000001
5615,Store,South,292.562
5616,Store,South,250.64100000000002
5617,Online,South,512.4014999999999
5618,Marketplace,South,1099.254
5619,Online,South,151.66
5620,Store,South,674.415
5621,Marketplace,South,610.44
5622,Store,South,204.67749999999998
5623,Online,South,286.17
5624,Marketplace,South,431.4699999999999
5625,Online,East,78.06
5626,Marketplace,East,1119.062
5627,Online,East,217.98000000000002
5628,Online,East,898.76
5629,Marketplace,East,375.7
5630,Online,East,396.24
5631,Online,East,1500.1225000000002
5632,Online,East,86.77
5633,Online,East,170.697
5634,Online,East,94.248
5635,Online,East,140.4115
5636,Online,North,280.06
5637,Store,North,377.52
5638,Online,North,1412.2499999999998
5639,Online,North,611.58
5640,Store,North,162.459
5641,Online,North,670.9185
5642,Store,North,1113.0700000000002
5643,Online,North,114.22800000000001
5644,Online,North,360.604
5645,Store,North,319.219
5646,Online,North,55.007999999999996
5647,Online,North,61.12
5648,Online,North,427.85999999999996
5649,Store,North,60.76
5650,Online,North,301.27
5651,Online,North,344.62
5652,Store,North,1706.7
5653,Online,North,37.936
5654,Online,North,1212.04
5655,Marketplace,North,242.25
5656,Online,North,402.9615
5657,Store,North,528.79
5658,Online,West,698.48
5659,Marketplace,North,863.3700000000001
5660,Store,North,86.77
5661,Online,North,357.28
5662,Online,North,62.44800000000001
5663,Online,North,1412.748
5664,Store,North,343.63800000000003
5665,Store,North,1257.3600000000001
5666,Online,North,303.87
5667,Online,West,183.609
5668,Online,West,465.29100000000005
5669,Online,West,94.14
5670,Online,East,213.807
5671,Online,East,372.18
5672,Online,East,39.92
5673,Online,East,107.68
5674,Marketplace,East,519.7735
5675,Store,East,225.252
5676,Marketplace,East,130.31
5677,Online,East,33.957
5678,Online,South,404.15
5679,Online,South,1135.77
5680,Online,South,294.73
5681,Online,South,22.392
5682,Marketplace,South,254.457
5683,Online,South,355.99500000000006
5684,Online,South,656.2260000000001
5685,Store,South,142.006
5686,Online,South,395.618
5687,Online,South,169.98
5688,Store,South,377.21299999999997
5689,Store,South,1029.6989999999998
5690,Online,South,97.98
5691,Store,North,96.35999999999999
5692,Online,North,62.169
5693,Online,North,76.56
5694,Store,North,239.82
5695,Online,North,1099.951
5696,Online,North,1010.5600000000001
5697,Store,East,35.127
5698,Online,East,464.56
5699,Online,East,336.73600000000005
5700,Online,East,1228.02
5701,Online,East,96.88
5702,Online,East,339.188
5703,Store,East,1247.886
5704,Online,East,1197.8539999999998
5705,Online,East,158.764
5706,Online,East,78.15
5707,Online,East,402.82
5708,Store,East,432.37800000000004
5709,Marketplace,East,216.11249999999995
5710,Store,East,326.84000000000003
5711,Online,North,115.632
5712,Online,North,130.68
5713,Store,North,253.20600000000002
5714,Online,North,664.04
5715,Store,North,373.94
5716,Online,North,491.67999999999995
5717,Marketplace,North,30.38
5718,Online,North,215.135
5719,Marketplace,East,160.34099999999998
5720,Online,East,104.75399999999999
5721,Online,East,410.86549999999994
5722,Store,East,87.23700000000001
5723,Online,East,103.36
5724,Online,East,183.35999999999999
5725,Marketplace,East,139.725
5726,Marketplace,East,176.94
5727,Store,East,432.1
5728,Online,East,595.89
5729,Online,East,71.13
5730,Online,West,566.2099999999999
5731,Online,West,252.06
5732,Store,West,454.14649999999995
5733,Online,West,605.3115
5734,Online,West,357.782
5735,Online,West,32.214999999999996
5736,Online,South,9.16
5737,Store,South,554.4125
5738,Online,South,46.992000000000004
5739,Online,South,190.842
5740,Online,South,301.824
5741,Store,South,772.22
5742,Online,South,438.98249999999996
5743,Online,South,179.388
5744,Online,South,33.1755
5745,Marketplace,South,626.7625
5746,Online,South,208.3265
5747,Online,South,143.622
5748,Store,South,313.64
5749,Store,South,200.82
5750,Store,South,561.04
5751,Store,South,21.526999999999997
5752,Online,South,373.97700000000003
5753,Online,South,801.36
5754,Store,South,443.581
5755,Online,South,422.721
5756,Online,South,203.29999999999998
5757,Store,South,27.675
5758,Marketplace,,48.75
5759,Online,,74.273
5760,Store,,106.84
5761,Online,,35.928000000000004
5762,Online,East,152.523
5763,Online,East,1562.4630000000002
5764,Store,East,114.63
5765,Store,East,221.34599999999998
5766,Online,East,1164.22
5767,Store,East,184.56
5768,Online,East,143.65
5769,Marketplace,East,157.83299999999997
5770,Store,West,146.25
5771,Marketplace,West,397.25
5772,Online,West,836.0854999999999
5773,Online,West,13.344000000000001
5774,Online,West,346.815
5775,Online,West,63.432
5776,Online,West,309.744
5777,Online,West,216.56
5778,Marketplace,South,426.8
5779,Online,South,257.5925
5780,Store,South,617.8679999999999
5781,Store,South,596.88
5782,Online,North,181.06
5783,Online,North,280.58000000000004
5784,Online,North,17.3
5785,Online,North,986.4505
5786,Online,South,242.28
5787,Store,South,1203.06
5788,Store,West,398.034
5789,Online,West,70.6095
5790,Marketplace,West,317.407
5791,Marketplace,West,520.5654999999999
5792,Online,West,381.42900000000003
5793,Store,West,382.72
5794,Online,West,422.06399999999996
5795,Store,West,1478.067
5796,Online,West,79.36
5797,Store,West,223.03999999999996
5798,Store,West,305.94599999999997
5799,Online,West,377.74
5800,Online,West,113.5685
5801,Store,West,62.9945
5802,Online,West,64.86
5803,Online,North,329.103
5804,Store,North,303.56
5805,Online,North,34.11
5806,Store,North,199.082
5807,Online,North,182.31
5808,Store,North,793.23
5809,Online,North,428.41
5810,Store,North,132.08
5811,Store,North,412.19
5812,Online,South,9.91
5813,Store,South,2052.4525000000003
5814,Online,North,121.28649999999999
5815,Store,North,201.89999999999998
5816,Online,North,293.216
5817,Online,North,911.01
5818,Store,North,65.86649999999999
5819,Online,North,512.8389999999999
5820,Online,North,163.077
5821,Marketplace,North,50.7
5822,Store,North,913.223
5823,Online,North,1762.42
5824,Online,North,570.76
5825,Online,North,326.128
5826,Online,North,110.74
5827,Store,North,242.32
5828,Online,West,413.23
5829,Store,West,642.2199999999999
5830,Online,West,1077.6215
5831,Online,West,553.42
5832,Online,West,29.571499999999997
5833,Marketplace,West,499.08599999999996
5834,Online,North,164.9
5835,Store,North,717.8489999999999
5836,Store,North,114.27000000000001
5837,Store,North,541.34
5838,Online,North,319.16
5839,Online,North,59.87200000000001
5840,Online,North,3427.3500000000004
5841,Online,North,677.11
5842,Store,North,651.8299999999999
5843,Marketplace,East,1360.43
5844,Marketplace,East,847.05
5845,Store,South,702.8955
5846,Online,South,703.3100000000001
5847,Store,South,253.36
5848,Store,South,592.93
5849,Online,South,153.824
5850,Store,South,559.5899999999999
5851,Store,South,23.71
5852,Store,South,81.6715
5853,Online,East,1011.3
5854,Marketplace,East,876.9870000000001
5855,Store,East,582.44
5856,Marketplace,East,1102.9
5857,Store,West,24.71
5858,Online,West,31.311
5859,Store,West,324.596
5860,Online,West,13.447
5861,Store,East,307.84000000000003
5862,Store,North,1681.2500000000002
5863,Online,North,1307.73
5864,Store,North,312.1035
5865,Online,North,1138.932
5866,Store,North,9.044
5867,Online,North,476.94
5868,Online,North,198.45000000000002
5869,Marketplace,North,142.69799999999998
5870,Store,North,826.101
5871,Online,North,997.79
5872,Online,North,113.79799999999999
5873,Store,North,106.84
5874,Online,East,167.713
5875,Online,East,51.1445
5876,Store,East,139.62
5877,Online,East,319.74
5878,Online,East,170.43200000000002
5879,Online,North,51.38
5880,Online,North,694.989
5881,Marketplace,North,182.529
5882,Marketplace,North,148.87449999999998
5883,Online,North,327.17
5884,Online,North,523.77
5885,Online,North,1040.274
5886,Online,North,168.67
5887,Online,North,688.0799999999999
5888,Store,North,213.792
5889,Marketplace,West,180.861
5890,Online,West,389.42999999999995
5891,Online,West,667.413
5892,Store,West,420.21000000000004
5893,Store,West,191.80499999999998
5894,Online,West,264.16
5895,Store,West,601.28
5896,Marketplace,West,474.52
5897,Online,West,457.776
5898,Store,North,193.79999999999998
5899,Online,North,86.73
5900,Store,North,96.33
5901,Store,North,439.95
5902,Online,North,674.519
5903,Online,North,152.7695
5904,Marketplace,North,192.39000000000001
5905,Store,North,58.69
5906,Online,North,145.60500000000002
5907,Online,North,630.6955
5908,Store,North,260.06
5909,Online,North,114.30000000000001
5910,Store,North,541.4
5911,Store,North,1043.16
5912,Store,North,1428.75
5913,Store,West,700.27
5914,Online,East,178.891
5915,Store,East,1592.79
5916,Online,East,152.24699999999999
5917,Online,East,101.536
5918,Store,East,136.73000000000002
5919,Store,East,1148.417
5920,Online,East,177.54
5921,Store,East,173.46
5922,Online,South,317.65999999999997
5923,Store,South,200.37
5924,Store,South,120.94
5925,Store,South,155.66
5926,Store,West,510.38749999999993
5927,Marketplace,West,548.5
5928,Marketplace,West,159.82999999999998
5929,Online,West,99.37949999999998
5930,Online,West,381.395
5931,Online,West,201.64800000000002
5932,Marketplace,West,1308.8435
5933,Online,West,1295.9524999999999
5934,Online,West,694.212
5935,Online,West,173.46
5936,Store,South,96.14
5937,Online,South,121.14
5938,Store,South,7.785
5939,Online,South,725.98
5940,Online,South,156.114
5941,Online,South,401.21999999999997
5942,Online,South,196.68
5943,Marketplace,South,642.9499999999999
5944,Online,South,191.736
5945,Online,South,398.50199999999995
5946,Store,South,341.85
5947,Online,South,489.13599999999997
5948,Online,South,26.05
5949,Online,South,773.0155
5950,Store,South,1125.864
5951,Online,South,690.6870000000001
5952,Online,South,474.92
5953,Store,South,1006.8195
5954,Online,South,330.344
5955,Store,South,325.32
5956,Store,South,526.218
5957,Online,South,382.38449999999995
5958,Online,South,55.35
5959,Online,North,340.79999999999995
5960,Online,North,175.8545
5961,Online,North,176.624
5962,Store,North,116.3085
5963,Store,North,389.215
5964,Online,North,702.75
5965,Store,North,579.762
5966,Online,North,398.89
5967,Store,North,147.96
5968,Online,North,565.5645
5969,Store,West,345.59999999999997
5970,Online,West,746.9089999999999
5971,Marketplace,West,291.52
5972,Store,West,151.601
5973,Online,West,31.936000000000003
5974,Store,West,921.05
5975,Online,West,13.82
5976,Store,West,755.34
5977,Store,West,811.72
5978,Online,West,65.076
5979,Store,West,191.6495
5980,Store,North,437.13000000000005
5981,Online,North,40.788000000000004
5982,Marketplace,North,1228.08
5983,Online,North,765.6374999999999
5984,Online,North,39.321
5985,Online,North,1002.96
5986,Store,North,483.89
5987,Online,North,757.13
5988,Online,South,531.5699999999999
5989,Marketplace,South,644.06
5990,Marketplace,West,621.855
5991,Store,West,1953.423
5992,Online,West,172.125
5993,Store,West,67.5735
5994,Online,West,53.42
5995,Online,West,232.46999999999997
5996,Store,East,148.206
5997,Store,East,193.56
5998,Marketplace,East,1453.0155
5999,Store,East,260.3665
6000,Online,East,1233.819
6001,Store,East,675.28
6002,Store,East,287.12149999999997
6003,Store,East,21.526999999999997
6004,Online,East,476.58000000000004
6005,Online,East,233.127
6006,Store,South,351.76000000000005
6007,Online,South,46.342
6008,Store,South,481.0
6009,Marketplace,South,1202.42
6010,Store,South,756.5169999999999
6011,Store,South,318.30999999999995
6012,Store,South,98.64
6013,Online,South,1022.96
6014,Store,South,1100.49
6015,Store,South,67.914
6016,Online,South,54.612
6017,Online,East,969.87
6018,Online,South,140.14800000000002
6019,Online,South,176.256
6020,Online,South,1434.7620000000002
6021,Marketplace,South,288.09000000000003
6022,Online,South,405.9175
6023,Marketplace,South,1019.8045000000001
6024,Online,South,245.01449999999997
6025,Online,South,319.07
6026,Store,South,788.48
6027,Online,South,590.036
6028,Online,South,106.16250000000001
6029,Online,South,93.636
6030,Store,South,223.873
6031,Online,South,127.66400000000002
6032,Online,South,341.14
6033,Online,South,630.162
6034,Online,South,1010.28
6035,Marketplace,South,280.38100000000003
6036,Online,South,574.05
6037,Online,South,8.112
6038,Store,South,261.26
6039,Online,North,121.08
6040,Marketplace,North,484.33
6041,Online,North,264.499
6042,Marketplace,South,261.30699999999996
6043,Online,South,242.57299999999998
6044,Online,South,229.21
6045,Store,West,257.2
6046,Marketplace,West,670.56
6047,Store,West,898.5600000000001
6048,Online,North,2250.09
6049,Online,East,948.8125
6050,Online,West,1099.06
6051,Online,West,22.23
6052,Store,West,278.443
6053,Store,West,334.4
6054,Online,West,116.90899999999999
6055,Online,West,174.70050000000003
6056,Online,West,911.126
6057,Store,West,991.98
6058,Online,West,85.24000000000001
6059,Store,North,711.5600000000001
6060,Online,North,211.24
6061,Store,North,203.67
6062,Online,North,88.68
6063,Online,North,27.896
6064,Online,North,393.66
6065,Online,North,178.36
6066,Marketplace,North,320.82000000000005
6067,Marketplace,North,362.95000000000005
6068,Online,North,323.08
6069,Online,North,44.296
6070,Marketplace,North,652.346
6071,Online,North,506.72999999999996
6072,Online,North,36.57
6073,Online,North,35.928000000000004
6074,Store,North,76.56
6075,Online,North,37.0785
6076,Online,North,121.1
6077,Store,North,85.97
6078,Online,North,387.522
6079,Store,North,272.59299999999996
6080,Online,West,655.16
6081,Store,West,151.601
6082,Online,West,9.91
6083,Marketplace,West,1199.9
6084,Online,West,1135.728
6085,Store,West,41.078
6086,Store,West,42.678000000000004
6087,Online,West,473.4755
6088,Online,North,472.41599999999994
6089,Store,North,1038.863
6090,Store,North,60.4
6091,Store,North,201.89999999999998
6092,Store,North,543.894
6093,Store,North,643.8
6094,Online,East,154.22
6095,Online,North,479.58000000000004
6096,Marketplace,North,224.24
6097,Online,North,555.7784999999999
6098,Online,West,18.829
6099,Online,West,121.73299999999999
6100,Online,West,50.364000000000004
6101,Store,East,459.901
6102,Marketplace,East,67.235
6103,Online,East,107.168
6104,Online,East,850.79
6105,Online,East,577.2149999999999
6106,Store,East,283.15999999999997
6107,Store,East,342.31
6108,Online,East,1201.6929999999998
6109,Store,East,1649.97
6110,Online,East,141.867
6111,Store,East,275.139
6112,Marketplace,East,988.3799999999999
6113,Marketplace,East,460.34
6114,Online,East,359.66049999999996
6115,Online,East,810.1
6116,Store,East,39.672000000000004
6117,Store,East,534.636
6118,Online,East,82.36
6119,Online,East,400.64
6120,Online,East,1475.9099999999999
6121,Online,West,614.62
6122,Online,West,101.12
6123,Online,West,394.09799999999996
6124,Store,West,319.90599999999995
6125,Store,West,1183.48
6126,Online,West,402.4
6127,Online,West,85.21600000000001
6128,Marketplace,West,63.46
6129,Online,West,278.73900000000003
6130,Marketplace,North,8.702
6131,Marketplace,North,7.91
6132,Online,North,262.064
6133,Online,North,405.87
6134,Online,North,171.39
6135,Online,North,226.854
6136,Online,North,685.31
6137,Store,North,252.06
6138,Online,North,1626.509
6139,Online,North,538.8495
6140,Online,North,184.11950000000002
6141,Online,East,220.5665
6142,Online,East,330.3435
6143,Store,East,594.852
6144,Online,East,376.59
6145,Store,East,604.656
6146,Store,East,66.44
6147,Online,East,141.968
6148,Store,East,400.724
6149,Online,East,496.16200000000003
6150,Online,West,571.5060000000001
6151,Store,West,203.6
6152,Marketplace,West,102.996
6153,Store,West,12.682
6154,Online,West,60.17
6155,Online,West,1150.31
6156,Marketplace,West,104.6
6157,Online,West,236.29999999999998
6158,Marketplace,West,370.32
6159,Online,West,268.74
6160,Online,West,496.55
6161,Marketplace,West,961.97
6162,Store,West,59.516999999999996
6163,Online,West,19.152
6164,Store,West,629.928
6165,Online,West,201.89999999999998
6166,Online,West,268.6
6167,Online,West,414.612
6168,Store,West,173.46
6169,Marketplace,West,139.62
6170,Online,West,302.24
6171,Online,West,132.1355
6172,Online,West,126.055
6173,Store,North,340.37
6174,Store,North,919.44
6175,Online,North,24.7
6176,Online,North,359.9075
6177,Online,North,697.1275
6178,Marketplace,North,567.7
6179,Online,North,27.234
6180,Store,North,431.84999999999997
6181,Store,East,1250.037
6182,Online,East,166.838
6183,Online,East,142.80849999999998
6184,Online,East,1256.46
6185,Online,East,468.502
6186,Online,East,190.604
6187,Store,East,70.02
6188,Online,East,901.0699999999999
6189,Online,East,28.348
6190,Store,East,822.31
6191,Store,East,1076.141
6192,Store,East,207.39999999999998
6193,Online,East,698.7914999999999
6194,Store,East,431.04999999999995
6195,Store,East,74.76299999999999
6196,Marketplace,East,647.482
6197,Online,East,97.614
6198,Marketplace,East,278.76
6199,Online,East,201.44
6200,Store,East,597.113
6201,Online,East,727.38
6202,Store,East,1048.56
6203,Online,East,207.328
6204,Marketplace,East,790.44
6205,Store,East,43.67
6206,Online,East,150.93449999999999
6207,Store,East,48.165
6208,Store,East,829.1834999999999
6209,Online,East,60.894
6210,Store,East,172.9
6211,Store,East,302.53
6212,Online,East,47.352000000000004
6213,Store,East,223.95299999999997
6214,Marketplace,East,105.19
6215,Store,East,1154.06
6216,Online,East,88.11
6217,Online,North,323.23749999999995
6218,Online,,337.1865
6219,Store,,424.6005
6220,Online,,141.888
6221,Store,,411.98
6222,Online,,64.753
6223,Store,,227.601
6224,Online,,71.687
6225,Online,,580.77
6226,Online,,63.568
6227,Online,,70.48
6228,Online,,62.98499999999999
6229,Online,West,342.96999999999997
6230,Store,West,374.05999999999995
6231,Store,West,188.72699999999998
6232,Store,East,363.2985
6233,Online,West,861.9100000000001
6234,Online,West,59.908
6235,Store,West,1466.046
6236,Online,West,4.3095
6237,Store,South,218.94
6238,Online,South,67.518
6239,Online,South,132.7615
6240,Online,East,36.9495
6241,Marketplace,East,1953.385
6242,Store,East,435.66999999999996
6243,Online,East,149.28
6244,Store,East,176.00400000000002
6245,Online,East,49.068000000000005
6246,Online,East,425.48400000000004
6247,Online,East,309.9355
6248,Store,East,394.24
6249,Online,East,413.58000000000004
6250,Online,East,749.691
6251,Store,East,728.55
6252,Marketplace,East,63.46
6253,Store,South,106.47
6254,Marketplace,South,98.67
6255,Online,South,841.0
6256,Online,South,612.063
6257,Online,South,198.288
6258,Store,South,209.81
6259,Online,North,346.579
6260,Store,North,289.48
6261,Online,North,14.722
6262,Online,North,215.19
6263,Online,North,444.467
6264,Online,North,182.85000000000002
6265,Online,North,460.01
6266,Online,North,304.326
6267,Online,North,415.17999999999995
6268,Store,North,23.636
6269,Online,North,59.142999999999994
6270,Online,North,206.56
6271,Store,North,517.5699999999999
6272,Store,North,427.2245
6273,Store,North,51.08
6274,Online,North,433.6
6275,Online,North,470.628
6276,Marketplace,North,65.55
6277,Store,East,538.14
6278,Online,East,619.72
6279,Marketplace,East,356.346
6280,Store,East,1317.42
6281,Online,East,148.22400000000002
6282,Store,East,172.584
6283,Marketplace,East,86.241
6284,Store,East,667.989
6285,Store,East,65.682
6286,Marketplace,East,68.51
6287,Marketplace,East,426.41999999999996
6288,Online,East,37.73
6289,Online,East,453.90999999999997
6290,Online,East,25.695999999999998
6291,Marketplace,East,72.6
6292,Online,East,210.46
6293,Online,East,62.829
6294,Online,East,268.37
6295,Online,East,287.24
6296,Online,East,211.82
6297,Online,East,1074.78
6298,Marketplace,East,236.69099999999997
6299,Store,North,32.13849999999999
6300,Store,North,92.81
6301,Store,North,1606.58
6302,Store,North,49.833
6303,Store,North,95.54849999999999
6304,Online,North,1331.083
6305,Marketplace,North,1346.1899999999998
6306,Store,North,381.33
6307,Online,North,75.16799999999999
6308,Store,North,307.638
6309,Online,North,277.66949999999997
6310,Store,North,749.52
6311,Store,West,23.494
6312,Online,West,107.53049999999999
6313,Online,West,943.23
6314,Marketplace,West,724.5745000000001
6315,Online,West,710.1495
6316,Online,West,964.7800000000001
6317,Online,West,1719.07
6318,Online,West,2505.0150000000003
6319,Online,West,63.699
6320,Online,North,297.99
6321,Store,North,1403.6800000000003
6322,Online,North,30.38
6323,Online,North,501.3555
6324,Online,North,461.37600000000003
6325,Online,North,1326.72
6326,Store,North,160.803
6327,Store,North,540.17
6328,Store,North,10.64
6329,Store,North,116.3085
6330,Online,North,1092.03
6331,Marketplace,North,896.1700000000001
6332,Store,North,191.78
6333,Marketplace,North,814.198
6334,Store,North,62.766
6335,Marketplace,West,1062.621
6336,Marketplace,West,100.72800000000001
6337,Online,West,134.6
6338,Online,West,131.733
6339,Store,West,1306.75
6340,Store,West,196.6
6341,Store,West,73.899
6342,Store,West,340.221
6343,Online,West,703.5699999999999
6344,Store,West,207.15699999999998
6345,Online,East,136.67000000000002
6346,Online,East,181.79000000000002
6347,Online,East,541.809
6348,Marketplace,East,1220.9995
6349,Online,East,190.38
6350,Marketplace,East,287.80999999999995
6351,Marketplace,North,109.224
6352,Store,North,1633.6
6353,Online,North,24.122999999999998
6354,Online,North,340.731
6355,Online,North,221.8155
6356,Online,North,100.62299999999999
6357,Online,North,164.5515
6358,Online,East,572.44
6359,Store,East,123.777
6360,Store,East,61.5
6361,Online,East,85.43350000000001
6362,Online,East,22.23
6363,Store,East,614.34
6364,Online,East,303.0975
6365,Online,East,395.33399999999995
6366,Online,East,1290.033
6367,Store,East,169.91000000000003
6368,Store,East,520.53
6369,Online,East,63.934999999999995
6370,Online,East,43.452000000000005
6371,Online,East,62.829
6372,Online,East,413.11
6373,Online,East,976.17
6374,Online,East,217.87
6375,Online,East,331.872
6376,Online,East,487.53999999999996
6377,Store,West,1243.719
6378,Online,West,447.6
6379,Marketplace,West,387.18
6380,Online,West,53.584
6381,Store,West,530.822
6382,Store,East,107.65399999999998
6383,Online,East,17.888
6384,Online,East,1027.26
6385,Online,East,324.2445
6386,Online,East,178.98950000000002
6387,Marketplace,East,369.82000000000005
6388,Online,East,120.08999999999999
6389,Online,South,217.79999999999998
6390,Online,South,550.72
6391,Store,South,86.488
6392,Store,South,83.943
6393,Online,South,380.9025
6394,Store,South,202.91199999999998
6395,Marketplace,East,1903.29
6396,Online,East,805.171
6397,Online,East,372.18
6398,Online,East,204.53
6399,Online,East,80.68
6400,Online,East,1108.629
6401,Online,East,126.38649999999998
6402,Store,East,373.07000000000005
6403,Online,East,936.7855
6404,Online,East,125.61
6405,Online,East,217.08
6406,Online,East,528.615
6407,Store,East,17.3
6408,Online,East,41.989999999999995
6409,Online,East,221.92649999999998
6410,Online,East,499.26
6411,Store,East,649.143
6412,Online,East,390.847
6413,Online,East,317.96
6414,Online,East,267.971
6415,Store,East,285.85
6416,Online,East,172.72
6417,Online,East,823.9475
6418,Online,West,120.47
6419,Marketplace,West,302.382
6420,Online,West,891.23
6421,Online,West,160.88400000000001
6422,Online,West,39.52
6423,Online,West,368.46000000000004
6424,Store,West,538.5455
6425,Marketplace,West,1120.761
6426,Online,West,576.3
6427,Online,West,78.246
6428,Online,West,855.12
6429,Store,West,197.277
6430,Store,West,42.43
6431,Online,East,122.73999999999998
6432,Online,East,423.164
6433,Online,East,272.62
6434,Online,East,1207.05
6435,Online,East,151.74
6436,Online,East,31.167
6437,Online,East,110.16
6438,Online,East,123.984
6439,Marketplace,East,973.693
6440,Marketplace,East,311.90999999999997
6441,Store,East,224.536
6442,Online,East,231.04999999999998
6443,Store,East,368.28000000000003
6444,Online,South,253.2235
6445,Marketplace,West,733.571
6446,Online,West,380.61
6447,Marketplace,West,161.262
6448,Online,West,654.93
6449,Store,West,316.03
6450,Store,West,414.75600000000003
6451,Online,West,74.72
6452,Online,West,471.49499999999995
6453,Online,West,164.56500000000003
6454,Store,West,332.73249999999996
6455,Online,West,176.307
6456,Store,West,81.94
6457,Store,West,83.28
6458,Store,West,705.527
6459,Online,North,962.1
6460,Online,North,471.937
6461,Store,North,45.32
6462,Online,North,211.56
6463,Online,North,269.40999999999997
6464,Marketplace,North,75.487
6465,Marketplace,North,122.769
6466,Marketplace,North,233.51
6467,Marketplace,North,394.231
6468,Online,North,483.0125
6469,Online,North,408.58000000000004
6470,Online,North,2365.6045
6471,Marketplace,North,663.0169999999999
6472,Online,North,120.34
6473,Marketplace,North,201.65
6474,Store,East,580.5
6475,Online,East,454.46000000000004
6476,Store,East,454.518
6477,Store,East,656.24
6478,Marketplace,South,500.6785
6479,Online,South,155.382
6480,Store,South,822.663
6481,Store,East,239.07
6482,Marketplace,East,1047.42
6483,Online,East,401.9565
6484,Marketplace,East,467.8275
6485,Marketplace,East,69.649
6486,Marketplace,East,986.01
6487,Marketplace,East,122.38
6488,Online,East,474.16
6489,Store,East,331.12
6490,Online,East,399.96
6491,Store,East,43.699999999999996
6492,Store,North,1327.02
6493,Store,North,2029.22
6494,Online,East,57.348
6495,Online,East,89.862
6496,Store,East,1651.54
6497,Online,East,79.382
6498,Marketplace,East,54.756
6499,Store,East,438.03999999999996
6500,Marketplace,East,106.36050000000002
6501,Online,East,923.13
6502,Online,East,197.68500000000003
6503,Online,East,275.44
6504,Store,East,89.777
6505,Online,East,125.658
6506,Online,East,458.99
6507,Online,East,473.98
6508,Online,East,396.18
6509,Online,East,252.399
6510,Marketplace,East,531.48
6511,Online,East,127.504
6512,Online,East,427.46999999999997
6513,Store,East,352.93699999999995
6514,Online,East,186.099
6515,Marketplace,North,44.302
6516,Marketplace,North,521.683
6517,Online,North,266.2
6518,Online,North,168.76999999999998
6519,Online,North,26.05
6520,Online,West,241.73149999999998
6521,Marketplace,East,18.95
6522,Online,East,510.516
6523,Store,East,5.794999999999999
6524,Marketplace,North,131.5375
6525,Online,North,14.177999999999999
6526,Marketplace,North,583.4314999999999
6527,Store,North,122.769
6528,Online,North,188.87
6529,Marketplace,North,262.15999999999997
6530,Store,North,923.761
6531,Online,North,1507.9
6532,Online,North,60.894
6533,Marketplace,North,697.5899999999999
6534,Online,North,297.99
6535,Online,North,746.2724999999999
6536,Online,North,376.14199999999994
6537,Online,North,1576.3200000000002
6538,Store,North,176.89
6539,Online,North,395.12
6540,Online,North,471.59000000000003
6541,Online,North,55.96
6542,Online,North,169.6175
6543,Online,North,759.411
6544,Online,East,566.4944999999999
6545,Online,East,316.86
6546,Online,North,450.07500000000005
6547,Online,North,178.4195
6548,Online,North,259.092
6549,Online,North,758.1700000000001
6550,Store,North,1707.72
6551,Store,North,345.933
6552,Online,North,560.034
6553,Store,North,387.1325
6554,Marketplace,North,1403.49
6555,Marketplace,North,750.02
6556,Online,North,339.492
6557,Store,East,4.8165000000000004
6558,Store,East,315.27000000000004
6559,Store,East,505.19100000000003
6560,Store,East,192.85
6561,Online,East,395.08000000000004
6562,Online,East,114.798
6563,Online,West,78.06
6564,Online,West,119.03999999999999
6565,Store,West,298.894
6566,Online,West,491.14
6567,Online,West,295.20000000000005
6568,Store,West,174.70050000000003
6569,Store,West,324.48
6570,Marketplace,East,117.09
6571,Online,East,107.9755
6572,Online,East,236.74949999999998
6573,Online,East,235.17000000000002
6574,Store,South,1066.07
6575,Store,South,494.64
6576,Marketplace,South,142.348
6577,Marketplace,South,189.86400000000003
6578,Online,South,334.36
6579,Marketplace,South,283.8405
6580,Store,South,304.06
6581,Online,South,1884.8095
6582,Online,South,769.88
6583,Online,South,22.392
6584,Online,South,372.96299999999997
6585,Online,South,310.2415
6586,Store,South,783.1600000000001
6587,Store,South,645.405
6588,Store,South,52.275
6589,Store,South,556.85
6590,Online,South,513.4200000000001
6591,Online,South,86.19
6592,Online,South,619.236
6593,Online,South,171.49
6594,Online,South,63.568
6595,Store,South,509.38199999999995
6596,Store,South,507.7845
6597,Online,West,1104.99
6598,Store,West,172.56749999999997
6599,Store,West,49.42
6600,Online,West,258.26
6601,Store,West,120.66899999999998
6602,Store,West,769.71
6603,Store,West,34.87
6604,Online,West,978.1034999999999
6605,Marketplace,West,678.1724999999999
6606,Online,West,369.89
6607,Store,West,402.64200000000005
6608,Store,West,131.625
6609,Online,West,224.52
6610,Store,West,367.5655
6611,Online,East,540.099
6612,Store,East,742.509
6613,Online,East,358.18
6614,Store,East,278.49
6615,Online,East,769.1055
6616,Online,East,461.41499999999996
6617,Online,East,783.3599999999999
6618,Store,East,1545.7640000000001
6619,Marketplace,East,167.88
6620,Online,East,485.01900000000006
6621,Online,South,485.659
6622,Online,South,712.044
6623,Store,South,201.744
6624,Online,South,353.855
6625,Store,South,169.88
6626,Online,South,278.49
6627,Online,South,388.296
6628,Store,South,257.18399999999997
6629,Online,South,295.13
6630,Store,South,273.339
6631,Online,South,378.82800000000003
6632,Online,North,77.539
6633,Store,North,1004.9125
6634,Online,North,465.06
6635,Store,North,415.837
6636,Store,North,261.13
6637,Marketplace,North,37.73
6638,Online,North,1560.6180000000002
6639,Store,North,106.623
6640,Store,North,498.98400000000004
6641,Online,North,208.82
6642,Store,North,382.005
6643,Online,North,1104.219
6644,Store,North,714.4200000000001
6645,Store,North,245.157
6646,Online,North,131.364
6647,Online,North,145.98649999999998
6648,Online,North,802.99
6649,Online,North,1733.79
6650,Marketplace,North,451.61
6651,Online,North,84.49600000000001
6652,Store,South,1326.1619999999998
6653,Online,South,146.97
6654,Store,South,522.7669999999999
6655,Online,South,55.664
6656,Store,South,430.803
6657,Store,South,728.55
6658,Online,South,275.53
6659,Online,South,96.88
6660,Online,West,240.37
6661,Online,West,874.026
6662,Online,West,82.3905
6663,Online,West,490.45849999999996
6664,Online,North,226.88
6665,Online,North,135.162
6666,Online,South,109.28
6667,Store,South,663.9929999999999
6668,Store,South,1763.6370000000002
6669,Online,South,201.816
6670,Store,South,708.19
6671,Store,South,803.073
6672,Online,South,277.443
6673,Online,South,174.231
6674,Store,West,323.399
6675,Store,South,156.706
6676,Online,South,568.242
6677,Online,South,127.22800000000001
6678,Store,South,353.0865
6679,Store,South,149.56
6680,Online,South,103.89000000000001
6681,Store,South,1785.3200000000002
6682,Marketplace,West,140.18
6683,Online,West,29.2125
6684,Online,West,534.5554999999999
6685,Store,West,224.22
6686,Store,West,482.7405
6687,Online,West,48.807
6688,Online,West,712.6424999999999
6689,Online,West,176.4
6690,Store,West,626.2495
6691,Store,West,98.136
6692,Store,West,39.92
6693,Store,West,693.558
6694,Online,West,114.84
6695,Online,West,213.52
6696,Marketplace,West,448.1055
6697,Online,West,322.3455
6698,Store,West,906.77
6699,Store,West,181.64999999999998
6700,Online,West,878.543
6701,Store,West,84.24600000000001
6702,Online,West,1058.94
6703,Online,West,74.13
6704,Store,West,732.69
6705,Marketplace,West,247.45000000000002
6706,Marketplace,North,626.28
6707,Online,North,354.02
6708,Online,North,636.14
6709,Marketplace,North,24.3015
6710,Online,North,142.528
6711,Marketplace,North,235.386
6712,Store,North,1273.42
6713,Online,North,8.4235
6714,Marketplace,North,442.62899999999996
6715,Online,North,41.104000000000006
6716,Marketplace,North,1376.09
6717,Store,North,226.31849999999997
6718,Online,North,46.854
6719,Marketplace,East,283.25199999999995
6720,Store,East,636.91
6721,Online,East,1060.71
6722,Store,East,1102.31
6723,Online,East,343.22999999999996
6724,Store,East,782.9435
6725,Marketplace,East,1252.0100000000002
6726,Store,West,318.66
6727,Online,West,767.98
6728,Store,West,127.26199999999999
6729,Marketplace,West,151.411
6730,Online,South,151.66
6731,Online,South,878.271
6732,Online,South,116.27999999999999
6733,Marketplace,South,109.71000000000001
6734,Online,West,1358.74
6735,Online,West,735.69
6736,Online,West,51.467499999999994
6737,Store,West,402.59
6738,Store,East,295.81
6739,Online,East,19.152
6740,Store,North,378.82800000000003
6741,Marketplace,North,1564.15
6742,Store,West,211.62
6743,Store,West,415.09799999999996
6744,Online,West,86.94
6745,Online,West,297.99
6746,Store,West,1618.458
6747,Store,North,306.315
6748,Online,East,206.71200000000002
6749,Marketplace,East,495.70300000000003
6750,Marketplace,East,148.36
6751,Online,East,158.12
6752,Online,East,2099.58
6753,Online,East,287.298
6754,Store,East,235.773
6755,Online,East,185.98
6756,Online,East,314.92800000000005
6757,Online,East,147.87699999999998
6758,Store,East,345.39149999999995
6759,Store,East,338.92199999999997
6760,Online,East,48.32249999999999
6761,Online,East,1049.62
6762,Online,East,982.4809999999999
6763,Online,East,971.26
6764,Online,East,301.19
6765,Store,East,158.764
6766,Store,West,667.166
6767,Online,West,537.1469999999999
6768,Store,West,324.768
6769,Online,West,39.03
6770,Online,West,116.27999999999999
6771,Store,West,288.57599999999996
6772,Store,West,601.34
6773,Online,North,1762.951
6774,Online,North,228.8075
6775,Store,North,132.61
6776,Marketplace,North,21.241999999999997
6777,Store,North,49.068000000000005
6778,Online,North,96.156
6779,Store,North,1337.016
6780,Online,North,94.68900000000001
6781,Online,North,1134.48
6782,Online,North,662.131
6783,Store,North,198.23000000000002
6784,Online,North,698.28
6785,Marketplace,North,106.52
6786,Store,North,284.8605
6787,Store,North,250.93699999999998
6788,Online,North,233.01
6789,Store,North,64.24
6790,Store,North,570.36
6791,Online,North,464.84000000000003
6792,Online,North,1007.604
6793,Store,North,861.58
6794,Store,North,104.15899999999999
6795,Store,North,189.504
6796,Store,North,207.42
6797,Online,North,67.3
6798,Online,West,327.1705
6799,Online,West,395.2475
6800,Marketplace,West,1005.23
6801,Online,West,782.23
6802,Marketplace,West,171.81999999999996
6803,Online,West,408.62050000000005
6804,Online,East,128.20999999999998
6805,Online,East,21.148
6806,Store,East,307.17999999999995
6807,Online,East,420.33000000000004
6808,Store,East,794.72
6809,Store,East,144.4855
6810,Online,East,1267.4899999999998
6811,Online,East,304.0195
6812,Online,South,735.6899999999999
6813,Store,South,497.98799999999994
6814,Store,South,241.03
6815,Store,South,178.38
6816,Online,South,34.11
6817,Store,South,866.677
6818,Store,South,70.99199999999999
6819,Store,South,247.8
6820,Online,South,558.27
6821,Online,South,187.21800000000002
6822,Marketplace,North,393.66
6823,Online,North,157.301
6824,Store,North,79.344
6825,Online,North,247.66
6826,Marketplace,North,367.404
6827,Online,North,624.1500000000001
6828,Online,North,111.28
6829,Store,North,165.26000000000002
6830,Marketplace,North,523.1155
6831,Online,North,246.93349999999998
6832,Online,North,171.853
6833,Marketplace,North,367.0215
6834,Online,North,773.54
6835,Online,West,950.5414999999999
6836,Marketplace,West,191.23
6837,Online,West,317.7
6838,Store,North,255.26
6839,Store,North,334.799
6840,Online,North,68.776
6841,Online,North,510.516
6842,Online,North,15.57
6843,Online,East,342.703
6844,Store,North,83.283
6845,Online,North,257.06
6846,Online,North,96.14
6847,Store,North,78.093
6848,Store,North,1130.27
6849,Store,North,278.49
6850,Online,North,1029.888
6851,Store,North,321.17600000000004
6852,Online,North,48.078
6853,Store,North,2136.8199999999997
6854,Online,North,392.52150000000006
6855,Store,North,766.8115
6856,Online,North,225.06
6857,Online,North,537.61
6858,Online,North,583.6200000000001
6859,Store,North,511.362
6860,Store,North,710.8209999999999
6861,Marketplace,North,452.751
6862,Online,North,60.95
6863,Online,North,843.2199999999999
6864,Marketplace,North,6.1
6865,Online,North,563.886
6866,Online,North,174.135
6867,Online,North,69.74
6868,Marketplace,North,13.82
6869,Store,North,152.10000000000002
6870,Online,North,435.59950000000003
6871,Marketplace,East,197.70000000000002
6872,Online,East,1052.82
6873,Store,South,707.895
6874,Online,South,97.52000000000001
6875,Online,East,180.95000000000002
6876,Online,East,917.92
6877,Store,East,408.578
6878,Online,East,436.329
6879,Online,East,279.96
6880,Online,West,878.967
6881,Store,West,278.75749999999994
6882,Store,North,622.26
6883,Marketplace,North,246.95049999999998
6884,Marketplace,West,261.09
6885,Store,West,358.683
6886,Marketplace,West,110.561
6887,Online,West,549.005
6888,Online,West,504.62999999999994
6889,Online,West,269.4245
6890,Online,West,119.85
6891,Store,West,298.94
6892,Store,East,786.233
6893,Store,East,456.304
6894,Store,East,704.81
6895,Store,East,831.7819999999999
6896,Online,East,113.886
6897,Online,East,262.06
6898,Online,East,262.368
6899,Online,East,311.20099999999996
6900,Online,East,544.3315
6901,Marketplace,East,81.62
6902,Online,East,269.8
6903,Marketplace,North,342.855
6904,Online,West,71.13
6905,Store,West,492.76
6906,Online,East,490.53
6907,Online,East,155.66
6908,Store,East,141.626
6909,Online,East,809.4
6910,Marketplace,East,343.47999999999996
6911,Store,East,38.916000000000004
6912,Marketplace,East,206.9765
6913,Store,East,1662.2400000000002
6914,Online,East,639.4300000000001
6915,Marketplace,East,248.63400000000001
6916,Online,East,66.3195
6917,Online,East,173.97
6918,Store,East,296.3
6919,Online,East,473.433
6920,Online,East,558.27
6921,Marketplace,East,246.07
6922,Online,South,677.2
6923,Store,South,367.425
6924,Online,South,101.52000000000001
6925,Online,South,297.99
6926,Marketplace,South,219.062
6927,Online,South,578.47
6928,Store,North,1044.021
6929,Online,North,104.3545
6930,Store,North,775.84
6931,Online,East,520.71
6932,Marketplace,East,102.93499999999999
6933,Store,East,192.08
6934,Online,East,57.815999999999995
6935,Marketplace,East,469.74649999999997
6936,Online,East,402.75
6937,Marketplace,East,335.02
6938,Online,East,365.7215
6939,Online,East,890.54
6940,Online,East,561.95
6941,Marketplace,East,1518.3999999999999
6942,Marketplace,East,392.76
6943,Online,East,23.445
6944,Store,East,600.46
6945,Online,East,134.71200000000002
6946,Online,East,574.22
6947,Online,East,1524.1399999999999
6948,Online,East,137.59799999999998
6949,Online,East,913.9950000000001
6950,Online,East,427.25
6951,Online,South,184.42999999999998
6952,Store,South,473.433
6953,Online,South,1678.21
6954,Store,South,244.8055
6955,Online,South,123.082
6956,Online,South,1868.4409999999998
6957,Online,South,369.69
6958,Online,South,1209.5700000000002
6959,Store,South,277.92
6960,Store,South,613.27
6961,Online,North,221.84
6962,Online,North,72.6
6963,Online,North,179.19
6964,Online,North,27.342
6965,Marketplace,North,965.4045
6966,Online,North,307.87999999999994
6967,Online,North,254.40300000000002
6968,Store,North,95.32
6969,Store,North,242.05049999999997
6970,Online,North,254.31
6971,Marketplace,North,1125.5
6972,Online,North,228.36099999999996
6973,Online,North,71.424
6974,Store,North,1651.1845
6975,Store,North,869.3165
6976,Online,North,30.456000000000003
6977,Store,North,526.64
6978,Online,North,225.666
6979,Store,North,389.35
6980,Online,North,705.8499999999999
6981,Online,North,114.22800000000001
6982,Online,North,455.1
6983,Marketplace,North,572.94
6984,Online,North,58.800000000000004
6985,Online,North,303.637
6986,Marketplace,North,156.56400000000002
6987,Online,North,104.16
6988,Store,North,86.853
6989,Online,North,37.47
6990,Online,North,220.32
6991,Online,North,11.352
6992,Store,North,293.59000000000003
6993,Online,South,932.43
6994,Online,South,584.95
6995,Store,South,154.746
6996,Online,South,513.0500000000001
6997,Marketplace,North,117.09
6998,Online,North,124.26999999999998
6999,Online,North,361.449
7000,Online,North,435.59950000000003
7001,Store,North,273.38
7002,Online,North,230.2135
7003,Online,South,719.37
7004,Online,South,555.89
7005,Online,South,1219.8855
7006,Online,South,827.3
7007,Online,South,475.029
7008,Online,South,698.47
7009,Online,South,456.63
7010,Store,North,1093.29
7011,Store,North,1042.6799999999998
7012,Store,North,585.29
7013,Store,North,422.69399999999996
7014,Online,North,25.695999999999998
7015,Online,North,914.77
7016,Online,North,750.48
7017,Online,North,46.7245
7018,Online,North,426.474
7019,Online,North,46.992000000000004
7020,Online,North,167.47
7021,Store,North,1318.27
7022,Online,East,232.6455
7023,Marketplace,East,90.78
7024,Online,East,387.7
7025,Online,East,20.994999999999997
7026,Marketplace,East,163.48499999999999
7027,Online,East,57.114000000000004
7028,Marketplace,East,1345.2855
7029,Online,East,92.684
7030,Store,North,1560.3280000000002
7031,Online,North,47.07
7032,Online,North,650.56
7033,Marketplace,North,259.556
7034,Store,North,355.19
7035,Store,North,415.986
7036,Online,North,254.15849999999998
7037,Marketplace,North,54.468
7038,Online,North,178.891
7039,Marketplace,North,886.34
7040,Store,North,890.16
7041,Marketplace,North,208.947
7042,Online,North,435.3
7043,Marketplace,North,310.726
7044,Marketplace,East,566.0699999999999
7045,Store,East,116.75
7046,Store,East,245.7
7047,Online,East,163.149
7048,Store,East,72.37100000000001
7049,Online,East,211.7
7050,Store,East,242.28
7051,Online,East,604.5
7052,Online,East,31.176000000000002
7053,Online,East,559.3085
7054,Store,East,202.83300000000003
7055,Store,East,11.18
7056,Online,East,679.779
7057,Online,East,252.208
7058,Online,East,1076.139
7059,Marketplace,East,1092.654
7060,Store,East,67.98
7061,Marketplace,East,160.76
7062,Store,East,1036.2604999999999
7063,Marketplace,East,5.07
7064,Online,East,64.14099999999999
7065,Store,East,601.71
7066,Online,East,15.968000000000002
7067,Store,East,26.48
7068,Store,East,60.76
7069,Online,South,98.175
7070,Online,South,227.49
7071,Marketplace,South,1053.135
7072,Online,South,159.20499999999998
7073,Online,South,66.15
7074,Store,South,607.5
7075,Store,South,1387.3899999999999
7076,Online,South,312.03000000000003
7077,Marketplace,South,401.9565
7078,Online,South,389.007
7079,Marketplace,South,95.54849999999999
7080,Online,South,196.65
7081,Marketplace,South,361.93
7082,Online,South,232.83999999999997
7083,Marketplace,South,913.6990000000001
7084,Online,South,147.28
7085,Marketplace,South,499.624
7086,Online,North,555.96
7087,Online,North,18.28
7088,Online,North,137.943
7089,Online,North,106.5615
7090,Online,North,127.53399999999999
7091,Marketplace,North,1394.8200000000002
7092,Online,North,88.776
7093,Store,North,391.29749999999996
7094,Online,North,2144.5299999999997
7095,Online,North,378.59
7096,Online,North,134.6
7097,Store,North,271.286
7098,Store,North,374.66999999999996
7099,Online,East,186.5135
7100,Online,East,26.1375
7101,Online,East,63.631
7102,Online,East,44.46
7103,Online,East,444.5525
7104,Store,East,195.894
7105,Store,East,872.79
7106,Online,East,215.135
7107,Store,East,112.12
7108,Online,East,17.838
7109,Online,East,587.95
7110,Store,West,677.3820000000001
7111,Online,East,502.894
7112,Online,East,187.9765
7113,Store,East,125.21000000000001
7114,Online,,142.987
7115,Store,,324.73
7116,Online,,112.41
7117,Online,,576.22
7118,Store,,642.53
7119,Online,,149.94
7120,Online,,16.68
7121,Store,,191.16000000000003
7122,Online,,411.791
7123,Online,,124.95
7124,Store,West,414.423
7125,Online,East,113.866
7126,Store,East,683.22
7127,Online,East,20.394000000000002
7128,Online,East,167.68
7129,Online,East,262.064
7130,Online,East,758.3945
7131,Online,East,241.272
7132,Marketplace,East,470.849
7133,Store,East,134.37
7134,Online,East,227.86799999999997
7135,Online,East,608.6085
7136,Online,East,106.542
7137,Online,East,651.09
7138,Online,East,1296.42
7139,Store,East,260.31
7140,Store,East,1447.52
7141,Store,East,375.598
7142,Marketplace,East,1306.44
7143,Online,East,51.903000000000006
7144,Online,East,33.504000000000005
7145,Online,East,144.84
7146,Store,East,345.04049999999995
7147,Online,East,549.7365
7148,Online,East,369.78999999999996
7149,Online,East,843.1500000000001
7150,Online,East,252.5385
7151,Store,East,24.3015
7152,Marketplace,East,54.612
7153,Online,West,418.20000000000005
7154,Store,West,92.684
7155,Store,West,415.395
7156,Online,North,874.7199999999999
7157,Store,North,30.26
7158,Store,North,210.86999999999998
7159,Online,North,253.89
7160,Online,North,114.41
7161,Store,North,828.29
7162,Online,North,239.31
7163,Online,North,728.8494999999999
7164,Online,North,298.8035
7165,Online,North,50.994
7166,Online,North,285.38
7167,Store,North,266.54999999999995
7168,Store,North,106.514
7169,Online,North,134.496
7170,Online,North,637.8489999999999
7171,Online,South,153.891
7172,Online,South,1017.8399999999999
7173,Online,South,297.06999999999994
7174,Online,South,137.02
7175,Online,South,50.7
7176,Marketplace,South,329.66999999999996
7177,Online,North,474.5155
7178,Online,North,255.204
7179,Online,North,144.234
7180,Online,North,212.8475
7181,Online,North,575.654
7182,Online,North,30.32
7183,Online,North,622.51
7184,Marketplace,North,235.3625
7185,Online,North,307.31
7186,Online,North,205.53000000000003
7187,Online,North,519.5074999999999
7188,Store,South,240.24
7189,Online,South,219.92000000000002
7190,Online,South,39.52
7191,Online,South,383.14599999999996
7192,Online,South,483.379
7193,Store,South,1597.1100000000001
7194,Marketplace,South,465.11
7195,Marketplace,South,134.71200000000002
7196,Online,South,287.2
7197,Store,South,45.47
7198,Store,South,324.74
7199,Store,South,394.02599999999995
7200,Store,South,236.75
7201,Online,West,382.66
7202,Store,West,550.43
7203,Store,West,962.48
7204,Online,West,554.31
7205,Marketplace,West,223.81
7206,Online,West,982.74
7207,Store,West,407.341
7208,Marketplace,West,871.794
7209,Online,West,697.77
7210,Online,West,180.999
7211,Online,West,468.16949999999997
7212,Online,West,433.4915
7213,Marketplace,West,601.74
7214,Marketplace,East,689.8199999999999
7215,Online,East,134.17
7216,Store,East,1025.748
7217,Store,East,209.43
7218,Online,East,68.247
7219,Online,East,836.037
7220,Marketplace,East,537.52
7221,Store,East,297.0155
7222,Store,East,750.1959999999999
7223,Store,East,1554.31
7224,Online,East,359.366
7225,Store,East,980.9254999999999
7226,Online,North,337.2215
7227,Online,North,91.31400000000001
7228,Online,North,1584.043
7229,Marketplace,North,211.806
7230,Online,North,949.599
7231,Store,North,309.1705
7232,Store,North,811.5600000000001
7233,Online,North,864.3395
7234,Online,North,54.792
7235,Online,North,669.7915
7236,Store,North,154.82999999999998
7237,Store,North,201.816
7238,Store,North,248.87149999999997
7239,Online,North,19.458000000000002
7240,Online,North,203.73
7241,Online,North,62.766
7242,Marketplace,North,125.658
7243,Online,North,179.554
7244,Store,North,227.556
7245,Online,North,46.992000000000004
7246,Online,North,1051.1864999999998
7247,Online,North,387.464
7248,Store,North,716.4300000000001
7249,Online,West,405.0
7250,Online,West,88.68
7251,Marketplace,West,338.94
7252,Online,West,88.91
7253,Online,West,266.76
7254,Marketplace,West,225.56
7255,Online,West,271.656
7256,Online,West,150.28
7257,Online,West,85.95599999999999
7258,Online,West,502.71000000000004
7259,Store,West,701.5844999999999
7260,Store,West,705.3299999999999
7261,Store,West,121.9
7262,Online,West,56.38400000000001
7263,Online,South,512.47
7264,Online,South,728.55
7265,Online,South,2149.7200000000003
7266,Store,South,365.868
7267,Online,South,374.49
7268,Online,South,162.0
7269,Online,South,926.1645
7270,Store,South,470.89
7271,Online,East,167.059
7272,Marketplace,South,163.438
7273,Store,North,498.0565
7274,Store,North,371.13
7275,Store,North,897.48
7276,Store,North,961.27
7277,Online,North,977.95
7278,Online,East,971.36
7279,Marketplace,East,1727.67
7280,Store,East,504.97249999999997
7281,Online,East,523.97
7282,Store,North,267.192
7283,Store,North,554.63
7284,Online,North,133.16400000000002
7285,Store,North,6.1
7286,Online,North,1361.34
7287,Online,North,326.63
7288,Online,East,982.44
7289,Marketplace,East,535.6800000000001
7290,Online,East,134.17
7291,Store,East,335.64
7292,Online,East,163.29
7293,Store,East,1471.8419999999999
7294,Online,South,925.4250000000001
7295,Store,South,338.39
7296,Marketplace,South,154.8615
7297,Marketplace,South,556.78
7298,Online,South,689.95
7299,Online,South,719.2355
7300,Online,South,33.932
7301,Store,West,863.2710000000001
7302,Store,West,826.99
7303,Store,West,986.211
7304,Online,West,994.1005
7305,Store,West,524.58
7306,Store,West,1776.05
7307,Store,West,2195.52
7308,Online,West,1422.9900000000002
7309,Online,West,234.566
7310,Online,South,484.861
7311,Online,South,1080.23
7312,Marketplace,South,533.8
7313,Online,South,1422.0900000000001
7314,Store,South,1486.44
7315,Online,South,130.264
7316,Store,South,550.7244999999999
7317,Online,South,102.996
7318,Store,South,165.59449999999998
7319,Store,South,104.37
7320,Online,South,146.92
7321,Marketplace,South,236.878
7322,Online,South,255.28900000000002
7323,Store,South,77.00999999999999
7324,Online,South,28.860999999999997
7325,Marketplace,South,188.411
7326,Online,South,119.592
7327,Online,South,331.56
7328,Store,South,155.346
7329,Store,South,476.37399999999997
7330,Online,South,39.03
7331,Marketplace,South,534.225
7332,Online,South,194.28
7333,Online,South,70.254
7334,Marketplace,South,60.68
7335,Store,South,533.19
7336,Store,South,335.563
7337,Store,South,1124.25
7338,Store,South,281.3925
7339,Store,South,829.1429999999999
7340,Online,West,79.53999999999999
7341,Marketplace,West,547.52
7342,Store,West,455.92
7343,Marketplace,West,150.894
7344,Online,West,31.167
7345,Marketplace,West,1200.62
7346,Marketplace,West,69.496
7347,Online,West,1301.92
7348,Online,West,1382.967
7349,Online,West,36.754
7350,Online,West,391.289
7351,Online,West,538.004
7352,Store,West,138.47199999999998
7353,Store,West,146.509
7354,Online,West,175.86
7355,Online,West,521.8405
7356,Online,West,24.208000000000002
7357,Store,West,169.866
7358,Online,West,312.03000000000003
7359,Store,West,1141.25
7360,Online,West,42.36
7361,Online,West,165.67000000000002
7362,Store,West,1032.228
7363,Online,West,151.092
7364,Online,West,92.64
7365,Online,North,604.067
7366,Online,North,583.047
7367,Online,North,105.72
7368,Store,South,467.97
7369,Store,South,542.74
7370,Online,South,1043.9075
7371,Online,South,471.456
7372,Online,South,1333.12
7373,Online,South,841.24
7374,Store,West,217.87
7375,Online,West,342.18
7376,Online,West,293.96
7377,Store,West,188.66000000000003
7378,Marketplace,West,197.046
7379,Online,West,994.8874999999999
7380,Store,West,668.6015
7381,Online,West,181.08399999999997
7382,Online,West,1537.41
7383,Online,West,460.17999999999995
7384,Online,West,55.664
7385,Marketplace,North,632.66
7386,Online,North,247.22799999999998
7387,Online,West,319.56
7388,Online,West,190.116
7389,Online,West,42.296
7390,Store,West,125.12
7391,Online,West,48.078
7392,Online,West,364.30999999999995
7393,Online,West,347.1585
7394,Marketplace,West,181.81099999999998
7395,Store,West,389.946
7396,Online,West,101.14649999999999
7397,Online,West,143.97
7398,Online,West,380.565
7399,Marketplace,West,1730.14
7400,Online,South,110.16
7401,Store,South,211.15
7402,Store,East,260.81
7403,Online,East,85.176
7404,Online,South,468.28999999999996
7405,Online,South,66.29
7406,Store,South,535.88
7407,Store,South,17.964000000000002
7408,Online,South,300.96000000000004
7409,Marketplace,North,147.204
7410,Online,North,299.808
7411,Store,North,460.56000000000006
7412,Online,North,348.43
7413,Online,North,149.68
7414,Online,North,1510.297
7415,Store,South,85.97
7416,Online,South,421.85
7417,Online,South,1274.65
7418,Store,West,5.49
7419,Online,West,157.536
7420,Marketplace,East,684.99
7421,Online,East,387.464
7422,Marketplace,East,34.64
7423,Store,East,145.56
7424,Marketplace,East,1933.8600000000001
7425,Online,East,111.47999999999999
7426,Online,East,628.452
7427,Store,East,253.84
7428,Online,East,504.81
7429,Online,East,63.752
7430,Online,East,118.22649999999999
7431,Online,South,743.3845
7432,Online,South,333.234
7433,Store,South,650.6324999999999
7434,Marketplace,South,89.777
7435,Online,South,897.3
7436,Online,South,268.4045
7437,Marketplace,South,57.1615
7438,Marketplace,South,67.98
7439,Online,South,335.69
7440,Online,North,511.2
7441,Store,North,1275.66
7442,Online,North,141.65
7443,Online,North,632.61
7444,Marketplace,North,1089.42
7445,Online,North,957.4
7446,Online,North,41.4
7447,Store,North,93.636
7448,Store,North,291.59299999999996
7449,Online,North,29.639499999999998
7450,Store,North,142.256
7451,Online,North,954.48
7452,Store,North,287.28
7453,Online,North,742.599
7454,Online,West,1217.8400000000001
7455,Marketplace,West,169.8
7456,Online,West,39.123
7457,Marketplace,West,54.52
7458,Online,West,63.488
7459,Store,North,311.69
7460,Online,North,42.736000000000004
7461,Store,West,2142.4874999999997
7462,Store,West,322.97450000000003
7463,Store,West,520.137
7464,Online,West,519.768
7465,Store,West,102.18
7466,Online,West,759.231
7467,Online,West,132.318
7468,Online,West,352.32
7469,Store,West,829.2739999999999
7470,Store,North,718.4375
7471,Online,North,135.85
7472,Online,North,143.9155
7473,Store,North,668.91
7474,Online,North,170.352
7475,Marketplace,North,93.27
7476,Marketplace,North,41.88
7477,Online,East,163.97
7478,Online,East,826.7695
7479,Online,West,258.22
7480,Store,West,1304.74
7481,Store,West,322.26
7482,Store,West,39.123
7483,Store,West,1418.88
7484,Store,West,767.817
7485,Store,West,65.55
7486,Store,East,620.5799999999999
7487,Online,East,277.92
7488,Store,East,313.41
7489,Online,East,98.08149999999998
7490,Online,East,1089.09
7491,Marketplace,East,1038.1885
7492,Online,East,233.216
7493,Online,East,240.3
7494,Marketplace,East,393.66
7495,Online,East,327.36
7496,Online,East,614.78
7497,Online,East,59.796
7498,Store,East,33.36
7499,Online,East,320.46
7500,Online,East,165.0625
7501,Online,East,110.74
7502,Online,East,1310.7814999999998
7503,Online,East,787.9680000000001
7504,Online,East,69.384
7505,Store,East,453.52
7506,Online,East,451.07899999999995
7507,Online,East,862.06
7508,Marketplace,East,1173.839
7509,Online,West,228.88
7510,Marketplace,West,497.02000000000004
7511,Online,West,416.916
7512,Store,West,453.34
7513,Online,West,274.023
7514,Online,West,545.83
7515,Store,West,1247.59
7516,Online,West,9.633000000000001
7517,Online,South,1904.7400000000002
7518,Store,South,225.06
7519,Online,South,509.38
7520,Online,West,26.05
7521,Online,West,168.99200000000002
7522,Store,West,83.41
7523,Online,East,927.79
7524,Store,South,248.886
7525,Online,South,14.238000000000001
7526,Store,South,329.73
7527,Store,South,1557.98
7528,Store,South,1034.02
7529,Online,South,146.25
7530,Store,South,275.05150000000003
7531,Store,South,101.988
7532,Marketplace,South,863.362
7533,Marketplace,West,443.35
7534,Online,West,475.7029999999999
7535,Online,West,819.026
7536,Online,West,1034.816
7537,Store,West,342.22
7538,Online,West,1547.99
7539,Store,West,88.4085
7540,Online,West,399.40849999999995
7541,Online,South,1022.53
7542,Store,South,314.90999999999997
7543,Store,South,715.62
7544,Online,South,190.85
7545,Store,South,1155.42
7546,Online,South,1458.73
7547,Online,South,227.06
7548,Online,South,100.72800000000001
7549,Store,South,1854.7800000000002
7550,Online,South,179.39200000000002
7551,Store,South,943.98
7552,Store,South,167.12
7553,Online,South,735.8040000000001
7554,Online,South,171.28
7555,Online,South,25.541999999999998
7556,Online,South,27.896
7557,Store,South,370.379
7558,Store,South,306.06149999999997
7559,Online,North,1248.92
7560,Online,North,474.861
7561,Online,North,760.9200000000001
7562,Store,North,536.904
7563,Marketplace,North,959.4000000000001
7564,Online,North,838.4000000000001
7565,Online,North,18.128
7566,Store,,610.62
7567,Online,,109.584
7568,Marketplace,,209.30399999999997
7569,Store,West,584.681
7570,Online,West,57.721999999999994
7571,Online,West,248.3395
7572,Online,West,451.34000000000003
7573,Online,West,208.76
7574,Online,West,1190.25
7575,Store,West,299.7345
7576,Store,West,207.993
7577,Online,West,774.928
7578,Online,West,146.832
7579,Online,West,459.00000000000006
7580,Store,West,252.738
7581,Online,South,271.854
7582,Store,South,248.02
7583,Online,South,330.1485
7584,Online,South,82.076
7585,Store,South,288.666
7586,Online,South,47.07
7587,Marketplace,South,1022.832
7588,Online,South,170.622
7589,Online,South,30.472000000000005
7590,Online,South,235.77100000000002
7591,Online,South,23.445
7592,Online,South,644.427
7593,Online,South,69.331
7594,Store,South,742.0999999999999
7595,Online,South,266.08
7596,Store,South,546.5999999999999
7597,Store,South,632.02
7598,Marketplace,South,64.581
7599,Online,South,35.127
7600,Store,South,292.62
7601,Online,South,406.65
7602,Store,South,413.451
7603,Store,South,473.66999999999996
7604,Online,South,25.731
7605,Online,South,101.11800000000001
7606,Online,South,712.8
7607,Online,South,445.1
7608,Store,South,71.424
7609,Marketplace,South,74.259
7610,Store,South,1312.3405
7611,Online,South,610.7075
7612,Store,South,553.54
7613,Marketplace,South,56.933
7614,Online,South,58.871
7615,Store,South,130.65
7616,Store,South,472.779
7617,Marketplace,South,322.84000000000003
7618,Online,South,456.608
7619,Online,South,2209.25
7620,Store,South,302.50849999999997
7621,Online,South,1451.987
7622,Online,South,273.15999999999997
7623,Online,West,309.04
7624,Store,West,1044.3600000000001
7625,Online,West,182.25
7626,Online,West,399.6615
7627,Store,West,1611.6299999999999
7628,Store,West,11.18
7629,Online,West,25.416
7630,Store,West,64.24
7631,Marketplace,West,778.0000000000001
7632,Marketplace,West,447.40599999999995
7633,Online,East,1063.146
7634,Store,South,1336.62
7635,Store,East,781.9735
7636,Online,South,70.42
7637,Online,South,181.66199999999998
7638,Online,South,563.51
7639,Store,East,256.995
7640,Online,East,224.51899999999998
7641,Store,East,135.813
7642,Online,East,305.79
7643,Marketplace,East,82.52
7644,Online,East,249.46
7645,Online,South,608.3199999999999
7646,Online,South,180.101
7647,Online,South,172.38600000000002
7648,Store,South,311.20099999999996
7649,Marketplace,South,511.82
7650,Online,East,433.80600000000004
7651,Online,East,54.321
7652,Online,East,145.8
7653,Online,East,527.319
7654,Online,East,1065.33
7655,Store,East,168.079
7656,Online,East,386.61
7657,Store,East,1265.29
7658,Online,East,378.82800000000003
7659,Online,East,1994.9144999999999
7660,Online,South,347.3959999999999
7661,Online,South,14.19
7662,Online,South,40.56
7663,Store,South,332.8705
7664,Marketplace,West,300.67499999999995
7665,Online,West,837.54
7666,Store,West,294.661
7667,Store,West,1310.525
7668,Store,West,270.98
7669,Online,West,1094.71
7670,Online,West,506.93999999999994
7671,Online,West,63.72
7672,Marketplace,North,400.98
7673,Online,North,366.17400000000004
7674,Online,North,453.79200000000003
7675,Online,North,121.76
7676,Store,North,377.57
7677,Online,North,281.5895
7678,Online,North,65.07
7679,Marketplace,North,338.75100000000003
7680,Online,North,742.1199999999999
7681,Online,East,347.26750000000004
7682,Online,East,757.18
7683,Online,East,73.899
7684,Store,East,452.33
7685,Store,East,107.44
7686,Store,East,681.462
7687,Store,East,70.047
7688,Online,East,835.8599999999999
7689,Store,North,768.141
7690,Marketplace,North,134.487
7691,Online,North,795.0645
7692,Store,North,274.62
7693,Marketplace,North,435.90999999999997
7694,Online,North,176.307
7695,Store,East,1710.14
7696,Store,East,379.22999999999996
7697,Online,East,72.37100000000001
7698,Store,East,27.675
7699,Marketplace,East,801.686
7700,Online,East,289.38
7701,Online,East,135.47299999999998
7702,Marketplace,East,295.08
7703,Store,East,148.01
7704,Online,East,204.46
7705,Store,East,513.64
7706,Store,North,699.91
7707,Online,North,625.48
7708,Store,East,537.2535
7709,Online,East,716.1600000000001
7710,Online,East,29.954
7711,Store,East,187.19
7712,Online,East,240.7115
7713,Store,East,273.27500000000003
7714,Online,East,16.966
7715,Store,East,460.734
7716,Store,North,243.46999999999997
7717,Online,North,1418.44
7718,Online,North,253.47
7719,Online,North,1061.766
7720,Online,North,2084.92
7721,Online,North,14.722
7722,Online,North,82.53
7723,Store,East,734.6065
7724,Store,West,199.32
7725,Online,West,321.78000000000003
7726,Online,West,486.8465
7727,Online,West,344.165
7728,Store,South,23.636
7729,Store,South,693.1199999999999
7730,Store,South,1749.3899999999999
7731,Store,South,273.15999999999997
7732,Store,South,197.619
7733,Marketplace,South,543.3
7734,Online,South,61.5
7735,Online,South,1318.9
7736,Store,South,68.79
7737,Store,South,122.18
7738,Online,South,187.935
7739,Marketplace,South,240.6775
7740,Online,West,91.36800000000001
7741,Store,West,274.02
7742,Online,West,53.784
7743,Marketplace,West,348.449
7744,Online,West,1336.2129999999997
7745,Online,West,730.1600000000001
7746,Marketplace,West,137.96
7747,Online,West,168.99200000000002
7748,Store,West,543.32
7749,Online,West,99.73899999999999
7750,Online,West,107.47
7751,Store,West,681.885
7752,Online,West,1012.9050000000001
7753,Online,West,131.73299999999998
7754,Online,West,1265.28
7755,Online,West,243.35000000000002
7756,Online,North,620.4200000000001
7757,Store,North,374.9555
7758,Online,North,169.66
7759,Marketplace,North,123.06
7760,Store,North,1015.6
7761,Online,North,504.59000000000003
7762,Online,North,67.446
7763,Online,North,52.3
7764,Online,North,67.98
7765,Store,South,656.4300000000001
7766,Marketplace,South,288.9045
7767,Store,South,269.31600000000003
7768,Online,South,445.6165
7769,Online,South,44.455
7770,Online,West,67.64
7771,Store,West,1498.61
7772,Marketplace,West,163.56
7773,Marketplace,West,652.4939999999999
7774,Store,West,68.51
7775,Store,West,582.1379999999999
7776,Online,West,404.95000000000005
7777,Online,West,122.02000000000001
7778,Store,West,119.01599999999999
7779,Online,West,597.33
7780,Online,West,39.19200000000001
7781,Online,West,96.35999999999999
7782,Online,East,396.73
7783,Store,East,232.46999999999997
7784,Store,East,362.69
7785,Online,East,221.16000000000003
7786,Online,East,706.968
7787,Online,East,93.50100000000002
7788,Online,East,631.38
7789,Store,East,606.15
7790,Store,East,193.67000000000002
7791,Online,East,1345.504
7792,Marketplace,East,313.1485
7793,Marketplace,East,117.09
7794,Marketplace,East,619.4
7795,Online,East,704.1510000000001
7796,Store,East,8.619
7797,Marketplace,East,457.1495
7798,Store,East,259.90099999999995
7799,Store,East,249.73000000000002
7800,Store,East,935.5
7801,Online,East,962.5319999999999
7802,Marketplace,East,319.41999999999996
7803,Online,East,95.132
7804,Store,East,1851.1920000000002
7805,Online,East,441.85
7806,Online,East,317.65999999999997
7807,Online,East,245.151
7808,Online,East,661.65
7809,Online,East,2583.342
7810,Online,East,691.6099999999999
7811,Marketplace,South,194.472
7812,Online,South,242.33
7813,Online,South,238.56949999999998
7814,Store,South,840.21
7815,Store,South,1316.5
7816,Online,South,423.24
7817,Store,South,495.4770000000001
7818,Store,South,101.52000000000001
7819,Online,West,105.564
7820,Online,West,870.85
7821,Online,West,71.026
7822,Store,West,69.0
7823,Online,West,1047.57
7824,Online,West,659.3284999999998
7825,Marketplace,West,295.632
7826,Online,East,1414.13
7827,Online,East,41.4375
7828,Marketplace,East,254.44799999999998
7829,Marketplace,East,265.33000000000004
7830,Online,East,583.85
7831,Online,East,80.002
7832,Marketplace,East,2002.22
7833,Online,East,1622.7009999999998
7834,Store,East,335.13
7835,Online,East,259.5685
7836,Store,South,510.48
7837,Marketplace,South,25.721
7838,Store,South,262.5395
7839,Marketplace,South,399.654
7840,Online,South,223.25
7841,Store,South,108.868
7842,Store,West,362.16799999999995
7843,Store,North,245.17399999999998
7844,Store,North,343.32
7845,Store,North,115.47999999999999
7846,Online,North,74.48
7847,Online,North,190.48499999999999
7848,Online,North,942.419
7849,Online,North,109.61600000000001
7850,Marketplace,North,1155.86
7851,Online,North,135.47299999999998
7852,Marketplace,North,357.56
7853,Store,North,204.663
7854,Marketplace,North,854.8299999999999
7855,Online,North,968.2304999999999
7856,Online,North,467.024
7857,Marketplace,North,125.476
7858,Online,North,53.584
7859,Marketplace,North,731.4100000000001
7860,Store,North,39.68
7861,Store,North,167.12
7862,Store,North,559.8064999999999
7863,Store,East,430.44999999999993
7864,Online,East,390.677
7865,Online,East,15.572
7866,Online,East,464.40999999999997
7867,Online,East,103.15599999999999
7868,Store,East,530.3375
7869,Store,East,1265.06
7870,Online,East,298.45
7871,Store,East,697.1105
7872,Online,East,626.8699999999999
7873,Store,East,390.17449999999997
7874,Online,East,916.8390000000002
7875,Store,East,24.122999999999998
7876,Online,West,801.4395
7877,Online,North,659.9175
7878,Online,North,20.177999999999997
7879,Online,North,432.54
7880,Online,North,357.2
7881,Online,North,27.342
7882,Online,North,425.6544999999999
7883,Online,North,753.46
7884,Online,North,463.06
7885,Online,North,70.254
7886,Marketplace,North,532.61
7887,Store,North,388.28000000000003
7888,Online,North,223.39
7889,Online,North,416.90999999999997
7890,Online,North,338.2575
7891,Online,North,1048.0875
7892,Store,North,450.34749999999997
7893,Marketplace,North,463.9
7894,Online,North,982.23
7895,Online,North,288.2605
7896,Online,North,191.65
7897,Online,North,725.4155000000001
7898,Store,North,122.791
7899,Store,North,1429.1609999999998
7900,Marketplace,North,516.72
7901,Store,North,585.9789999999999
7902,Store,North,1907.3625
7903,Online,North,81.6715
7904,Store,North,193.941
7905,Store,North,411.4
7906,Marketplace,North,223.79
7907,Store,North,343.56149999999997
7908,Store,North,1437.75
7909,Marketplace,North,119.14
7910,Online,North,123.27199999999999
7911,Online,North,880.362
7912,Online,West,694.76
7913,Store,North,107.99
7914,Online,North,66.15
7915,Online,North,1286.145
7916,Online,North,245.848
7917,Store,North,352.56399999999996
7918,Store,North,203.49
7919,Online,North,807.048
7920,Store,East,143.595
7921,Store,East,197.046
7922,Marketplace,East,322.405
7923,Online,East,437.13
7924,Store,West,198.45000000000002
7925,Online,West,1724.8484999999998
7926,Online,East,365.07
7927,Online,East,310.57
7928,Online,East,233.216
7929,Marketplace,East,307.29
7930,Marketplace,East,133.4415
7931,Online,East,30.75
7932,Online,East,1368.665
7933,Online,East,27.056
7934,Online,East,514.62
7935,Online,East,563.283
7936,Online,East,825.46
7937,Online,East,163.53
7938,Online,East,127.024
7939,Marketplace,East,149.499
7940,Online,East,633.1179999999999
7941,Online,East,336.96
7942,Online,West,132.3
7943,Online,West,97.274
7944,Online,West,791.5284999999999
7945,Store,West,1215.2160000000001
7946,Marketplace,South,139.026
7947,Online,South,449.2265
7948,Store,South,1159.27
7949,Online,South,49.744
7950,Online,South,77.539
7951,Store,South,709.86
7952,Store,South,40.4415
7953,Store,South,459.46000000000004
7954,Store,South,613.86
7955,Store,South,341.18000000000006
7956,Store,South,2055.52
7957,Store,South,162.962
7958,Store,South,91.38050000000001
7959,Marketplace,South,54.84
7960,Store,South,1129.455
7961,Store,South,354.7395
7962,Marketplace,South,35.24
7963,Marketplace,South,344.60999999999996
7964,Online,South,250.512
7965,Online,South,409.97600000000006
7966,Online,North,105.62
7967,Store,East,1164.24
7968,Online,East,550.3919999999999
7969,Store,East,1266.4099999999999
7970,Online,East,352.614
7971,Store,East,29.84
7972,Marketplace,East,104.6045
7973,Online,East,93.15
7974,Online,East,114.78
7975,Online,East,168.99200000000002
7976,Online,East,77.29
7977,Store,East,220.52999999999997
7978,Store,East,171.62
7979,Online,East,593.19
7980,Store,East,24.7475
7981,Store,East,347.34399999999994
7982,Store,East,706.22
7983,Marketplace,East,1801.1000000000001
7984,Online,East,571.6899999999999
7985,Store,East,1642.0555
7986,Marketplace,East,221.1615
7987,Online,East,71.424
7988,Store,East,325.37700000000007
7989,Online,East,99.144
7990,Store,East,266.841
7991,Online,East,281.0955
7992,Online,East,820.5719999999999
7993,Online,East,169.422
7994,Online,East,585.1485
7995,Online,East,92.64
7996,Online,East,562.131
7997,Online,East,856.1800000000001
7998,Online,East,183.35999999999999
7999,Store,East,121.9
8000,Online,East,268.26
8001,Online,East,85.97
8002,Marketplace,East,1124.75
8003,Online,East,409.887
8004,Store,East,877.71
8005,Online,West,571.52
8006,Marketplace,West,334.9985
8007,Store,West,538.8199999999999
8008,Online,West,139.6215
8009,Store,North,164.39
8010,Marketplace,North,332.452
8011,Online,North,685.9200000000001
8012,Marketplace,North,35.757
8013,Online,South,344.76300000000003
8014,Online,South,128.16000000000003
8015,Store,South,300.00600000000003
8016,Online,South,426.024
8017,Online,South,64.14099999999999
8018,Online,South,841.586
8019,Online,South,58.13999999999999
8020,Marketplace,South,48.99
8021,Online,South,681.948
8022,Marketplace,South,542.99
8023,Online,South,663.746
8024,Online,South,71.264
8025,Store,West,168.01
8026,Store,West,463.24
8027,Online,West,103.15599999999999
8028,Online,West,142.528
8029,Marketplace,West,409.04999999999995
8030,Online,West,315.081
8031,Online,West,1040.274
8032,Online,West,117.89099999999999
8033,Online,West,1184.283
8034,Store,West,426.92
8035,Online,West,219.39299999999997
8036,Store,North,2273.25
8037,Marketplace,North,466.34000000000003
8038,Store,North,972.5529999999999
8039,Online,North,116.30000000000001
8040,Store,North,311.09000000000003
8041,Store,North,121.36
8042,Online,North,314.92800000000005
8043,Online,North,472.5775
8044,Marketplace,North,201.70499999999998
8045,Store,North,2426.31
8046,Online,North,41.038
8047,Marketplace,North,67.914
8048,Online,North,41.6415
8049,Store,North,960.021
8050,Store,North,596.8100000000001
8051,Online,North,1523.34
8052,Marketplace,North,268.889
8053,Store,North,1093.3380000000002
8054,Marketplace,North,14.19
8055,Online,North,1964.313
8056,Online,North,302.72400000000005
8057,Online,North,612.1600000000001
8058,Online,North,43.1965
8059,Store,North,200.94
8060,Store,North,549.8910000000001
8061,Online,North,1058.9299999999998
8062,Marketplace,North,209.96
8063,Store,North,521.154
8064,Marketplace,North,789.5250000000001
8065,Online,North,287.244
8066,Online,North,337.491
8067,Online,North,852.788
8068,Store,North,318.177
8069,Online,North,488.29999999999995
8070,Marketplace,North,557.83
8071,Online,North,345.717
8072,Online,North,201.89999999999998
8073,Online,North,543.888
8074,Store,East,20.124
8075,Online,East,7.786
8076,Online,East,13.447
8077,Online,East,836.154
8078,Store,South,317.90000000000003
8079,Store,South,508.58000000000004
8080,Online,South,1502.97
8081,Online,South,292.02
8082,Online,South,811.22
8083,Online,South,186.678
8084,Online,South,533.8595
8085,Store,South,1124.22
8086,Store,South,258.633
8087,Marketplace,South,721.354
8088,Online,South,113.3
8089,Online,South,991.831
8090,Store,South,556.461
8091,Store,South,31.2455
8092,Online,South,565.78
8093,Store,South,512.487
8094,Online,South,516.579
8095,Online,South,117.60000000000001
8096,Online,South,512.12
8097,Online,South,103.36
8098,Online,South,8.65
8099,Store,South,401.32
8100,Online,South,302.4
8101,Online,South,174.05
8102,Store,South,476.0
8103,Store,South,1199.2609999999997
8104,Store,South,98.181
8105,Store,South,345.79999999999995
8106,Marketplace,South,369.405
8107,Store,South,16.452
8108,Store,South,1157.15
8109,Online,South,168.99200000000002
8110,Marketplace,South,316.22
8111,Online,South,1255.08
8112,Store,South,1268.25
8113,Online,South,128.1
8114,Marketplace,South,591.039
8115,Marketplace,South,18.32
8116,Store,South,1672.9595
8117,Online,South,106.22999999999999
8118,Store,South,568.29
8119,Online,South,1238.6879999999999
8120,Online,South,369.63
8121,Store,South,302.328
8122,Online,South,435.4515
8123,Online,South,736.7249999999999
8124,Store,South,93.96000000000001
8125,Store,South,396.72
8126,Online,South,78.44
8127,Store,South,263.7675
8128,Store,South,60.88
8129,Marketplace,South,54.60399999999999
8130,Online,South,121.312
8131,Online,South,164.151
8132,Store,South,434.074
8133,Online,South,7.786
8134,Store,South,354.6
8135,Store,South,479.66
8136,Online,South,9.633000000000001
8137,Online,South,8.512
8138,Marketplace,South,628.452
8139,Store,South,515.71
8140,Store,South,40.307
8141,Store,South,1092.139
8142,Marketplace,South,1243.4199999999998
8143,Store,South,121.1
8144,Store,South,155.27
8145,Online,South,67.446
8146,Store,South,340.34400000000005
8147,Online,South,94.10400000000001
8148,Store,South,319.219
8149,Store,South,362.934
8150,Online,South,1319.1570000000002
8151,Store,South,243.34199999999998
8152,Online,South,31.09
8153,Store,South,627.73
8154,Store,South,165.62
8155,Online,South,316.86
8156,Marketplace,South,54.321
8157,Online,South,39.52
8158,Store,South,191.3015
8159,Online,South,20.539
8160,Online,South,60.016
8161,Online,South,1220.9875
8162,Online,South,282.46000000000004
8163,Store,South,34.64
8164,Online,South,553.023
8165,Marketplace,South,664.7339999999999
8166,Online,South,64.4555
8167,Online,South,1227.77
8168,Online,North,588.4869999999999
8169,Online,North,22.704
8170,Online,North,174.19199999999998
8171,Store,North,189.9
8172,Store,North,368.8
8173,Online,North,1452.99
8174,Online,North,278.443
8175,Marketplace,North,145.53900000000002
8176,Store,North,262.27
8177,Online,North,327.35
8178,Store,North,276.354
8179,Online,East,105.62
8180,Online,East,166.14
8181,Store,East,214.17000000000002
8182,Online,East,305.626
8183,Marketplace,East,324.6405
8184,Online,East,834.309
8185,Online,East,66.816
8186,Online,North,240.94099999999997
8187,Online,North,118.0945
8188,Online,North,1329.8005
8189,Online,North,649.5799999999999
8190,Marketplace,North,157.63
8191,Online,North,323.226
8192,Online,North,370.379
8193,Store,North,329.562
8194,Online,West,1278.9524999999999
8195,Online,West,377.05150000000003
8196,Online,West,1173.6799999999998
8197,Online,West,1546.65
8198,Store,West,324.2445
8199,Marketplace,West,143.90599999999998
8200,Online,West,819.451
8201,Online,West,768.02
8202,Store,South,24.7
8203,Online,South,1500.0120000000002
8204,Store,South,486.27
8205,Online,South,136.494
8206,Online,South,626.3820000000001
8207,Marketplace,South,855.4499999999999
8208,Online,South,455.92
8209,Store,North,169.776
8210,Marketplace,North,704.754
8211,Online,North,420.87750000000005
8212,Store,North,296.217
8213,Store,South,438.61
8214,Online,South,96.32199999999999
8215,Store,South,101.49
8216,Online,South,116.705
8217,Store,South,340.28100000000006
8218,Store,South,104.25600000000001
8219,Online,South,280.50300000000004
8220,Store,North,43.24
8221,Online,North,387.84000000000003
8222,Store,North,364.22999999999996
8223,Store,North,87.6375
8224,Store,North,57.42
8225,Store,North,375.96
8226,Online,East,402.63
8227,Online,East,330.79949999999997
8228,Store,East,263.57
8229,Online,East,884.748
8230,Online,East,169.31
8231,Online,East,599.616
8232,Online,East,299.93999999999994
8233,Marketplace,East,1661.6000000000001
8234,Store,East,1964.5700000000002
8235,Store,East,759.373
8236,Store,East,1271.16
8237,Store,East,97.5
8238,Online,East,1116.339
8239,Online,East,785.49
8240,Store,East,603.8199999999999
8241,Marketplace,East,490.59999999999997
8242,Online,East,226.55599999999998
8243,Online,West,643.603
8244,Online,,23.494
8245,Online,,609.0335
8246,Store,,418.41999999999996
8247,Online,,243.34
8248,Store,West,201.74
8249,Store,West,429.23
8250,Online,West,455.0
8251,Online,West,168.36800000000002
8252,Store,West,78.34500000000001
8253,Store,East,32.89
8254,Online,East,1517.8025
8255,Marketplace,East,158.5335
8256,Online,East,81.719
8257,Store,East,683.38
8258,Marketplace,East,91.341
8259,Store,East,1113.9415
8260,Marketplace,East,365.73
8261,Online,East,353.077
8262,Online,East,1138.6260000000002
8263,Store,East,67.98
8264,Marketplace,East,2029.077
8265,Store,East,590.49
8266,Store,East,404.703
8267,Marketplace,East,662.87
8268,Store,East,131.12
8269,Online,East,576.1939999999998
8270,Online,East,4.056
8271,Online,East,2333.79
8272,Online,East,1076.0935
8273,Marketplace,East,176.817
8274,Online,East,845.7945
8275,Online,East,120.65
8276,Marketplace,East,621.6800000000001
8277,Store,East,566.0954999999999
8278,Online,East,153.824
8279,Online,East,432.144
8280,Store,West,913.903
8281,Online,West,671.1
8282,Online,West,69.81
8283,Online,West,546.99
8284,Online,West,156.114
8285,Store,West,46.89
8286,Online,West,19.768
8287,Store,West,298.2
8288,Online,West,488.461
8289,Online,West,33.7705
8290,Online,South,75.616
8291,Online,South,119.14999999999999
8292,Store,North,378.738
8293,Store,North,394.17300000000006
8294,Marketplace,North,391.95000000000005
8295,Store,North,456.86
8296,Online,North,78.744
8297,Online,North,166.34
8298,Online,North,297.744
8299,Store,South,551.5395
8300,Online,South,280.908
8301,Online,South,545.78
8302,Store,South,190.95
8303,Online,East,758.948
8304,Online,East,1446.462
8305,Marketplace,East,1743.786
8306,Online,East,57.815999999999995
8307,Online,East,783.123
8308,Online,East,235.161
8309,Online,East,340.14
8310,Online,East,316.353
8311,Online,East,62.829
8312,Online,East,18.299999999999997
8313,Online,East,221.1615
8314,Online,West,28.59
8315,Store,West,241.60000000000002
8316,Online,North,876.57
8317,Online,North,62.169
8318,Online,West,720.681
8319,Online,West,596.3345
8320,Online,West,559.14
8321,Marketplace,West,435.59950000000003
8322,Store,West,150.51600000000002
8323,Online,West,123.41999999999999
8324,Online,West,131.3185
8325,Marketplace,North,369.3695
8326,Online,North,37.314
8327,Online,North,229.56
8328,Online,North,836.883
8329,Store,North,285.4215
8330,Online,North,39.19200000000001
8331,Online,North,653.8849999999999
8332,Online,North,129.7985
8333,Online,North,421.94999999999993
8334,Online,North,216.99899999999997
8335,Marketplace,West,342.12
8336,Online,West,409.842
8337,Online,West,608.821
8338,Online,South,204.915
8339,Store,South,1342.8000000000002
8340,Online,South,423.58500000000004
8341,Online,South,554.45
8342,Online,South,354.29400000000004
8343,Online,South,117.04500000000002
8344,Store,South,1134.48
8345,Online,South,805.6800000000001
8346,Store,South,803.1015
8347,Online,South,145.76
8348,Online,South,921.52
8349,Online,South,47.934
8350,Online,South,321.94
8351,Online,South,478.53
8352,Marketplace,South,238.93
8353,Marketplace,South,5.49
8354,Online,South,360.9
8355,Online,South,879.1585
8356,Online,South,681.462
8357,Store,East,614.63
8358,Online,East,51.645999999999994
8359,Online,East,48.608000000000004
8360,Online,East,657.039
8361,Store,East,21.357
8362,Online,East,88.4085
8363,Online,East,482.154
8364,Online,East,268.804
8365,Marketplace,East,349.0205
8366,Marketplace,East,403.90000000000003
8367,Store,East,22.39
8368,Store,East,528.26
8369,Online,East,297.55
8370,Store,East,391.194
8371,Store,North,123.25
8372,Store,North,1291.167
8373,Online,North,279.312
8374,Online,North,337.48
8375,Marketplace,North,115.97999999999999
8376,Marketplace,North,125.63
8377,Marketplace,North,471.24
8378,Store,North,59.071
8379,Store,North,196.8175
8380,Store,North,586.6800000000001
8381,Marketplace,North,518.89
8382,Online,North,161.6445
8383,Store,North,1096.8605
8384,Store,North,53.941
8385,Online,North,257.85
8386,Online,North,30.75
8387,Online,North,376.1
8388,Store,North,559.0999999999999
8389,Marketplace,North,634.86
8390,Online,North,127.53399999999999
8391,Online,North,591.9300000000001
8392,Store,North,270.98
8393,Store,North,454.803
8394,Online,North,69.416
8395,Online,North,49.76
8396,Marketplace,North,1211.839
8397,Online,North,373.473
8398,Online,North,361.3895
8399,Marketplace,North,123.41999999999999
8400,Store,North,1196.58
8401,Online,North,475.52
8402,Online,North,277.644
8403,Store,East,93.7295
8404,Store,South,582.24
8405,Online,South,136.494
8406,Store,South,269.84999999999997
8407,Online,South,270.84
8408,Store,North,251.06
8409,Online,East,416.7745
8410,Online,East,1256.68
8411,Online,East,760.5034999999999
8412,Online,East,220.5
8413,Marketplace,East,53.262
8414,Online,East,1963.7165
8415,Online,East,594.5005
8416,Store,East,406.74
8417,Online,East,298.5
8418,Online,East,159.651
8419,Store,East,555.5685
8420,Online,East,885.21
8421,Store,East,446.66149999999993
8422,Online,East,375.264
8423,Marketplace,East,76.18
8424,Store,East,75.02
8425,Online,East,835.47
8426,Store,East,304.58
8427,Store,East,870.8174999999999
8428,Online,East,443.36
8429,Store,East,1066.6505
8430,Store,East,696.25
8431,Online,East,103.496
8432,Online,East,261.84
8433,Online,East,63.512
8434,Online,East,39.123
8435,Store,East,329.42199999999997
8436,Online,East,148.872
8437,Store,East,101.49
8438,Online,East,924.688
8439,Online,East,161.82
8440,Online,East,109.224
8441,Online,East,77.67
8442,Store,East,209.85999999999999
8443,Store,East,378.09000000000003
8444,Store,East,291.83
8445,Store,East,1649.2949999999998
8446,Online,East,641.72
8447,Online,East,388.75
8448,Online,East,344.48400000000004
8449,Marketplace,East,499.82
8450,Store,East,767.4
8451,Store,East,555.96
8452,Online,East,630.126
8453,Marketplace,East,185.28
8454,Online,East,122.24
8455,Online,East,577.37
8456,Online,East,265.297
8457,Store,West,517.0295
8458,Online,West,14.705
8459,Marketplace,South,291.52
8460,Online,South,297.81
8461,Online,South,66.351
8462,Store,South,500.38
8463,Store,South,69.58
8464,Online,West,789.0400000000001
8465,Online,West,70.99199999999999
8466,Online,West,235.71
8467,Online,West,131.07
8468,Online,West,85.176
8469,Online,West,401.427
8470,Store,West,391.12
8471,Online,West,149.94
8472,Store,West,635.06
8473,Online,West,357.782
8474,Online,West,351.99
8475,Online,West,1090.66
8476,Online,West,244.305
8477,Marketplace,West,74.2425
8478,Store,West,60.55
8479,Online,North,535.24
8480,Store,North,2127.5550000000003
8481,Online,North,256.75
8482,Store,North,372.9715
8483,Online,North,732.85
8484,Store,North,864.1675
8485,Store,North,200.82
8486,Online,North,1492.6685
8487,Online,North,123.88949999999998
8488,Store,East,43.47
8489,Store,East,43.3105
8490,Online,West,273.24
8491,Store,West,1623.664
8492,Store,West,67.35600000000001
8493,Store,West,14.238000000000001
8494,Online,West,27.712000000000003
8495,Marketplace,West,123.174
8496,Store,West,302.72400000000005
8497,Marketplace,West,223.58999999999997
8498,Store,West,714.0509999999999
8499,Online,West,362.08000000000004
8500,Online,West,30.183999999999997
8501,Store,West,152.18
8502,Marketplace,East,464.50800000000004
8503,Store,East,567.24
8504,Store,East,271.31999999999994
8505,Online,East,202.98850000000002
8506,Online,East,108.97200000000001
8507,Store,South,51.96
8508,Online,South,103.496
8509,Online,East,8.4235
8510,Online,East,16.452
8511,Store,East,290.79
8512,Store,East,290.79
8513,Online,East,14.19
8514,Online,East,709.2825
8515,Online,East,137.552
8516,Online,East,352.64700000000005
8517,Marketplace,East,646.24
8518,Online,East,194.84550000000002
8519,Online,East,377.94
8520,Store,East,1001.4209999999999
8521,Marketplace,East,759.04
8522,Store,East,390.2
8523,Online,West,425.885
8524,Online,West,309.264
8525,Online,West,286.69
8526,Online,West,219.32999999999998
8527,Online,West,1138.6699999999998
8528,Online,West,51.645999999999994
8529,Store,West,821.745
8530,Online,West,989.1099999999999
8531,Store,West,486.8465
8532,Online,West,1009.02
8533,Marketplace,West,27.9565
8534,Online,West,268.87
8535,Store,West,804.8599999999999
8536,Store,West,334.611
8537,Online,West,473.22
8538,Online,West,27.064
8539,Store,West,150.66
8540,Marketplace,North,664.6659999999999
8541,Online,North,996.8100000000001
8542,Marketplace,North,380.95
8543,Store,North,754.3
8544,Store,East,556.98
8545,Online,East,65.5605
8546,Online,East,261.2135
8547,Online,East,165.8
8548,Online,East,495.75
8549,Store,East,199.32
8550,Online,East,31.691999999999997
8551,Store,East,739.0155
8552,Online,East,15.21
8553,Online,East,288.42
8554,Online,East,368.95
8555,Store,North,519.2795
8556,Online,North,634.96
8557,Store,North,411.57900000000006
8558,Marketplace,North,219.88
8559,Online,North,453.79200000000003
8560,Marketplace,North,921.9300000000001
8561,Online,North,356.00399999999996
8562,Marketplace,South,647.3679999999999
8563,Online,South,520.98
8564,Store,South,213.82600000000002
8565,Online,South,628.452
8566,Marketplace,East,668.5165
8567,Online,East,23.0
8568,Online,East,473.433
8569,Online,East,160.20999999999998
8570,Online,East,722.57
8571,Online,North,635.74
8572,Online,North,72.9045
8573,Store,North,76.18
8574,Online,North,31.224000000000004
8575,Online,North,213.028
8576,Online,North,165.66
8577,Online,North,688.823
8578,Online,North,206.43
8579,Online,North,253.863
8580,Store,North,208.42
8581,Store,North,330.48
8582,Store,North,39.93
8583,Online,North,24.872
8584,Marketplace,North,661.48
8585,Store,North,454.803
8586,Store,West,96.5
8587,Marketplace,West,275.3915
8588,Online,West,1150.0
8589,Store,East,138.357
8590,Online,East,374.409
8591,Store,East,432.67999999999995
8592,Online,North,328.1965
8593,Online,East,427.97
8594,Online,East,338.22
8595,Online,East,493.6715
8596,Store,East,321.266
8597,Online,East,372.23
8598,Online,East,800.683
8599,Store,East,597.19
8600,Online,East,261.3
8601,Store,East,908.874
8602,Store,East,40.788000000000004
8603,Online,East,321.048
8604,Store,North,510.26
8605,Store,North,28.747
8606,Online,East,96.14
8607,Store,East,316.61
8608,Store,East,446.96000000000004
8609,Store,East,215.726
8610,Online,East,253.98
8611,Online,East,320.3905
8612,Online,East,151.53799999999998
8613,Online,East,33.82
8614,Store,East,639.3595
8615,Online,East,505.48
8616,Store,East,293.34
8617,Store,North,732.357
8618,Online,North,176.307
8619,Marketplace,North,207.153
8620,Online,North,590.478
8621,Online,West,200.678
8622,Online,West,128.911
8623,Marketplace,West,363.41999999999996
8624,Online,West,176.307
8625,Online,West,552.76
8626,Online,West,110.85
8627,Marketplace,West,66.321
8628,Online,East,393.01000000000005
8629,Online,South,458.25
8630,Online,South,1688.43
8631,Online,South,398.36
8632,Online,North,187.66
8633,Marketplace,North,202.77599999999998
8634,Online,North,67.73649999999999
8635,Online,West,53.26
8636,Online,West,294.822
8637,Marketplace,West,118.94999999999999
8638,Online,West,197.74399999999997
8639,Store,East,364.51399999999995
8640,Online,East,1553.436
8641,Online,East,1154.1385
8642,Online,East,31.92
8643,Online,North,202.21699999999998
8644,Online,North,337.73
8645,Online,North,963.56
8646,Online,South,311.58
8647,Online,South,1258.9
8648,Online,South,376.94
8649,Marketplace,South,644.8789999999999
8650,Online,South,397.94
8651,Store,South,356.8105
8652,Marketplace,South,237.80400000000003
8653,Online,South,347.34000000000003
8654,Store,South,242.24
8655,Online,South,1723.32
8656,Online,South,335.59
8657,Store,South,649.3065
8658,Online,South,895.2
8659,Store,South,90.94
8660,Online,South,248.63
8661,Store,South,204.155
8662,Online,South,110.4375
8663,Online,South,1264.66
8664,Online,South,168.99200000000002
8665,Store,South,85.006
8666,Online,South,96.32199999999999
8667,Online,South,175.38
8668,Store,South,25.721
8669,Online,South,28.907999999999998
8670,Store,South,134.04
8671,Online,East,399.133
8672,Online,East,43.29
8673,Marketplace,East,248.77
8674,Marketplace,East,1064.35
8675,Store,East,316.86
8676,Online,East,454.82000000000005
8677,Store,East,409.4595
8678,Online,East,116.5555
8679,Marketplace,East,685.5840000000001
8680,Store,East,67.98
8681,Online,East,53.941
8682,Online,East,610.096
8683,Online,East,135.15
8684,Store,East,566.01
8685,Store,East,185.1895
8686,Online,East,471.86499999999995
8687,Online,North,85.059
8688,Store,North,27.64
8689,Store,North,336.1385
8690,Marketplace,North,210.14100000000002
8691,Store,North,1042.984
8692,Online,North,497.403
8693,Online,North,428.814
8694,Store,South,683.76
8695,Online,South,723.85
8696,Online,South,253.48999999999998
8697,Online,South,74.97
8698,Online,North,8.919
8699,Online,North,29.4355
8700,Store,North,6.1
8701,Store,North,126.92
8702,Online,North,121.76
8703,Online,North,1065.13
8704,Marketplace,North,1011.4470000000001
8705,Store,North,21.62
8706,Online,West,153.81
8707,Marketplace,West,101.49
8708,Online,West,364.5
8709,Marketplace,West,369.33
8710,Online,West,3227.57
8711,Marketplace,West,79.917
8712,Store,South,179.919
8713,Online,South,491.24049999999994
8714,Online,South,73.746
8715,Online,South,685.08
8716,Online,South,14.624000000000002
8717,Marketplace,South,493.64599999999996
8718,Online,South,823.374
8719,Online,North,187.54899999999998
8720,Online,North,126.03
8721,Online,North,202.95800000000003
8722,Online,North,559.5999999999999
8723,Marketplace,North,38.046
8724,Online,North,578.0070000000001
8725,Store,North,2718.3599999999997
8726,Store,North,723.08
8727,Online,North,287.244
8728,Store,North,97.614
8729,Store,North,81.61
8730,Online,North,690.64
8731,Store,North,1234.242
8732,Store,North,72.98
8733,Online,North,241.272
8734,Marketplace,North,335.889
8735,Online,North,50.994
8736,Marketplace,North,330.84999999999997
8737,Store,North,501.704
8738,Online,North,833.93
8739,Store,North,188.388
8740,Online,North,211.24
8741,Store,North,183.35999999999999
8742,Online,East,139.9865
8743,Online,East,651.3300000000002
8744,Store,East,182.04
8745,Store,East,611.952
8746,Store,East,567.42
8747,Store,East,965.3100000000001
8748,Online,East,72.98
8749,Store,East,257.38
8750,Online,East,182.988
8751,Store,East,563.89
8752,Online,North,434.93399999999997
8753,Store,North,697.77
8754,Online,North,20.7
8755,Online,North,282.26
8756,Online,North,1128.14
8757,Store,North,940.4190000000001
8758,Online,North,407.538
8759,Online,North,383.1825
8760,Store,North,730.62
8761,Store,North,150.741
8762,Online,North,284.71
8763,Marketplace,North,1698.79
8764,Store,North,542.583
8765,Online,North,504.716
8766,Online,North,316.21
8767,Marketplace,West,1638.8700000000001
8768,Online,West,123.31800000000001
8769,Marketplace,South,94.14899999999999
8770,Marketplace,South,723.46
8771,Online,South,926.21
8772,Store,South,275.2815
8773,Online,South,1857.38
8774,Online,South,24.7
8775,Online,South,1155.86
8776,Online,South,69.904
8777,Store,South,437.87
8778,Store,South,126.42049999999999
8779,Store,South,518.704
8780,Online,South,388.63
8781,Store,West,641.898
8782,Store,West,131.79
8783,Online,West,92.601
8784,Online,West,513.081
8785,Store,West,516.375
8786,Store,West,131.07
8787,Online,West,313.64
8788,Online,West,98.775
8789,Online,West,34.281000000000006
8790,Online,East,39.03
8791,Online,East,1142.7825000000003
8792,Online,East,787.77
8793,Store,East,301.34000000000003
8794,Store,East,21.24
8795,Online,East,391.289
8796,Store,East,1080.826
8797,Online,East,381.293
8798,Online,East,101.536
8799,Online,East,520.54
8800,Marketplace,East,560.538
8801,Online,East,120.492
8802,Online,South,281.44
8803,Online,South,614.016
8804,Marketplace,South,229.45349999999996
8805,Store,East,1138.0
8806,Store,East,327.046
8807,Online,East,607.45
8808,Online,East,318.421
8809,Online,East,289.85
8810,Store,South,391.446
8811,Online,South,169.422
8812,Store,South,314.52000000000004
8813,Online,South,78.15
8814,Online,South,115.16849999999998
8815,Online,South,28.24
8816,Online,South,524.128
8817,Store,South,1727.442
8818,Online,South,1888.1000000000001
8819,Online,South,36.376
8820,Online,East,54.52
8821,Store,East,318.654
8822,Marketplace,East,750.02
8823,Online,East,58.85
8824,Online,South,373.21799999999996
8825,Online,South,40.833999999999996
8826,Online,South,648.68
8827,Store,North,1681.047
8828,Online,North,949.9300000000001
8829,Store,North,734.217
8830,Online,North,74.2425
8831,Store,North,391.70700000000005
8832,Store,North,238.23000000000002
8833,Online,North,331.449
8834,Store,North,23.0
8835,Store,North,126.03
8836,Store,South,159.296
8837,Store,South,413.62200000000007
8838,Online,South,350.22
8839,Store,South,176.817
8840,Online,North,41.4
8841,Online,North,116.16
8842,Online,North,1184.764
8843,Store,North,1653.8600000000001
8844,Store,South,706.2964999999999
8845,Marketplace,South,197.13
8846,Store,East,44.388
8847,Online,East,217.48000000000002
8848,Online,East,631.0079999999999
8849,Marketplace,East,178.79999999999998
8850,Marketplace,East,1783.23
8851,Online,East,231.183
8852,Online,West,564.053
8853,Store,West,84.58
8854,Marketplace,North,473.0999999999999
8855,Store,East,517.61
8856,Store,East,672.146
8857,Online,East,241.272
8858,Online,East,25.721
8859,Marketplace,East,73.5
8860,Online,East,524.0295
8861,Online,East,57.205
8862,Online,East,446.0535
8863,Store,East,624.807
8864,Marketplace,East,275.55
8865,Store,East,102.84
8866,Store,East,151.209
8867,Online,East,101.992
8868,Store,East,477.04549999999995
8869,Store,East,389.481
8870,Marketplace,East,67.176
8871,Store,South,387.18
8872,Online,South,534.02
8873,Store,South,855.3805
8874,Online,South,790.4235000000001
8875,Online,South,446.88
8876,Store,South,435.74
8877,Marketplace,South,624.1689999999999
8878,Store,South,194.11
8879,Online,South,289.42499999999995
8880,Store,South,257.958
8881,Store,South,570.855
8882,Store,North,527.323
8883,Store,North,312.31
8884,Online,North,348.462
8885,Online,North,831.1800000000001
8886,Online,North,824.72
8887,Marketplace,North,162.95999999999998
8888,Online,North,511.722
8889,Online,North,864.04
8890,Store,North,466.2845
8891,Store,North,1197.78
8892,Online,North,506.91600000000005
8893,Online,North,58.74
8894,Online,North,448.75
8895,Online,North,113.411
8896,Store,North,2388.186
8897,Store,North,827.0889999999999
8898,Store,North,917.9375
8899,Online,North,63.72
8900,Store,North,743.512
8901,Store,North,382.014
8902,Store,North,336.1835
8903,Marketplace,North,378.09000000000003
8904,Online,North,263.55
8905,Online,North,244.76
8906,Online,North,191.93849999999998
8907,Marketplace,North,209.73749999999998
8908,Online,North,141.98399999999998
8909,Online,North,245.82
8910,Online,North,456.2715
8911,Store,North,164.4735
8912,Marketplace,North,251.48000000000002
8913,Marketplace,North,473.9359999999999
8914,Online,North,214.57649999999998
8915,Marketplace,North,198.45000000000002
8916,Marketplace,North,349.281
8917,Marketplace,South,908.505
8918,Online,East,416.126
8919,Store,East,64.24
8920,Marketplace,East,38.09
8921,Online,East,582.3000000000001
8922,Online,East,72.7685
8923,Store,East,8.619
8924,Online,East,308.37
8925,Store,East,1047.6505
8926,Online,East,435.32
8927,Online,East,175.392
8928,Store,East,88.30650000000001
8929,Online,East,96.156
8930,Online,East,329.99
8931,Online,East,1192.671
8932,Store,East,254.82
8933,Online,East,2179.485
8934,Online,East,309.024
8935,Online,North,441.201
8936,Store,North,270.32
8937,Store,North,813.333
8938,Online,North,531.05
8939,Online,North,155.66
8940,Online,North,444.76800000000003
8941,Online,North,202.28
8942,Store,North,307.5555
8943,Store,North,511.587
8944,Online,North,274.584
8945,Store,North,906.1099999999999
8946,Store,North,1855.2870000000003
8947,Online,North,1255.31
8948,Online,North,1118.15
8949,Online,North,34.87
8950,Store,North,154.736
8951,Online,North,919.46
8952,Online,North,33.1755
8953,Online,North,21.28
8954,Marketplace,East,472.9575
8955,Online,East,243.68449999999999
8956,Marketplace,East,536.1030000000001
8957,Store,East,491.55
8958,Store,East,47.07
8959,Online,East,133.16400000000002
8960,Online,East,375.2495
8961,Online,East,228.08899999999997
8962,Online,East,313.92
8963,Online,East,312.03000000000003
8964,Store,East,463.31
8965,Store,East,577.93
8966,Marketplace,East,2169.06
8967,Marketplace,East,385.31
8968,Online,East,14.722
8969,Online,East,491.742
8970,Online,East,586.75
8971,Online,East,687.33
8972,Online,North,511.95000000000005
8973,Online,North,182.55450000000002
8974,Online,North,262.368
8975,Online,North,392.56399999999996
8976,Online,North,75.378
8977,Store,North,201.89999999999998
8978,Online,North,1406.25
8979,Online,North,49.76
8980,Marketplace,North,91.89349999999999
8981,Store,North,653.1
8982,Online,North,436.1355
8983,Marketplace,North,331.37
8984,Marketplace,North,377.22
8985,Online,North,336.02
8986,Store,North,399.42350000000005
8987,Store,North,2542.15
8988,Marketplace,North,1213.902
8989,Store,North,330.6245
8990,Store,North,33.54
8991,Store,North,1053.455
8992,Store,North,1080.08
8993,Store,North,78.15
8994,Marketplace,North,261.76
8995,Online,North,443.05
8996,Marketplace,North,805.6800000000001
8997,Online,North,86.77
8998,Online,North,201.89999999999998
8999,Online,North,195.6445
9000,Store,West,238.146
9001,Store,West,610.6695
9002,Online,West,382.66200000000003
9003,Online,West,108.99
9004,Online,West,1287.77
9005,Store,West,247.76
9006,Marketplace,West,137.7595
9007,Marketplace,West,239.457
9008,Online,West,149.44
9009,Marketplace,North,222.59
9010,Store,North,1591.12
9011,Store,North,153.12
9012,Store,North,1602.432
9013,Online,North,1078.25
9014,Online,North,426.16
9015,Online,North,277.98
9016,Online,North,188.2
9017,Online,North,522.04
9018,Store,North,179.50300000000001
9019,Store,North,1047.564
9020,Online,North,164.78949999999998
9021,Online,North,596.809
9022,Online,North,260.39
9023,Online,West,185.18
9024,Store,West,99.47999999999999
9025,Online,East,70.839
9026,Marketplace,East,1156.5
9027,Store,East,642.5515
9028,Store,East,300.34
9029,Online,East,310.95
9030,Marketplace,West,104.60999999999999
9031,Store,West,206.85299999999998
9032,Online,West,54.84
9033,Online,West,303.65999999999997
9034,Store,West,312.12
9035,Store,North,52.3
9036,Marketplace,North,408.54
9037,Online,North,9.044
9038,Online,North,224.16
9039,Store,North,376.68
9040,Marketplace,West,367.74
9041,Marketplace,West,52.601499999999994
9042,Online,West,38.313
9043,Marketplace,West,2030.373
9044,Online,West,577.69
9045,Online,West,485.82
9046,Online,West,289.90999999999997
9047,Online,West,180.51
9048,Online,North,77.193
9049,Online,North,162.0
9050,Online,South,159.62400000000002
9051,Online,South,234.29
9052,Online,South,373.356
9053,Store,South,97.98
9054,Online,South,249.15
9055,Store,South,182.85000000000002
9056,Online,South,63.432
9057,Online,West,240.34599999999998
9058,Store,West,202.45
9059,Online,West,433.51349999999996
9060,Online,West,194.23
9061,Store,West,1412.9805
9062,Online,West,327.788
9063,Store,West,336.8975
9064,Online,West,105.72
9065,Online,West,227.65
9066,Store,West,496.773
9067,Marketplace,West,159.296
9068,Online,West,426.3515
9069,Online,West,361.0
9070,Online,West,105.706
9071,Online,West,1470.8500000000001
9072,Marketplace,North,520.8885
9073,Online,North,403.34999999999997
9074,Online,North,928.74
9075,Store,South,350.85450000000003
9076,Marketplace,South,69.377
9077,Online,South,161.7295
9078,Online,South,810.82
9079,Marketplace,East,39.92
9080,Marketplace,East,241.96
9081,Online,East,26.433
9082,Online,East,268.48
9083,Online,East,630.17
9084,Store,East,315.77049999999997
9085,Online,East,129.5
9086,Online,East,348.59200000000004
9087,Marketplace,East,334.99350000000004
9088,Online,East,198.98
9089,Store,East,1141.38
9090,Store,East,578.7
9091,Marketplace,East,249.20999999999998
9092,Online,North,193.86
9093,Online,North,55.007999999999996
9094,Store,North,253.449
9095,Online,North,90.4995
9096,Store,North,606.5640000000001
9097,Online,North,111.0525
9098,Marketplace,North,86.241
9099,Online,North,646.749
9100,Online,North,134.496
9101,Online,North,362.253
9102,Online,North,258.82
9103,Online,North,31.311
9104,Store,West,175.32
9105,Online,West,558.624
9106,Store,West,1449.88
9107,Online,West,148.872
9108,Store,East,400.77
9109,Store,East,241.99
9110,Marketplace,East,59.19
9111,Marketplace,East,41.6415
9112,Online,East,74.23299999999999
9113,Online,East,887.34
9114,Store,East,196.673
9115,Online,East,271.286
9116,Online,East,113.866
9117,Online,East,145.809
9118,Marketplace,East,241.50599999999997
9119,Store,East,75.20400000000001
9120,Online,East,1409.7400000000002
9121,Online,East,598.5899999999999
9122,Marketplace,East,108.71799999999999
9123,Marketplace,East,154.98
9124,Online,East,621.7919999999999
9125,Online,East,459.18
9126,Store,East,75.83
9127,Store,North,378.432
9128,Store,East,433.854
9129,Online,East,132.311
9130,Online,East,434.13
9131,Store,East,698.28
9132,Online,East,142.052
9133,Store,East,697.0999999999999
9134,Online,East,5.185
9135,Store,East,467.46999999999997
9136,Online,East,23.71
9137,Store,East,591.06
9138,Online,East,668.15
9139,Store,East,103.12
9140,Store,East,198.16
9141,Store,East,218.44799999999998
9142,Store,East,535.83
9143,Online,East,1261.587
9144,Store,East,464.91999999999996
9145,Online,East,130.65
9146,Online,East,345.35999999999996
9147,Store,South,99.756
9148,Online,South,111.69600000000001
9149,Marketplace,South,1291.6009999999999
9150,Marketplace,South,354.10999999999996
9151,Online,South,247.43699999999998
9152,Online,South,42.608000000000004
9153,Online,South,467.59000000000003
9154,Online,North,724.0615
9155,Marketplace,North,86.90400000000001
9156,Store,North,277.03
9157,Online,North,850.6205
9158,Store,North,486.37
9159,Online,North,233.28000000000003
9160,Store,North,498.74399999999997
9161,Marketplace,North,1281.45
9162,Online,North,379.41099999999994
9163,Online,North,176.09199999999998
9164,Online,North,2094.2000000000003
9165,Online,North,126.38
9166,Marketplace,North,426.65999999999997
9167,Marketplace,North,668.02
9168,Online,North,302.872
9169,Marketplace,North,439.12
9170,Marketplace,North,770.5165
9171,Online,North,309.168
9172,Online,North,50.768
9173,Online,North,679.66
9174,Store,North,69.58
9175,Online,North,64.753
9176,Store,North,194.27
9177,Online,North,509.58
9178,Online,North,29.601000000000003
9179,Online,North,371.688
9180,Online,North,132.93
9181,Online,North,351.34000000000003
9182,Marketplace,North,104.193
9183,Online,North,499.18999999999994
9184,Online,North,321.6
9185,Online,North,148.94
9186,Online,North,65.86649999999999
9187,Online,North,9.16
9188,Store,,355.9
9189,Store,,78.79
9190,Online,,88.68
9191,Online,,1017.2099999999999
9192,Online,,51.3995
9193,Store,,933.603
9194,Marketplace,,3188.49
9195,Store,,493.9435
9196,Online,,776.73
9197,Store,,1256.8405
9198,Online,,49.2
9199,Online,,107.1935
9200,Store,,1311.01
9201,Store,,302.72400000000005
9202,Online,East,198.66
9203,Online,East,114.22800000000001
9204,Store,East,212.93
9205,Marketplace,East,173.34
9206,Marketplace,West,1031.8805
9207,Marketplace,West,163.647
9208,Store,West,460.2085
9209,Online,West,249.101
9210,Online,North,331.683
9211,Marketplace,North,4.8165000000000004
9212,Online,North,532.63
9213,Store,North,362.89050000000003
9214,Store,North,385.47
9215,Marketplace,North,1821.15
9216,Online,North,224.49599999999998
9217,Store,North,242.57299999999998
9218,Online,North,14.705
9219,Online,North,887.699
9220,Marketplace,East,860.09
9221,Store,North,208.59300000000002
9222,Marketplace,North,929.69
9223,Online,North,29.601000000000003
9224,Online,North,96.14
9225,Online,East,549.0334999999999
9226,Store,East,163.343
9227,Online,East,93.6955
9228,Online,East,103.496
9229,Store,East,790.5600000000001
9230,Online,East,146.97
9231,Online,East,528.95
9232,Store,East,26.05
9233,Online,East,33.723
9234,Online,East,728.55
9235,Store,East,1052.559
9236,Online,East,31.716
9237,Store,South,833.94
9238,Online,East,193.26
9239,Online,East,232.34999999999997
9240,Marketplace,East,344.92
9241,Online,East,500.36400000000003
9242,Store,North,512.47
9243,Online,North,83.844
9244,Marketplace,North,900.1819999999999
9245,Online,North,546.1
9246,Online,North,248.44
9247,Online,North,218.34799999999998
9248,Online,North,7.119000000000001
9249,Online,North,291.39349999999996
9250,Online,North,114.801
9251,Online,North,199.6055
9252,Online,East,240.7455
9253,Marketplace,East,294.525
9254,Online,East,555.5685
9255,Marketplace,East,370.48
9256,Store,East,112.12
9257,Online,East,723.121
9258,Online,East,60.68
9259,Online,East,61.02799999999999
9260,Online,East,174.29600000000002
9261,Online,East,131.57
9262,Online,East,522.576
9263,Online,East,335.88599999999997
9264,Store,East,236.16899999999998
9265,Online,East,88.10249999999999
9266,Online,East,882.99
9267,Online,East,335.457
9268,Store,East,610.61
9269,Online,East,67.3
9270,Online,East,50.749
9271,Store,West,450.63999999999993
9272,Online,West,743.9069999999999
9273,Store,West,617.63
9274,Store,East,366.605
9275,Online,East,236.28300000000002
9276,Store,East,545.91
9277,Marketplace,East,181.47600000000003
9278,Online,East,599.616
9279,Marketplace,East,106.52
9280,Online,East,113.427
9281,Online,East,176.26000000000002
9282,Store,South,790.3525
9283,Online,South,43.1965
9284,Online,South,582.2645
9285,Store,North,339.24
9286,Store,North,267.903
9287,Online,North,88.68
9288,Online,North,716.1600000000001
9289,Online,West,687.807
9290,Store,North,347.0465
9291,Online,West,33.932
9292,Online,West,456.608
9293,Store,North,176.89
9294,Online,North,208.85750000000002
9295,Online,North,97.614
9296,Online,North,72.6
9297,Marketplace,North,77.49
9298,Marketplace,North,70.08
9299,Online,North,383.42949999999996
9300,Marketplace,North,349.25
9301,Store,North,1044.37
9302,Store,North,295.6
9303,Store,North,276.16
9304,Store,North,372.07800000000003
9305,Store,North,351.54
9306,Store,North,289.3315
9307,Online,North,51.68
9308,Store,North,102.289
9309,Store,South,21.24
9310,Online,South,10.062
9311,Online,South,1207.67
9312,Store,West,469.3445
9313,Store,West,379.28999999999996
9314,Store,West,59.908
9315,Online,West,38.232
9316,Store,West,653.97
9317,Store,West,1008.2105
9318,Marketplace,West,151.50599999999997
9319,Store,West,1639.4434999999999
9320,Online,West,198.288
9321,Marketplace,West,27.48
9322,Online,West,51.1445
9323,Store,West,301.28000000000003
9324,Store,West,219.08000000000004
9325,Store,West,60.68
9326,Marketplace,West,228.71999999999997
9327,Online,West,61.99
9328,Online,West,47.42
9329,Online,West,275.283
9330,Marketplace,West,243.656
9331,Store,West,607.47
9332,Online,West,166.14
9333,Online,West,848.6600000000001
9334,Store,West,558.79
9335,Online,West,95.132
9336,Store,West,1100.0524999999998
9337,Online,West,77.373
9338,Store,North,1257.983
9339,Marketplace,North,619.29
9340,Online,North,263.583
9341,Online,North,756.702
9342,Online,North,224.16
9343,Online,North,703.409
9344,Online,North,74.48
9345,Online,North,434.01
9346,Online,North,86.583
9347,Store,North,357.22
9348,Online,North,219.22349999999997
9349,Online,North,144.84
9350,Online,North,102.884
9351,Online,North,877.122
9352,Online,North,505.84
9353,Store,North,638.1205
9354,Online,North,1005.4899999999999
9355,Online,North,358.66999999999996
9356,Marketplace,North,1019.3299999999999
9357,Store,North,887.2
9358,Online,North,441.30999999999995
9359,Online,North,537.6524999999999
9360,Online,North,72.513
9361,Marketplace,North,242.41
9362,Online,North,192.672
9363,Online,North,144.84
9364,Store,North,363.88
9365,Online,North,22.23
9366,Store,North,68.29
9367,Online,North,161.32999999999998
9368,Online,North,69.377
9369,Online,North,834.354
9370,Online,North,1784.5900000000001
9371,Online,North,594.7094999999999
9372,Online,North,142.528
9373,Online,North,282.8
9374,Online,North,577.97
9375,Store,North,113.79799999999999
9376,Marketplace,North,576.2065
9377,Online,West,1129.03
9378,Store,West,1178.532
9379,Online,West,153.824
9380,Store,West,415.41599999999994
9381,Store,West,923.79
9382,Marketplace,North,280.8825
9383,Online,North,1631.0400000000002
9384,Online,North,59.142999999999994
9385,Online,North,1369.368
9386,Online,North,297.99
9387,Online,West,213.452
9388,Online,West,66.94
9389,Store,West,53.397000000000006
9390,Online,West,444.227
9391,Online,West,429.53049999999996
9392,Store,West,919.422
9393,Online,West,216.82
9394,Store,West,119.10199999999999
9395,Store,West,275.2215
9396,Online,West,74.76299999999999
9397,Store,West,1073.628
9398,Online,West,122.43
9399,Marketplace,West,85.97
9400,Store,West,973.88
9401,Online,West,131.104
9402,Online,East,51.1445
9403,Online,East,236.7165
9404,Online,East,57.42
9405,Online,East,35.757
9406,Online,North,1043.757
9407,Store,North,193.79999999999998
9408,Marketplace,North,33.84
9409,Online,North,177.83
9410,Store,North,12.2
9411,Store,North,774.0360000000001
9412,Online,North,121.14
9413,Store,North,656.621
9414,Online,North,127.22800000000001
9415,Marketplace,North,264.67
9416,Online,North,235.08999999999997
9417,Online,West,1093.8139999999999
9418,Store,West,87.38
9419,Store,West,433.53999999999996
9420,Store,West,83.88
9421,Online,West,182.64000000000001
9422,Online,West,833.94
9423,Store,West,115.9485
9424,Online,West,70.6095
9425,Store,West,67.98
9426,Online,West,236.5
9427,Online,West,142.80849999999998
9428,Store,West,866.507
9429,Online,West,15.21
9430,Marketplace,West,69.74
9431,Online,West,49.068000000000005
9432,Store,West,54.52
9433,Store,West,166.51800000000003
9434,Online,North,336.735
9435,Store,North,782.1990000000001
9436,Online,North,86.19
9437,Online,East,102.289
9438,Online,East,22.239
9439,Store,East,874.8285
9440,Marketplace,East,2346.75
9441,Online,East,146.149
9442,Marketplace,East,248.418
9443,Store,East,50.7
9444,Online,East,114.41
9445,Store,East,170.89
9446,Online,East,158.5505
9447,Online,East,299.808
9448,Store,East,716.25
9449,Store,East,749.8199999999999
9450,Online,East,46.69200000000001
9451,Store,East,298.81
9452,Store,North,210.9855
9453,Store,North,473.59
9454,Store,North,692.7
9455,Online,North,39.808
9456,Online,North,216.505
9457,Store,South,861.66
9458,Online,South,104.01
9459,Marketplace,South,525.1129999999999
9460,Store,South,86.292
9461,Online,North,111.91
9462,Online,North,41.078
9463,Online,North,719.3209999999999
9464,Online,North,34.6885
9465,Store,North,104.409
9466,Online,North,24.71
9467,Online,North,51.952
9468,Marketplace,North,864.49
9469,Marketplace,North,332.82000000000005
9470,Marketplace,South,311.011
9471,Online,South,1065.29
9472,Online,South,621.09
9473,Store,South,151.411
9474,Online,South,21.339000000000002
9475,Marketplace,South,278.171
9476,Online,South,593.0849999999999
9477,Online,South,67.456
9478,Store,South,252.7095
9479,Store,South,686.72
9480,Online,South,148.733
9481,Store,South,1650.13
9482,Online,South,1164.04
9483,Store,East,587.23
9484,Online,North,327.43649999999997
9485,Marketplace,West,117.59
9486,Store,West,263.3
9487,Online,West,313.35749999999996
9488,Online,East,1457.23
9489,Store,East,1130.2
9490,Store,East,617.2900000000001
9491,Online,East,1994.1734999999999
9492,Store,East,1064.9975
9493,Online,East,558.27
9494,Online,West,406.53000000000003
9495,Store,West,180.23399999999998
9496,Online,West,689.823
9497,Online,East,1575.25
9498,Online,East,180.07
9499,Online,East,78.1065
9500,Store,East,687.393
9501,Online,East,90.6
9502,Online,East,228.769
9503,Store,West,17.964000000000002
9504,Online,West,28.689999999999998
9505,Online,West,727.24
9506,Online,West,409.554
9507,Online,West,602.94
9508,Marketplace,West,87.23700000000001
9509,Store,West,24.71
9510,Store,North,106.2755
9511,Online,North,211.32800000000003
9512,Online,East,1057.113
9513,Store,East,285.38
9514,Online,East,72.752
9515,Online,East,116.78999999999999
9516,Online,East,33.728
9517,Online,North,236.74949999999998
9518,Online,North,62.781
9519,Online,North,703.29
9520,Store,North,438.36
9521,Store,North,115.21000000000001
9522,Online,North,48.416000000000004
9523,Store,North,139.32
9524,Online,North,635.208
9525,Online,East,338.2
9526,Online,East,233.529
9527,Marketplace,East,63.614000000000004
9528,Online,East,65.78
9529,Online,East,205.05
9530,Online,North,981.7299999999999
9531,Store,North,173.54
9532,Online,North,422.81000000000006
9533,Store,North,626.89
9534,Online,North,242.99
9535,Online,North,361.2075
9536,Online,North,527.778
9537,Online,North,1417.25
9538,Store,North,273.999
9539,Online,North,1162.426
9540,Store,North,542.817
9541,Online,North,34.281000000000006
9542,Marketplace,North,658.78
9543,Store,North,19.458000000000002
9544,Online,North,82.3905
9545,Online,East,406.674
9546,Online,East,425.62
9547,Marketplace,East,541.12
9548,Online,East,88.128
9549,Marketplace,West,55.131
9550,Online,West,256.79
9551,Online,West,488.46
9552,Store,West,1178.019
9553,Store,West,69.35149999999999
9554,Online,West,189.54
9555,Online,West,574.5315
9556,Store,West,869.763
9557,Store,West,191.53
9558,Store,West,147.924
9559,Online,West,1647.113
9560,Online,West,643.63
9561,Store,West,607.5
9562,Online,West,51.678000000000004
9563,Store,West,452.63000000000005
9564,Online,West,300.834
9565,Online,West,34.6885
9566,Store,South,85.22
9567,Online,South,163.647
9568,Store,South,372.47400000000005
9569,Online,South,60.57
9570,Online,,1377.3799999999999
9571,Store,,218.4245
9572,Online,,24.003999999999998
9573,Store,East,655.16
9574,Online,East,14.722
9575,Store,East,657.25
9576,Store,East,317.96000000000004
9577,Online,East,441.972
9578,Marketplace,North,224.16
9579,Store,North,191.77999999999997
9580,Online,North,777.9929999999999
9581,Online,North,162.52
9582,Store,North,748.2150000000001
9583,Online,North,61.5
9584,Store,North,232.76
9585,Online,West,209.984
9586,Online,West,60.55
9587,Online,,402.306
9588,Online,,265.812
9589,Store,,549.6185
9590,Online,,1519.32
9591,Store,,335.13149999999996
9592,Online,West,113.79799999999999
9593,Store,West,551.56
9594,Online,West,239.8
9595,Store,North,851.52
9596,Marketplace,North,722.7975
9597,Online,North,19.458000000000002
9598,Store,North,67.176
9599,Store,East,262.04400000000004
9600,Online,East,108.30600000000001
9601,Online,North,228.88
9602,Online,North,817.96
9603,Store,North,46.342
9604,Online,North,279.312
9605,Online,North,636.4200000000001
9606,Marketplace,North,761.617
9607,Online,North,260.75
9608,Online,North,1119.45
9609,Marketplace,North,121.14
9610,Online,North,176.00400000000002
9611,Online,North,1306.9
9612,Online,North,46.342
9613,Online,East,430.929
9614,Store,East,415.41599999999994
9615,Store,East,1050.85
9616,Online,East,375.14549999999997
9617,Store,East,311.39099999999996
9618,Online,East,1179.1
9619,Store,North,701.559
9620,Online,North,113.93399999999998
9621,Online,North,712.62
9622,Online,North,1006.3499999999999
9623,Store,North,129.5895
9624,Online,North,433.44000000000005
9625,Online,North,375.83000000000004
9626,Online,North,47.064499999999995
9627,Marketplace,North,968.66
9628,Store,North,593.34
9629,Online,North,54.84
9630,Online,North,186.2
9631,Store,North,183.38799999999998
9632,Marketplace,North,178.29999999999998
9633,Store,North,747.6
9634,Marketplace,North,256.10400000000004
9635,Store,North,46.949
9636,Marketplace,North,892.6
9637,Online,North,1132.0045
9638,Online,North,515.76
9639,Store,North,1038.9389999999999
9640,Online,West,57.494
9641,Store,West,740.78
9642,Online,North,525.7015
9643,Online,North,604.8199999999999
9644,Online,North,501.087
9645,Online,North,181.548
9646,Store,North,372.68
9647,Online,North,1076.4499999999998
9648,Online,North,823.0124999999999
9649,Store,West,291.533
9650,Online,West,678.4359999999999
9651,Online,West,91.341
9652,Store,West,249.9355
9653,Store,West,1221.75
9654,Online,West,536.673
9655,Online,East,353.817
9656,Online,East,100.72800000000001
9657,Online,East,308.4555
9658,Online,East,760.8009999999999
9659,Online,East,288.27
9660,Store,East,556.61
9661,Store,East,381.663
9662,Marketplace,East,700.17
9663,Marketplace,East,219.8205
9664,Store,East,126.03
9665,Store,East,325.65
9666,Marketplace,East,597.36
9667,Online,East,49.2
9668,Online,East,547.8
9669,Store,East,412.326
9670,Store,North,392.972
9671,Marketplace,East,522.59
9672,Marketplace,West,832.869
9673,Store,West,20.1535
9674,Online,West,271.512
9675,Online,West,561.28
9676,Online,West,294.795
9677,Online,West,985.2605
9678,Online,North,533.88
9679,Online,North,154.98
9680,Online,North,141.98399999999998
9681,Marketplace,North,507.59
9682,Store,North,119.06
9683,Online,South,1125.42
9684,Online,South,637.092
9685,Online,South,63.432
9686,Online,South,145.90099999999998
9687,Online,South,26.1375
9688,Store,South,233.087
9689,Online,North,835.329
9690,Online,North,148.291
9691,Store,North,1854.27
9692,Store,North,94.14
9693,Marketplace,North,256.173
9694,Online,North,261.2135
9695,Marketplace,North,391.12
9696,Marketplace,North,1006.5
9697,Online,South,856.406
9698,Store,South,867.0594999999998
9699,Marketplace,South,2720.1255
9700,Online,South,599.38
9701,Marketplace,South,520.1575
9702,Online,South,51.38
9703,Store,East,334.322
9704,Online,East,19.458000000000002
9705,Online,East,403.79999999999995
9706,Store,East,167.68
9707,Marketplace,East,495.67999999999995
9708,Online,South,268.34
9709,Store,South,67.609
9710,Online,South,214.251
9711,Store,North,1836.445
9712,Online,North,67.98
9713,Online,North,88.776
9714,Store,North,503.59999999999997
9715,Online,North,53.84
9716,Store,North,510.13
9717,Online,North,261.68
9718,Store,North,2127.45
9719,Online,North,886.33
9720,Online,North,265.473
9721,Online,West,306.983
9722,Online,West,128.96
9723,Online,West,840.348
9724,Marketplace,West,460.34
9725,Store,East,123.41999999999999
9726,Online,East,264.1665
9727,Store,East,742.9169999999999
9728,Marketplace,East,443.27
9729,Store,East,445.87800000000004
9730,Store,East,73.7205
9731,Online,East,116.27999999999999
9732,Store,East,98.69550000000001
9733,Marketplace,East,847.3
9734,Store,East,622.23
9735,Store,East,49.068000000000005
9736,Marketplace,East,434.84
9737,Store,East,375.88
9738,Online,East,838.25
9739,Store,East,783.16
9740,Marketplace,South,15.554999999999998
9741,Store,West,309.66
9742,Online,West,1736.9895000000001
9743,Store,North,31.167
9744,Store,North,898.0
9745,Online,North,232.20000000000002
9746,Online,North,773.56
9747,Online,North,24.304000000000002
9748,Online,North,1052.809
9749,Store,North,219.95999999999998
9750,Online,North,470.07
9751,Online,North,1726.6499999999999
9752,Online,North,914.549
9753,Online,North,509.0
9754,Store,North,1185.1154999999999
9755,Online,North,12.9285
9756,Store,North,1260.788
9757,Online,North,136.41
9758,Online,North,92.684
9759,Online,North,534.36
9760,Marketplace,North,1173.5819999999999
9761,Online,North,77.49
9762,Online,North,21.28
9763,Online,North,238.03199999999998
9764,Store,North,1059.36
9765,Marketplace,North,569.63
9766,Store,West,43.1965
9767,Online,East,197.514
9768,Online,East,485.7
9769,Store,East,101.762
9770,Store,East,183.91049999999998
9771,Online,East,422.294
9772,Store,East,453.56
9773,Online,East,213.76
9774,Store,East,569.2305
9775,Store,East,240.804
9776,Marketplace,East,688.7635
9777,Store,North,318.22
9778,Store,North,403.58700000000005
9779,Online,North,613.19
9780,Online,North,541.85
9781,Marketplace,North,214.421
9782,Online,South,448.12
9783,Marketplace,West,171.33
9784,Online,West,59.202000000000005
9785,Store,West,133.69
9786,Store,South,311.39099999999996
9787,Online,South,646.5899999999999
9788,Store,South,303.08
9789,Store,South,844.0845
9790,Online,East,1044.514
9791,Online,East,299.15
9792,Store,East,93.816
9793,Online,East,835.47
9794,Store,East,1099.96
9795,Store,West,217.43599999999998
9796,Marketplace,West,1250.4279999999999
9797,Store,West,33.84
9798,Store,East,34.63
9799,Online,East,460.16099999999994
9800,Online,East,933.73
9801,Marketplace,East,98.406
9802,Online,East,702.41
9803,Online,East,388.98
9804,Online,East,550.9784999999999
9805,Online,East,626.35
9806,Store,East,134.17
9807,Online,North,70.839
9808,Store,North,479.094
9809,Store,North,1017.3700000000001
9810,Online,West,518.2470000000001
9811,Online,West,124.42500000000001
9812,Online,West,419.84000000000003
9813,Online,North,212.76
9814,Store,North,340.48
9815,Store,North,51.96
9816,Store,North,223.65999999999997
9817,Online,North,18.400000000000002
9818,Store,North,642.1665
9819,Store,North,1008.8280000000001
9820,Store,North,625.58
9821,Online,North,852.2099999999999
9822,Online,North,223.43400000000003
9823,Online,North,455.26849999999996
9824,Online,East,22.0575
9825,Store,East,145.559
9826,Store,West,177.37449999999998
9827,Online,West,30.456000000000003
9828,Store,West,1536.4080000000001
9829,Marketplace,West,113.59
9830,Store,West,124.857
9831,Store,West,987.48
9832,Online,East,378.94000000000005
9833,Online,East,94.36349999999999
9834,Online,East,34.79
9835,Online,East,221.2635
9836,Online,East,391.02
9837,Store,East,434.82
9838,Store,East,115.04499999999999
9839,Marketplace,South,625.023
9840,Store,South,68.11
9841,Online,South,1201.27
9842,Online,South,214.85449999999997
9843,Store,South,246.08999999999997
9844,Online,South,259.47999999999996
9845,Online,South,36.666000000000004
9846,Online,South,461.4055
9847,Marketplace,South,833.94
9848,Store,South,333.32000000000005
9849,Marketplace,South,1197.909
9850,Online,East,40.81
9851,Online,East,910.5799999999999
9852,Online,East,749.52
9853,Marketplace,East,67.04
9854,Online,East,201.05899999999997
9855,Online,East,1900.3
9856,Store,East,417.73400000000004
9857,Online,East,312.03000000000003
9858,Marketplace,East,430.35
9859,Online,East,782.38
9860,Store,East,128.4775
9861,Online,East,135.69299999999998
9862,Online,East,893.44
9863,Store,East,201.571
9864,Online,East,41.922
9865,Online,East,36.256
9866,Marketplace,East,835.0595
9867,Online,East,416.53000000000003
9868,Online,East,95.868
9869,Store,East,300.86
9870,Online,North,283.16700000000003
9871,Marketplace,North,326.5815
9872,Online,North,805.6800000000001
9873,Store,North,1646.19
9874,Store,North,526.55
9875,Store,North,1279.8
9876,Store,North,881.28
9877,Store,North,169.422
9878,Store,North,846.828
9879,Online,North,2258.7
9880,Store,North,147.509
9881,Online,North,697.29
9882,Marketplace,North,759.43
9883,Online,North,101.536
9884,Marketplace,North,1470.83
9885,Online,North,562.47
9886,Online,North,258.79
9887,Marketplace,North,116.3085
9888,Marketplace,North,173.214
9889,Marketplace,North,302.418
9890,Online,North,250.64100000000002
9891,Marketplace,North,27.73
9892,Online,North,932.8399999999999
9893,Online,North,656.081
9894,Online,North,829.6635
9895,Online,North,148.96
9896,Online,North,329.75
9897,Online,East,239.951
9898,Online,East,392.98
9899,Online,North,289.74
9900,Online,North,1030.48
9901,Online,West,606.3700000000001
9902,Marketplace,West,286.52
9903,Store,South,373.22
9904,Online,South,21.357
9905,Online,South,81.747
9906,Online,South,1443.3084999999999
9907,Online,South,284.69
9908,Online,South,389.77
9909,Online,South,545.9934999999999
9910,Store,South,982.357
9911,Online,South,333.15
9912,Marketplace,South,101.52000000000001
9913,Store,North,679.2750000000001
9914,Marketplace,North,1616.634
9915,Store,North,529.4159999999999
9916,Online,North,1511.9820000000002
9917,Online,North,322.092
9918,Marketplace,North,503.3520000000001
9919,Online,North,150.33599999999998
9920,Marketplace,North,384.4
9921,Online,North,278.49
9922,Online,North,42.678000000000004
9923,Marketplace,East,776.934
9924,Marketplace,East,707.3399999999999
9925,Online,East,1167.64
9926,Online,East,895.2
9927,Online,East,1566.42
9928,Online,East,210.924
9929,Online,East,103.15599999999999
9930,Online,East,264.99
9931,Store,East,302.294
9932,Store,South,233.145
9933,Store,North,674.48
9934,Online,North,166.14
9935,Store,North,195.06
9936,Online,North,491.24049999999994
9937,Store,West,240.12
9938,Online,West,173.7075
9939,Store,West,495.6
9940,Online,West,459.35
9941,Online,West,675.47
9942,Online,West,335.26
9943,Online,West,155.856
9944,Store,West,327.58
9945,Online,West,292.9135
9946,Store,West,57.18
9947,Marketplace,West,265.8375
9948,Marketplace,West,18.002499999999998
9949,Store,West,1007.06
9950,Online,West,557.41
9951,Online,West,201.44
9952,Online,West,1476.775
9953,Online,West,19.152
9954,Store,West,51.467499999999994
9955,Store,West,781.93
9956,Marketplace,West,354.711
9957,Store,West,499.77
9958,Store,West,200.32
9959,Store,West,570.76
9960,Store,West,59.19
9961,Store,West,1137.8519999999999
9962,Online,East,69.74
9963,Online,East,124.528
9964,Store,East,145.98
9965,Store,West,505.0105
9966,Online,West,215.36
9967,Online,South,283.0905
9968,Store,South,666.819
9969,Store,South,21.62
9970,Store,South,1266.65
9971,Online,South,502.443
9972,Online,South,770.5300000000001
9973,Marketplace,South,102.76
9974,Store,South,57.348
9975,Marketplace,South,101.17499999999998
9976,Online,East,187.21800000000002
9977,Marketplace,East,74.94
9978,Store,East,813.333
9979,Marketplace,East,169.308
9980,Online,North,134.42400000000004
9981,Store,North,928.834
9982,Online,North,115.805
9983,Store,North,289.78200000000004
9984,Online,North,192.052
9985,Store,North,280.5765
9986,Online,North,90.656
9987,Store,North,174.231
9988,Online,North,37.73
9989,Store,North,283.86
9990,Online,North,556.886
9991,Online,North,1014.1
9992,Online,North,48.760000000000005
9993,Store,North,333.2
9994,Store,North,1575.23
9995,Store,North,1787.0569999999998
9996,Marketplace,North,316.353
9997,Online,North,51.678000000000004
9998,Marketplace,North,460.34
9999,Store,North,630.48
10000,Store,North,66.44
10001,Online,North,491.696
10002,Marketplace,North,423.53999999999996
10003,Online,North,147.231
10004,Online,North,111.84
10005,Online,North,42.007
10006,Online,North,840.37
10007,Online,North,66.44
10008,Store,North,608.22
10009,Store,North,284.14
10010,Online,North,156.114
10011,Online,North,370.08000000000004
10012,Online,North,128.269
10013,Store,East,893.691
10014,Marketplace,East,86.526
10015,Online,East,124.11749999999999
10016,Online,East,193.59
10017,Store,East,293.7
10018,Online,East,273.46000000000004
10019,Online,East,229.68
10020,Marketplace,West,509.51
10021,Store,West,908.3235
10022,Store,West,676.02
10023,Online,West,166.83999999999997
10024,Store,West,401.06399999999996
10025,Online,West,934.821
10026,Online,West,237.86100000000002
10027,Store,West,530.3565
10028,Store,West,1304.28
10029,Online,West,150.04
10030,Online,West,69.904
10031,Online,West,541.593
10032,Store,West,272.94
10033,Store,West,612.69
10034,Online,South,268.02
10035,Online,South,732.47
10036,Store,South,478.74
10037,Marketplace,South,580.482
10038,Online,South,735.6419999999999
10039,Online,South,398.1655
10040,Online,South,911.49
10041,Marketplace,South,476.136
10042,Online,North,81.702
10043,Online,North,39.456
10044,Online,South,590.49
10045,Online,South,727.7189999999999
10046,Store,South,233.06
10047,Online,South,312.896
10048,Store,South,101.4
10049,Marketplace,South,228.0
10050,Online,South,15.012
10051,Online,South,1578.0545
10052,Marketplace,South,593.538
10053,Online,South,300.096
10054,Online,South,201.98000000000002
10055,Online,South,352.05
10056,Online,South,942.225
10057,Online,East,917.6685
10058,Online,East,1666.0624999999998
10059,Online,East,16.68
10060,Marketplace,East,151.589
10061,Marketplace,East,255.0255
10062,Store,East,560.54
10063,Store,East,97.274
10064,Online,East,252.99899999999997
10065,Online,East,349.657
10066,Store,East,264.03
10067,Store,East,1030.63
10068,Store,East,45.049
10069,Store,East,744.532
10070,Online,East,96.156
10071,Store,East,1202.16
10072,Store,East,317.28099999999995
10073,Online,West,185.691
10074,Online,West,866.61
10075,Online,West,48.136
10076,Marketplace,West,992.408
10077,Online,West,219.22349999999997
10078,Marketplace,West,268.34
10079,Online,West,111.501
10080,Online,West,51.748
10081,Online,West,78.83
10082,Online,West,211.24
10083,Online,West,1078.9814999999999
10084,Store,West,850.44
10085,Online,West,202.554
10086,Store,West,163.215
10087,Store,West,587.6600000000001
10088,Store,West,114.44
10089,Online,West,910.63
10090,Online,West,691.803
10091,Online,West,278.45
10092,Store,West,328.38649999999996
10093,Online,West,312.896
10094,Store,West,611.54
10095,Online,West,256.842
10096,Online,West,74.64
10097,Online,South,23.73
10098,Marketplace,South,328.24
10099,Marketplace,North,401.21349999999995
10100,Online,North,97.506
10101,Marketplace,North,402.04
10102,Store,North,251.37
10103,Online,North,305.2
10104,Online,North,570.76
10105,Online,North,12.001999999999999
10106,Online,North,55.962
10107,Online,North,203.72
10108,Online,North,8.619
10109,Online,North,529.15
10110,Online,North,532.39
10111,Online,North,239.07
10112,Online,North,373.356
10113,Online,North,781.08
10114,Online,North,74.84
10115,Online,North,1199.1
10116,Online,North,198.66
10117,Online,North,352.65999999999997
10118,Store,North,1234.96
10119,Store,North,349.7805
10120,Marketplace,North,439.84000000000003
10121,Marketplace,North,476.87149999999997
10122,Online,North,41.355000000000004
10123,Online,North,16.847
10124,Store,North,92.25
10125,Store,North,239.62
10126,Store,South,1024.52
10127,Marketplace,South,240.065
10128,Store,South,111.2355
10129,Online,South,44.478
10130,Online,North,41.1065
10131,Online,North,222.79200000000003
10132,Online,North,71.687
10133,Online,North,90.81400000000001
10134,Online,North,359.71
10135,Marketplace,North,370.24199999999996
10136,Store,North,927.756
10137,Store,North,413.55000000000007
10138,Marketplace,North,147.0585
10139,Store,North,449.66
10140,Store,North,1410.6599999999999
10141,Store,North,475.038
10142,Marketplace,North,442.415
10143,Marketplace,North,530.01
10144,Online,North,1140.0700000000002
10145,Online,North,101.988
10146,Store,North,1191.3474999999999
10147,Store,North,989.55
10148,Store,North,707.38
10149,Marketplace,North,626.04
10150,Online,North,190.38
10151,Online,North,757.18
10152,Online,North,1061.1315
10153,Marketplace,North,1410.79
10154,Online,North,778.36
10155,Online,West,448.98300000000006
10156,Store,West,303.202
10157,Online,West,472.71900000000005
10158,Store,West,421.2205
10159,Store,West,438.53
10160,Online,West,70.42349999999999
10161,Store,West,419.1304999999999
10162,Online,West,29.976
10163,Online,West,538.77
10164,Online,West,278.65
10165,Store,West,908.3499999999999
10166,Store,West,1057.53
10167,Store,West,32.3765
10168,Store,North,402.50700000000006
10169,Online,North,58.38400000000001
10170,Online,North,698.28
10171,Online,North,358.4365
10172,Store,North,727.09
10173,Store,North,83.07
10174,Online,West,219.02399999999997
10175,Store,West,477.369
10176,Store,West,944.04
10177,Online,West,105.82499999999999
10178,Store,East,147.96
10179,Online,East,322.60900000000004
10180,Online,East,243.09
10181,Store,East,202.72
10182,Store,East,171.13
10183,Store,East,2443.4700000000003
10184,Online,East,67.64
10185,Online,North,861.8299999999999
10186,Marketplace,North,1456.9935
10187,Online,North,837.7384999999999
10188,Store,North,38.09
10189,Store,North,53.42
10190,Online,North,173.74
10191,Store,North,437.28
10192,Online,North,582.98
10193,Online,North,322.07000000000005
10194,Online,North,534.681
10195,Store,North,78.9905
10196,Online,North,71.424
10197,Marketplace,North,645.01
10198,Marketplace,West,144.99
10199,Store,South,294.25500000000005
10200,Online,North,242.14
10201,Online,North,51.68
10202,Marketplace,North,641.19
10203,Online,North,222.38400000000001
10204,Online,North,152.33999999999997
10205,Online,North,622.26
10206,Online,North,137.02
10207,Online,East,914.81
10208,Store,East,1055.19
10209,Online,East,200.88
10210,Online,East,240.445
10211,Store,East,113.79799999999999
10212,Online,East,127.53399999999999
10213,Online,East,955.7900000000001
10214,Online,East,189.76
10215,Online,East,227.79
10216,Online,East,460.68
10217,Online,East,17.296000000000003
10218,Online,East,403.66999999999996
10219,Store,East,582.14
10220,Online,East,898.2629999999999
10221,Online,East,510.68999999999994
10222,Store,East,274.1035
10223,Online,South,923.4485000000001
10224,Online,East,193.90449999999998
10225,Online,North,342.02
10226,Online,North,287.5
10227,Online,North,493.43
10228,Online,North,86.77
10229,Store,North,151.91449999999998
10230,Online,North,261.76
10231,Online,North,508.45000000000005
10232,Marketplace,North,86.292
10233,Online,North,83.78999999999999
10234,Online,North,50.749
10235,Online,North,27.981
10236,Marketplace,North,1692.1
10237,Online,North,63.752
10238,Online,East,110.74
10239,Online,East,46.242000000000004
10240,Online,East,1099.74
10241,Online,East,151.04700000000003
10242,Online,East,62.334
10243,Store,East,783.07
10244,Store,North,361.908
10245,Store,North,521.7305
10246,Marketplace,North,1224.37
10247,Online,North,260.208
10248,Marketplace,North,769.4625000000001
10249,Online,North,159.62400000000002
10250,Marketplace,North,995.049
10251,Online,North,208.76000000000002
10252,Store,North,563.51
10253,Online,North,401.16600000000005
10254,Online,North,1147.734
10255,Online,North,214.464
10256,Online,North,763.23
10257,Store,North,960.7634999999999
10258,Marketplace,North,344.52
10259,Online,North,208.06
10260,Online,North,245.24
10261,Online,North,109.61600000000001
10262,Online,North,149.52599999999998
10263,Store,North,364.42999999999995
10264,Online,North,159.38
10265,Online,North,97.596
10266,Online,North,266.475
10267,Marketplace,North,1219.01
10268,Online,North,474.05
10269,Online,North,114.04449999999999
10270,Online,North,95.82300000000001
10271,Online,North,147.231
10272,Store,North,577.75
10273,Store,North,176.04
10274,Marketplace,North,177.57
10275,Store,North,401.17999999999995
10276,Online,South,690.51
10277,Online,South,153.41
10278,Online,South,15.21
10279,Marketplace,South,350.11
10280,Store,South,391.884
10281,Online,South,54.112
10282,Online,North,1006.31
10283,Marketplace,North,72.37100000000001
10284,Store,North,39.73
10285,Online,North,1040.274
10286,Online,North,696.73
10287,Store,North,655.6949999999999
10288,Online,North,470.782
10289,Online,North,382.38449999999995
10290,Store,North,404.4
10291,Online,North,114.19
10292,Online,North,390.412
10293,Store,North,9.16
10294,Online,North,56.898999999999994
10295,Online,East,62.120000000000005
10296,Online,East,78.15
10297,Online,East,51.577999999999996
10298,Marketplace,East,173.46
10299,Online,East,387.18
10300,Store,East,331.46
10301,Online,East,145.464
10302,Online,East,51.38
10303,Store,West,531.57
10304,Store,West,194.841
10305,Online,West,327.964
10306,Online,West,570.98
10307,Marketplace,West,273.34
10308,Online,West,119.552
10309,Store,West,922.3379999999999
10310,Online,West,427.19
10311,Store,West,6.1
10312,Store,West,121.04
10313,Online,West,12.708
10314,Marketplace,West,137.02
10315,Online,West,247.1715
10316,Online,West,1572.723
10317,Store,South,145.40949999999998
10318,Online,West,1058.0884999999998
10319,Online,West,256.804
10320,Marketplace,West,409.98
10321,Marketplace,West,49.76
10322,Store,West,1140.65
10323,Store,West,651.9689999999999
10324,Online,West,303.411
10325,Online,West,95.82300000000001
10326,Store,West,795.27
10327,Online,West,478.88
10328,Online,West,28.38
10329,Marketplace,West,105.62
10330,Online,West,476.2635
10331,Marketplace,West,47.272
10332,Marketplace,West,1000.9769999999999
10333,Online,North,868.14
10334,Online,North,120.564
10335,Online,North,53.552
10336,Marketplace,North,591.066
10337,Online,North,1853.9439999999997
10338,Store,North,77.163
10339,Store,North,795.89
10340,Online,North,67.914
10341,Online,East,121.41949999999999
10342,Online,East,379.78999999999996
10343,Store,West,57.18
10344,Online,West,196.76
10345,Online,West,255.76999999999998
10346,Marketplace,West,319.39
10347,Online,West,19.768
10348,Online,West,296.81
10349,Online,West,321.8015
10350,Marketplace,West,570.9
10351,Online,West,667.674
10352,Store,West,182.85000000000002
10353,Store,West,120.636
10354,Online,West,562.799
10355,Store,North,177.36
10356,Store,North,241.98649999999998
10357,Online,North,41.4375
10358,Store,West,391.12
10359,Marketplace,West,133.54
10360,Store,West,106.571
10361,Online,West,345.564
10362,Store,West,160.91
10363,Store,West,607.47
10364,Store,West,414.7
10365,Store,West,944.4000000000001
10366,Online,West,195.72
10367,Marketplace,South,397.73199999999997
10368,Online,South,7.119000000000001
10369,Online,South,64.83
10370,Online,South,34.776
10371,Store,South,323.69
10372,Online,South,10.37
10373,Store,South,225.04500000000002
10374,Store,South,20.7
10375,Online,South,59.952
10376,Store,South,1119.2
10377,Online,South,191.301
10378,Online,South,101.49
10379,Online,South,1021.032
10380,Store,South,20.7
10381,Store,South,565.24
10382,Online,South,92.684
10383,Online,South,115.672
10384,Online,South,9.16
10385,Marketplace,South,411.948
10386,Online,South,120.2
10387,Online,South,209.43
10388,Online,North,891.37
10389,Online,North,134.04
10390,Store,North,812.31
10391,Marketplace,North,42.522
10392,Online,West,509.355
10393,Online,West,197.59949999999998
10394,Marketplace,West,347.852
10395,Online,West,236.61
10396,Marketplace,West,618.76
10397,Store,West,56.933
10398,Online,West,1794.78
10399,Online,West,55.792
10400,Online,West,51.794000000000004
10401,Online,West,391.91
10402,Online,West,519.021
10403,Online,West,408.53999999999996
10404,Online,West,430.86600000000004
10405,Online,West,257.39
10406,Online,West,417.186
10407,Online,West,422.38000000000005
10408,Online,West,495.254
10409,Marketplace,West,70.254
10410,Online,West,582.6
10411,Store,West,949.3225
10412,Store,West,311.55
10413,Online,West,417.44
10414,Store,East,1103.3595
10415,Online,East,776.7555000000001
10416,Online,East,533.63
10417,Online,East,569.55
10418,Marketplace,East,340.731
10419,Online,East,1458.0505
10420,Online,East,139.298
10421,Store,East,983.307
10422,Online,East,184.43300000000002
10423,Online,East,150.912
10424,Store,West,1489.2
10425,Store,North,640.1300000000001
10426,Online,North,1349.1615
10427,Online,North,27.234
10428,Online,North,507.41999999999996
10429,Online,North,154.602
10430,Online,North,129.3275
10431,Online,North,318.402
10432,Marketplace,North,811.4599999999999
10433,Marketplace,North,33.12649999999999
10434,Online,East,364.43
10435,Store,East,159.6095
10436,Online,South,858.82
10437,Online,North,184.167
10438,Store,North,128.35
10439,Store,North,410.49899999999997
10440,Store,North,393.66
10441,Online,North,116.467
10442,Online,North,281.46
10443,Online,North,19.76
10444,Marketplace,North,665.25
10445,Marketplace,North,445.1195
10446,Store,North,400.52
10447,Store,North,43.24
10448,Online,North,329.04
10449,Marketplace,North,175.07999999999998
10450,Store,North,94.14
10451,Marketplace,North,926.25
10452,Online,North,187.799
10453,Store,North,7.91
10454,Online,North,405.96
10455,Online,North,231.6005
10456,Online,North,97.85
10457,Online,North,300.77250000000004
10458,Online,North,873.46
10459,Online,South,344.8025
10460,Online,South,291.822
10461,Online,South,979.298
10462,Online,South,156.114
10463,Store,South,435.65
10464,Store,South,183.255
10465,Online,North,206.89
10466,Online,North,760.9200000000001
10467,Store,North,207.5
10468,Store,North,226.37550000000002
10469,Store,North,392.806
10470,Store,North,550.7435
10471,Online,North,500.0514999999999
10472,Online,North,512.7245
10473,Online,North,135.47299999999998
10474,Online,North,18.088
10475,Marketplace,North,326.034
10476,Online,North,1027.395
10477,Store,North,602.4205
10478,Store,North,1437.6499999999999
10479,Online,North,881.61
10480,Online,North,63.432
10481,Online,North,1685.7540000000001
10482,Online,North,124.95
10483,Online,North,510.71
10484,Store,North,676.74
10485,Online,North,40.010000000000005
10486,Online,North,96.88
10487,Store,North,199.81
10488,Marketplace,North,51.467499999999994
10489,Online,North,47.07
10490,Online,North,370.36199999999997
10491,Store,North,96.56
10492,Marketplace,North,518.27
10493,Store,North,358.3115
10494,Store,North,237.57
10495,Online,North,562.6080000000001
10496,Store,North,416.025
10497,Online,North,595.69
10498,Marketplace,North,99.144
10499,Online,West,81.53999999999999
10500,Online,West,1513.7489999999998
10501,Online,West,502.93
10502,Marketplace,West,683.37
10503,Online,West,829.49
10504,Store,West,52.275
10505,Store,West,99.37949999999998
10506,Marketplace,West,762.9735
10507,Online,West,260.623
10508,Online,West,705.0600000000001
10509,Store,West,255.68
10510,Marketplace,West,148.56
10511,Online,West,763.06
10512,Online,West,222.6895
10513,Online,West,163.88
10514,Online,West,148.96
10515,Store,West,598.64
10516,Online,South,9.91
10517,Store,West,1461.25
10518,Online,West,361.611
10519,Marketplace,West,29.84
10520,Store,West,422.66450000000003
10521,Online,West,703.9
10522,Online,West,633.81
10523,Online,West,84.68
10524,Store,West,56.898999999999994
10525,Store,West,1047.42
10526,Online,West,1030.18
10527,Marketplace,North,876.53
10528,Marketplace,North,790.6320000000001
10529,Online,North,308.72
10530,Store,North,27.64
10531,Online,North,808.02
10532,Online,North,119.19
10533,Online,North,1010.8379999999999
10534,Store,North,254.016
10535,Online,East,192.81
10536,Store,East,137.02
10537,Store,East,12.708
10538,Online,East,30.024
10539,Online,East,964.308
10540,Store,East,173.774
10541,Online,East,27.712000000000003
10542,Store,East,992.5919999999999
10543,Store,East,250.68
10544,Marketplace,East,603.91
10545,Marketplace,East,9.044
10546,Online,East,19.96
10547,Online,East,848.35
10548,Store,East,405.0
10549,Store,East,138.5385
10550,Online,East,215.135
10551,Marketplace,East,78.948
10552,Store,East,598.0050000000001
10553,Online,East,496.84999999999997
10554,Store,East,533.9095
10555,Store,East,113.19
10556,Store,East,366.52
10557,Online,North,394.09000000000003
10558,Online,North,495.69
10559,Online,North,1380.3405
10560,Online,North,97.274
10561,Online,North,1531.548
10562,Online,North,477.80999999999995
10563,Store,North,330.73199999999997
10564,Online,North,101.46000000000001
10565,Online,North,24.003999999999998
10566,Online,North,656.3
10567,Online,North,88.592
10568,Store,North,204.696
10569,Marketplace,North,530.6795
10570,Marketplace,North,608.7105
10571,Store,North,287.18
10572,Online,North,85.47200000000001
10573,Marketplace,North,85.77
10574,Online,North,60.246
10575,Online,North,921.9300000000001
10576,Store,North,1263.1770000000001
10577,Store,North,1083.969
10578,Marketplace,North,85.97
10579,Online,North,22.392
10580,Store,North,126.445
10581,Online,North,452.80350000000004
10582,Marketplace,North,97.98
10583,Online,North,39.73
10584,Online,North,228.871
10585,Online,North,40.81
10586,Store,North,163.64999999999998
10587,Online,North,42.678000000000004
10588,Store,North,802.92
10589,Online,North,137.552
10590,Online,North,442.65999999999997
10591,Online,North,611.4499999999999
10592,Marketplace,East,184.689
10593,Online,West,417.0785
10594,Store,West,70.99199999999999
10595,Online,West,296.769
10596,Online,East,923.29
10597,Store,East,355.19550000000004
10598,Store,East,83.78999999999999
10599,Online,East,448.95099999999996
10600,Online,East,175.401
10601,Online,East,346.06
10602,Online,East,1618.98
10603,Store,East,392.2325
10604,Store,East,329.41999999999996
10605,Online,East,446.62399999999997
10606,Online,East,190.604
10607,Store,East,274.97749999999996
10608,Marketplace,East,262.54
10609,Online,East,186.9
10610,Marketplace,East,94.14899999999999
10611,Store,East,126.7585
10612,Online,East,9.503
10613,Online,East,949.4899999999999
10614,Online,West,539.352
10615,Store,West,421.71999999999997
10616,Online,West,169.98
10617,Marketplace,West,409.88699999999994
10618,Store,West,328.257
10619,Store,West,1088.374
10620,Online,West,481.43
10621,Store,West,371.688
10622,Store,West,1233.4515000000001
10623,Store,East,519.8399999999999
10624,Store,East,167.04
10625,Online,East,348.68
10626,Online,East,101.988
10627,Online,East,232.5
10628,Online,East,158.76000000000002
10629,Online,East,150.5
10630,Online,East,83.844
10631,Online,North,222.74
10632,Store,North,198.9585
10633,Store,North,70.48
10634,Online,North,834.1049999999999
10635,Online,North,445.35049999999995
10636,Marketplace,West,284.2485
10637,Store,West,284.76
10638,Store,South,93.62
10639,Marketplace,South,276.0
10640,Online,South,445.778
10641,Store,South,608.337
10642,Store,North,130.152
10643,Marketplace,North,901.4200000000001
10644,Online,North,186.09
10645,Online,North,31.383
10646,Store,North,238.1275
10647,Store,North,37.9
10648,Online,North,357.039
10649,Online,North,317.46
10650,Online,North,116.76800000000001
10651,Marketplace,West,555.56
10652,Store,North,52.34
10653,Marketplace,North,234.171
10654,Online,North,63.512
10655,Store,North,843.48
10656,Online,North,241.34749999999997
10657,Online,North,31.784
10658,Marketplace,North,32.129
10659,Marketplace,North,339.44
10660,Online,North,578.65
10661,Marketplace,North,30.2
10662,Marketplace,North,578.961
10663,Online,North,160.968
10664,Online,North,36.376
10665,Store,North,377.891
10666,Online,North,1315.001
10667,Store,North,34.339999999999996
10668,Store,North,556.6700000000001
10669,Online,North,769.42
10670,Store,East,948.3199999999999
10671,Marketplace,East,75.667
10672,Online,East,216.1155
10673,Online,East,348.462
10674,Marketplace,East,95.54849999999999
10675,Online,East,97.52000000000001
10676,Online,East,383.72
10677,Online,East,93.66300000000001
10678,Marketplace,East,697.509
10679,Store,West,28.860999999999997
10680,Online,West,567.79
10681,Store,West,442.37699999999995
10682,Online,West,334.962
10683,Store,West,434.486
10684,Store,North,383.21399999999994
10685,Online,North,341.8575
10686,Online,North,204.4305
10687,Online,North,204.98000000000002
10688,Marketplace,North,22.23
10689,Online,North,374.69000000000005
10690,Online,North,33.1755
10691,Online,North,492.61
10692,Online,North,288.2
10693,Store,North,524.134
10694,Marketplace,North,698.7345
10695,Marketplace,North,486.28
10696,Store,North,588.249
10697,Online,East,49.32
10698,Store,East,625.06
10699,Online,East,734.97
10700,Online,East,31.8495
10701,Online,East,95.302
10702,Online,East,227.421
10703,Store,East,967.1899999999999
10704,Online,East,128.911
10705,Online,East,174.70050000000003
10706,Online,East,325.65
10707,Online,East,224.1525
10708,Store,East,193.86
10709,Online,East,155.66
10710,Online,East,132.311
10711,Online,East,1064.9099999999999
10712,Online,East,18.846
10713,Store,South,177.03
10714,Marketplace,South,68.247
10715,Online,South,1305.16
10716,Marketplace,East,450.347
10717,Marketplace,East,310.04999999999995
10718,Marketplace,East,59.679
10719,Store,East,597.4549999999999
10720,Online,East,109.82
10721,Online,East,695.9300000000001
10722,Online,East,1356.23
10723,Store,East,286.82000000000005
10724,Online,North,222.67000000000002
10725,Online,North,90.54199999999999
10726,Online,North,345.501
10727,Online,North,134.408
10728,Marketplace,North,722.0
10729,Online,North,181.64999999999998
10730,Store,West,229.68
10731,Online,West,571.8499999999999
10732,Store,West,35.309
10733,Store,West,633.69
10734,Store,West,1129.23
10735,Online,West,268.19100000000003
10736,Store,West,1251.87
10737,Store,West,109.224
10738,Online,West,1054.663
10739,Online,West,328.2
10740,Store,West,57.18
10741,Online,West,32.12
10742,Online,West,383.97
10743,Marketplace,West,474.09000000000003
10744,Marketplace,West,586.7769999999999
10745,Store,West,2070.6800000000003
10746,Online,West,759.5260000000001
10747,Online,West,1301.1299999999999
10748,Online,West,310.216
10749,Store,West,201.89999999999998
10750,Online,West,16.454
10751,Store,West,350.71000000000004
10752,Online,West,1131.57
10753,Store,West,393.78
10754,Store,East,1242.847
10755,Store,East,257.1
10756,Store,East,48.28
10757,Online,East,393.82
10758,Online,East,627.0379999999999
10759,Online,South,355.0055
10760,Store,South,535.17
10761,Store,South,101.19399999999999
10762,Marketplace,South,99.28999999999999
10763,Online,South,71.514
10764,Online,South,693.192
10765,Online,North,1330.33
10766,Marketplace,North,457.05000000000007
10767,Online,North,314.226
10768,Store,North,888.75
10769,Online,North,2003.0300000000002
10770,Online,North,1213.57
10771,Online,North,214.863
10772,Online,North,62.82000000000001
10773,Online,North,1240.81
10774,Marketplace,North,189.33999999999997
10775,Online,North,296.15
10776,Online,North,476.091
10777,Store,North,906.1300000000001
10778,Store,North,60.534
10779,Online,North,122.43
10780,Online,North,94.70400000000001
10781,Online,North,190.38
10782,Store,North,44.285
10783,Online,North,237.02
10784,Online,North,98.64
10785,Store,North,109.9625
10786,Online,North,326.667
10787,Store,North,1473.7214999999999
10788,Store,,1201.24
10789,Store,,72.6
10790,Online,,516.375
10791,Store,East,580.03
10792,Store,West,420.88
10793,Online,West,37.0785
10794,Online,West,318.93999999999994
10795,Store,West,213.41799999999998
10796,Online,West,164.747
10797,Store,West,345.3295
10798,Online,West,452.08
10799,Online,West,85.21600000000001
10800,Marketplace,West,757.18
10801,Marketplace,West,385.12800000000004
10802,Online,West,1005.0999999999999
10803,Marketplace,West,60.76
10804,Online,West,29.84
10805,Online,West,340.76
10806,Store,West,151.8
10807,Online,West,86.19
10808,Marketplace,West,756.61
10809,Online,West,1475.25
10810,Online,West,214.88
10811,Online,West,102.93499999999999
10812,Online,West,478.1
10813,Store,West,1639.6245000000001
10814,Online,West,181.62000000000003
10815,Store,West,1196.6009999999999
10816,Online,West,217.23999999999998
10817,Store,East,133.93
10818,Online,East,28.38
10819,Marketplace,East,117.952
10820,Online,East,46.342
10821,Marketplace,East,169.776
10822,Online,,436.51
10823,Marketplace,East,716.41
10824,Online,East,307.341
10825,Online,East,58.374
10826,Store,South,198.61
10827,Online,South,405.45849999999996
10828,Online,South,202.58999999999997
10829,Online,South,86.583
10830,Online,South,145.28
10831,Online,North,35.24
10832,Online,North,33.0565
10833,Online,North,31.2455
10834,Marketplace,North,97.5
10835,Online,North,187.21800000000002
10836,Marketplace,North,2011.464
10837,Online,North,72.42
10838,Online,North,640.476
10839,Online,North,269.25
10840,Store,South,210.85
10841,Online,South,515.3655
10842,Store,South,1294.204
10843,Marketplace,South,131.563
10844,Marketplace,South,28.59
10845,Store,South,548.76
10846,Store,East,286.27
10847,Store,East,1096.6325
10848,Online,East,497.05199999999996
10849,Marketplace,North,628.463
10850,Marketplace,North,138.873
10851,Store,North,57.68
10852,Store,North,877.18
10853,Store,West,1214.442
10854,Marketplace,West,433.87
10855,Online,West,261.3
10856,Online,West,18.088
10857,Online,West,84.24600000000001
10858,Online,West,512.9145
10859,Online,West,208.02
10860,Online,West,1972.92
10861,Online,West,68.247
10862,Online,West,260.3855
10863,Online,West,487.611
10864,Store,West,39.73
10865,Online,East,222.38549999999998
10866,Store,East,835.47
10867,Marketplace,North,574.2
10868,Store,North,222.08149999999998
10869,Online,North,93.27
10870,Store,North,550.2049999999999
10871,Store,North,461.07
10872,Online,North,567.24
10873,Store,North,856.14
10874,Online,North,447.6
10875,Store,North,1223.7875
10876,Online,North,663.72
10877,Marketplace,North,1149.424
10878,Online,North,100.529
10879,Online,North,93.73649999999999
10880,Online,North,545.139
10881,Store,East,197.67000000000002
10882,Marketplace,East,149.022
10883,Online,East,176.00400000000002
10884,Online,East,1501.27
10885,Marketplace,East,71.13
10886,Marketplace,East,427.38849999999996
10887,Marketplace,East,389.448
10888,Online,East,214.464
10889,Store,East,93.636
10890,Store,East,395.182
10891,Online,East,271.286
10892,Marketplace,East,1675.554
10893,Store,East,1024.94
10894,Store,East,176.719
10895,Online,East,208.01
10896,Store,East,136.5865
10897,Online,East,774.928
10898,Online,East,1030.769
10899,Online,East,164.304
10900,Marketplace,East,119.03999999999999
10901,Online,East,330.26750000000004
10902,Marketplace,East,467.11
10903,Online,East,715.1800000000001
10904,Store,East,409.12
10905,Online,South,114.62700000000001
10906,Online,South,48.608000000000004
10907,Online,South,679.39
10908,Online,South,163.88
10909,Store,South,817.2
10910,Online,South,196.536
10911,Store,South,272.783
10912,Marketplace,South,267.427
10913,Online,South,113.19
10914,Marketplace,South,864.59
10915,Online,North,643.0
10916,Online,North,279.576
10917,Store,East,685.413
10918,Store,North,104.60999999999999
10919,Store,North,457.956
10920,Store,North,142.196
10921,Store,North,532.9499999999999
10922,Online,North,38.313
10923,Online,North,111.64750000000001
10924,Marketplace,North,91.14
10925,Store,North,277.98
10926,Store,North,287.154
10927,Store,North,1939.05
10928,Online,North,94.14
10929,Online,North,362.04900000000004
10930,Marketplace,North,215.82
10931,Online,North,35.127
10932,Store,North,402.91200000000003
10933,Online,North,223.047
10934,Online,North,534.42
10935,Online,North,674.892
10936,Online,North,522.427
10937,Online,North,162.165
10938,Store,North,358.28000000000003
10939,Online,North,681.462
10940,Store,North,31.716
10941,Online,North,175.986
10942,Online,North,29.639499999999998
10943,Marketplace,North,157.63
10944,Online,North,33.12649999999999
10945,Store,North,9.91
10946,Marketplace,North,307.332
10947,Online,North,111.69600000000001
10948,Store,South,1932.1899999999998
10949,Store,South,550.696
10950,Store,South,538.56
10951,Online,South,1233.6119999999999
10952,Online,South,194.79449999999997
10953,Online,South,25.721
10954,Online,South,2053.22
10955,Online,South,553.599
10956,Online,South,272.8925
10957,Online,South,36.57
10958,Store,South,68.51
10959,Marketplace,South,1899.7800000000002
10960,Marketplace,South,68.306
10961,Online,South,54.52
10962,Store,West,437.614
10963,Store,West,716.5185
10964,Online,West,1308.05
10965,Online,West,54.144000000000005
10966,Online,West,1269.49
10967,Store,West,472.75800000000004
10968,Store,West,227.78
10969,Marketplace,West,164.787
10970,Store,North,1106.514
10971,Online,North,28.764000000000003
10972,Online,North,54.12
10973,Online,North,433.44899999999996
10974,Online,North,63.46
10975,Online,East,74.1
10976,Online,East,95.868
10977,Online,East,273.82
10978,Online,East,224.2045
10979,Store,East,48.165
10980,Store,South,1184.9085
10981,Store,West,81.62
10982,Online,West,384.29100000000005
10983,Store,West,246.91500000000002
10984,Online,West,158.76000000000002
10985,Online,West,1242.69
10986,Online,South,1781.69
10987,Store,South,994.428
10988,Online,South,463.13
10989,Online,South,200.51999999999998
10990,Store,South,243.59999999999997
10991,Online,South,365.76
10992,Marketplace,South,856.8499999999999
10993,Online,South,763.2014999999999
10994,Online,South,784.2534999999999
10995,Store,South,159.38
10996,Marketplace,South,234.54899999999998
10997,Online,South,125.59599999999999
10998,Online,South,525.42
10999,Marketplace,South,821.168
11000,Marketplace,South,1232.51
11001,Online,South,23.872
11002,Online,South,949.8195000000001
11003,Online,South,1309.1699999999998
11004,Store,South,420.47999999999996
11005,Online,West,682.23
11006,Online,West,19.76
11007,Online,East,123.0
11008,Store,East,1155.86
11009,Store,East,477.657
11010,Marketplace,East,409.69
11011,Marketplace,East,171.0
11012,Online,East,227.8
11013,Online,East,14.656
11014,Online,East,268.34
11015,Store,East,529.14
11016,Store,East,12.2
11017,Store,East,404.54999999999995
11018,Marketplace,East,883.35
11019,Online,East,139.446
11020,Store,East,139.905
11021,Store,East,298.46000000000004
11022,Store,East,284.07
11023,Store,East,104.46
11024,Store,East,399.64
11025,Marketplace,East,83.56
11026,Store,East,398.12
11027,Online,East,98.8095
11028,Online,East,1096.28
11029,Store,East,1128.904
11030,Online,East,18.400000000000002
11031,Online,North,403.68
11032,Store,North,90.63
11033,Online,North,12.001999999999999
11034,Online,North,380.715
11035,Online,North,963.25
11036,Marketplace,North,365.094
11037,Online,North,75.456
11038,Store,North,603.1
11039,Online,North,407.62
11040,Online,North,721.0310000000001
11041,Online,North,37.19
11042,Online,North,102.93499999999999
11043,Online,North,377.26
11044,Online,North,785.06
11045,Online,North,2366.54
11046,Marketplace,North,665.694
11047,Store,North,358.78999999999996
11048,Online,North,329.0135
11049,Store,South,241.0815
11050,Online,West,2727.754
11051,Store,West,829.143
11052,Online,West,252.144
11053,Online,North,1648.3590000000002
11054,Online,North,352.614
11055,Store,South,200.94
11056,Online,South,42.678000000000004
11057,Store,South,2154.74
11058,Store,South,174.69
11059,Online,North,180.404
11060,Store,North,9.576
11061,Store,North,744.3299999999999
11062,Store,North,765.9200000000001
11063,Online,North,1333.4959999999999
11064,Online,North,259.06
11065,Online,East,182.7415
11066,Online,East,101.4
11067,Store,East,237.4905
11068,Store,North,422.769
11069,Online,North,291.44
11070,Store,North,745.4925
11071,Online,North,929.4240000000001
11072,Online,North,1652.25
11073,Online,North,91.4565
11074,Store,North,813.4414999999999
11075,Marketplace,South,53.162
11076,Store,North,416.26
11077,Online,North,151.164
11078,Online,North,1033.15
11079,Online,North,1501.9299999999998
11080,Store,North,440.53399999999993
11081,Store,North,511.48
11082,Store,North,1264.9
11083,Online,West,702.08
11084,Online,West,60.52
11085,Online,West,1133.951
11086,Online,West,140.39100000000002
11087,Online,West,88.902
11088,Store,West,1024.94
11089,Online,West,113.79799999999999
11090,Online,West,200.82
11091,Online,West,391.98
11092,Store,West,79.36
11093,Online,West,342.13349999999997
11094,Store,West,346.77000000000004
11095,Online,West,695.09
11096,Online,West,1127.6550000000002
11097,Marketplace,North,170.697
11098,Online,North,653.61
11099,Online,North,182.60000000000002
11100,Marketplace,West,107.768
11101,Store,West,1149.876
11102,Store,West,307.41
11103,Online,West,105.66400000000002
11104,Online,West,218.196
11105,Store,West,97.2705
11106,Store,West,408.52000000000004
11107,Online,West,195.84900000000002
11108,Store,West,513.74
11109,Online,West,871.1990000000001
11110,Marketplace,West,2034.54
11111,Online,West,212.93300000000002
11112,Online,West,30.472000000000005
11113,Online,East,484.3215
11114,Store,East,250.9625
11115,Online,East,881.8100000000001
11116,Store,East,546.69
11117,Online,East,32.214999999999996
11118,Marketplace,East,64.27699999999999
11119,Online,East,28.747
11120,Store,East,447.05
11121,Marketplace,East,32.214999999999996
11122,Online,East,88.91849999999998
11123,Online,East,151.411
11124,Online,East,7.91
11125,Store,East,188.01149999999998
11126,Store,East,1159.092
11127,Store,East,543.77
11128,Online,East,306.272
11129,Store,East,489.34499999999997
11130,Marketplace,East,74.1
11131,Store,East,1060.29
11132,Store,West,171.19849999999997
11133,Store,West,305.456
11134,Store,West,773.37
11135,Marketplace,East,98.64
11136,Online,East,79.464
11137,Store,South,859.99
11138,Marketplace,North,149.32800000000003
11139,Online,North,25.721
11140,Online,North,717.06
11141,Online,North,52.275
11142,Online,North,140.094
11143,Store,North,1019.35
11144,Online,North,19.116
11145,Store,North,185.48999999999998
11146,Online,North,362.86
11147,Store,North,476.41549999999995
11148,Online,North,542.619
11149,Online,North,67.64
11150,Marketplace,North,52.3
11151,Online,North,190.38
11152,Online,North,363.82149999999996
11153,Marketplace,North,180.54000000000002
11154,Online,East,978.44
11155,Store,East,60.021
11156,Store,East,73.63449999999999
11157,Online,North,164.426
11158,Online,North,1275.66
11159,Online,North,45.270999999999994
11160,Online,North,88.68
11161,Marketplace,North,308.18
11162,Marketplace,North,256.51800000000003
11163,Store,North,269.2
11164,Marketplace,North,447.09149999999994
11165,Store,North,439.8405
11166,Online,North,210.99499999999998
11167,Online,North,29.639499999999998
11168,Store,North,42.296
11169,Store,North,437.3895
11170,Store,North,751.33
11171,Store,North,268.16999999999996
11172,Online,North,674.568
11173,Online,North,238.80149999999998
11174,Store,North,883.7819999999999
11175,Online,North,139.89999999999998
11176,Online,North,104.256
11177,Online,North,20.994999999999997
11178,Store,North,602.235
11179,Online,North,35.712
11180,Online,North,699.96
11181,Online,North,101.69999999999999
11182,Online,North,501.9165
11183,Online,North,559.9375
11184,Online,North,91.26
11185,Marketplace,East,972.2584999999999
11186,Online,East,9.576
11187,Online,East,277.98
11188,Online,South,660.2215
11189,Online,South,71.514
11190,Store,South,169.81
11191,Online,South,511.879
11192,Store,South,121.68
11193,Online,South,598.12
11194,Marketplace,South,283.575
11195,Marketplace,South,372.71700000000004
11196,Store,South,760.9200000000001
11197,Online,South,54.153000000000006
11198,Online,South,1275.9660000000001
11199,Online,South,513.3745
11200,Store,South,563.229
11201,Store,South,982.74
11202,Online,South,59.776
11203,Online,South,398.563
11204,Online,South,817.263
11205,Store,South,427.27200000000005
11206,Online,South,874.1970000000001
11207,Store,South,481.84
11208,Online,South,385.78999999999996
11209,Marketplace,South,33.84
11210,Marketplace,South,250.32
11211,Store,South,723.798
11212,Store,South,83.84
11213,Store,South,67.35600000000001
11214,Online,South,928.98
11215,Marketplace,South,280.908
11216,Store,South,1474.48
11217,Store,South,685.98
11218,Store,South,221.10000000000002
11219,Store,South,442.32
11220,Marketplace,South,465.9085
11221,Marketplace,South,163.88
11222,Store,South,693.36
11223,Store,South,158.37199999999999
11224,Online,South,517.4
11225,Marketplace,South,37.9
11226,Store,South,569.981
11227,Marketplace,South,97.5
11228,Marketplace,South,259.08
11229,Marketplace,South,157.31799999999998
11230,Store,South,333.99
11231,Online,South,349.73249999999996
11232,Online,South,264.16
11233,Store,South,119.03999999999999
11234,Online,South,330.6
11235,Online,South,1828.928
11236,Store,South,186.66
11237,Online,South,133.44
11238,Store,South,7.786
11239,Marketplace,South,351.63
11240,Store,South,700.77
11241,Store,,248.77800000000002
11242,Online,,748.64
11243,Online,,252.6455
11244,Online,,453.79200000000003
11245,Online,,246.7
11246,Marketplace,South,567.24
11247,Online,South,149.81
11248,Online,South,285.627
11249,Online,South,1357.1794999999997
11250,Store,South,207.01
11251,Online,South,259.79999999999995
11252,Online,South,1468.584
11253,Store,West,502.011
11254,Store,West,403.68
11255,Online,West,69.19
11256,Store,West,190.9185
11257,Store,West,57.18
11258,Online,West,799.0925
11259,Online,West,170.43200000000002
11260,Store,West,711.9
11261,Online,West,144.84
11262,Store,West,340.11
11263,Store,West,283.69000000000005
11264,Online,West,199.053
11265,Store,West,1558.63
11266,Online,West,344.25
11267,Store,South,580.77
11268,Online,South,103.47
11269,Online,South,371.944
11270,Online,South,228.30399999999997
11271,Store,South,688.9845
11272,Online,South,32.214999999999996
11273,Store,South,1126.8
11274,Store,South,770.1255
11275,Store,South,153.12
11276,Online,North,706.563
11277,Online,North,252.22000000000003
11278,Marketplace,North,475.76
11279,Online,North,477.369
11280,Online,West,183.57
11281,Store,West,625.31
11282,Online,West,158.928
11283,Online,West,559.623
11284,Online,West,543.4285
11285,Store,West,74.84
11286,Online,West,964.308
11287,Store,West,187.01
11288,Store,West,655.16
11289,Online,West,112.1285
11290,Online,West,182.85999999999999
11291,Online,West,440.784
11292,Store,West,375.885
11293,Online,West,969.3800000000001
11294,Store,West,211.4715
11295,Online,West,46.5405
11296,Store,West,253.1
11297,Store,West,1236.39
11298,Online,West,48.078
11299,Online,West,1446.28
11300,Store,West,762.48
11301,Online,West,527.499
11302,Store,West,171.009
11303,Online,West,716.1600000000001
11304,Marketplace,West,540.6545
11305,Online,West,661.49
11306,Online,South,175.2105
11307,Online,South,75.16799999999999
11308,Online,South,372.56
11309,Marketplace,South,74.72
11310,Online,South,134.408
11311,Store,South,939.9775
11312,Store,South,871.3
11313,Online,South,457.53000000000003
11314,Marketplace,North,489.24
11315,Marketplace,North,147.66199999999998
11316,Online,North,203.623
11317,Online,North,228.82
11318,Marketplace,North,101.184
11319,Online,North,161.52
11320,Online,West,86.83200000000001
11321,Online,West,83.283
11322,Store,West,679.34
11323,Online,East,520.69
11324,Online,East,19.152
11325,Online,East,1711.04
11326,Marketplace,East,117.78099999999999
11327,Store,East,182.666
11328,Store,North,141.20999999999998
11329,Store,North,289.63599999999997
11330,Online,North,265.33799999999997
11331,Online,North,43.24
11332,Store,North,487.75849999999997
11333,Online,North,688.2180000000001
11334,Store,North,1699.101
11335,Store,North,126.24
11336,Online,North,39.03
11337,Online,North,405.4885
11338,Online,North,231.13
11339,Store,North,468.0525
11340,Online,North,197.046
11341,Marketplace,North,103.496
11342,Online,North,1413.48
11343,Store,North,307.485
11344,Online,North,92.684
11345,Store,North,43.47
11346,Marketplace,North,520.137
11347,Online,East,45.41
11348,Store,East,731.57
11349,Marketplace,East,192.644
11350,Online,East,434.3115
11351,Store,East,245.82
11352,Online,East,47.07
11353,Store,North,109.04
11354,Online,North,378.44100000000003
11355,Store,North,420.32
11356,Online,North,49.2
11357,Online,North,854.95
11358,Online,North,280.62
11359,Marketplace,North,1090.7
11360,Store,North,278.2835
11361,Online,North,14.656
11362,Online,West,576.669
11363,Online,West,156.186
11364,Store,West,207.08
11365,Marketplace,West,307.755
11366,Online,West,127.024
11367,Marketplace,West,395.03999999999996
11368,Marketplace,East,350.7525
11369,Online,East,278.443
11370,Marketplace,East,443.45
11371,Online,East,33.0505
11372,Online,East,1089.333
11373,Store,North,349.44
11374,Online,North,415.96000000000004
11375,Online,North,65.34
11376,Marketplace,North,650.9399999999999
11377,Store,North,191.44
11378,Store,North,10.14
11379,Marketplace,North,111.45
11380,Store,North,274.46
11381,Store,North,628.299
11382,Online,North,31.936000000000003
11383,Store,North,209.007
11384,Online,North,418.23
11385,Online,North,297.738
11386,Store,North,347.64
11387,Store,North,1031.37
11388,Online,North,242.99999999999997
11389,Online,North,47.566
11390,Store,North,1237.1280000000002
11391,Store,North,198.9585
11392,Store,North,417.74
11393,Marketplace,East,53.82699999999999
11394,Online,East,610.79
11395,Store,East,361.26
11396,Online,North,866.277
11397,Online,North,32.12
11398,Store,North,177.17
11399,Online,North,201.816
11400,Store,South,1356.43
11401,Online,South,242.38299999999998
11402,Online,South,687.8625
11403,Marketplace,South,503.21
11404,Online,South,629.78
11405,Store,South,104.04899999999999
11406,Store,South,130.41
11407,Store,South,205.3615
11408,Store,North,579.9749999999999
11409,Online,North,39.1
11410,Online,North,548.35
11411,Store,North,86.77
11412,Online,North,429.6
11413,Online,North,814.08
11414,Store,North,540.5219999999999
11415,Store,North,113.79
11416,Online,North,344.25
11417,Online,North,143.22
11418,Online,North,147.441
11419,Marketplace,North,616.51
11420,Store,North,516.4290000000001
11421,Store,North,120.492
11422,Online,South,113.32
11423,Online,South,261.3
11424,Marketplace,South,318.54
11425,Store,South,212.634
11426,Online,South,43.053999999999995
11427,Store,South,487.12
11428,Online,South,151.209
11429,Online,South,1256.6995000000002
11430,Marketplace,South,1326.3390000000002
11431,Online,South,696.54
11432,Online,South,167.37
11433,Online,East,436.86699999999996
11434,Online,East,27.18
11435,Store,East,73.6155
11436,Online,East,45.254
11437,Online,East,629.35
11438,Online,East,133.632
11439,Online,West,19.55
11440,Online,West,225.26999999999998
11441,Online,West,157.63
11442,Online,West,232.18949999999998
11443,Store,West,878.712
11444,Marketplace,West,750.17
11445,Marketplace,West,256.234
11446,Online,West,701.44
11447,Online,East,336.804
11448,Online,East,67.541
11449,Marketplace,East,360.46799999999996
11450,Online,East,821.4485
11451,Marketplace,East,277.92
11452,Marketplace,East,10.64
11453,Online,East,43.095
11454,Store,East,97.98
11455,Online,East,166.10999999999999
11456,Online,West,280.0
11457,Marketplace,West,746.95
11458,Store,West,218.824
11459,Online,West,366.78
11460,Marketplace,West,1733.79
11461,Online,West,182.85000000000002
11462,Online,West,83.52
11463,Online,West,609.78
11464,Online,West,95.82300000000001
11465,Online,West,626.72
11466,Marketplace,South,728.593
11467,Store,South,470.4
11468,Online,South,96.56
11469,Online,South,7.785
11470,Online,South,1072.692
11471,Online,South,553.74
11472,Store,South,781.6684999999999
11473,Store,South,70.5185
11474,Online,South,199.32
11475,Online,South,256.44
11476,Store,South,392.41999999999996
11477,Online,South,192.84
11478,Store,South,257.8585
11479,Online,South,16.966
11480,Store,South,282.5
11481,Online,South,248.93949999999998
11482,Marketplace,South,1201.77
11483,Online,South,251.109
11484,Online,South,418.75
11485,Store,South,144.077
11486,Store,South,183.92000000000002
11487,Store,South,116.22
11488,Online,South,169.708
11489,Store,South,38.394000000000005
11490,Store,South,227.11649999999997
11491,Marketplace,South,580.374
11492,Online,South,723.596
11493,Online,South,266.798
11494,Marketplace,East,874.56
11495,Online,East,96.35999999999999
11496,Online,East,31.076
11497,Marketplace,East,808.137
11498,Store,East,536.52
11499,Store,East,178.1
11500,Store,East,458.01
11501,Marketplace,East,472.824
11502,Online,East,66.72
11503,Online,East,19.55
11504,Marketplace,East,693.432
11505,Online,East,218.7645
11506,Online,East,48.44
11507,Online,East,412.623
11508,Online,East,95.868
11509,Store,East,1962.4245
11510,Store,East,167.88
11511,Online,East,663.76
11512,Online,East,84.4305
11513,Online,East,923.22
11514,Online,East,147.509
11515,Online,East,668.7270000000001
11516,Online,East,27.64
11517,Online,East,271.4985
11518,Online,North,174.43699999999998
11519,Online,North,618.5799999999999
11520,Store,North,550.38
11521,Online,North,417.734
11522,Marketplace,North,79.36
11523,Store,North,444.69499999999994
11524,Store,North,354.943
11525,Online,West,500.31000000000006
11526,Online,West,556.886
11527,Online,West,550.81
11528,Online,North,1408.5900000000001
11529,Marketplace,North,1055.538
11530,Online,North,27.301999999999996
11531,Store,North,918.0
11532,Marketplace,North,811.4219999999999
11533,Online,North,138.08
11534,Online,North,52.1
11535,Online,North,20.994999999999997
11536,Store,North,2347.46
11537,Store,North,403.79999999999995
11538,Online,North,181.64999999999998
11539,Store,North,322.96599999999995
11540,Online,North,49.929
11541,Store,North,400.59999999999997
11542,Store,South,269.2
11543,Marketplace,South,912.543
11544,Online,South,431.14
11545,Online,South,228.26999999999998
11546,Online,South,78.744
11547,Store,South,156.11
11548,Online,South,108.18
11549,Marketplace,South,952.08
11550,Online,South,26.757
11551,Online,South,644.9200000000001
11552,Marketplace,East,471.8
11553,Marketplace,West,657.58
11554,Marketplace,North,179.25
11555,Online,North,246.0025
11556,Store,North,595.4335
11557,Online,North,185.44000000000003
11558,Store,North,288.79049999999995
11559,Online,North,823.361
11560,Marketplace,North,357.15
11561,Store,North,685.4535
11562,Online,East,962.226
11563,Online,East,277.23
11564,Online,East,667.71
11565,Store,East,777.46
11566,Store,East,528.16
11567,Online,East,132.912
11568,Marketplace,East,416.86
11569,Store,East,77.49
11570,Store,East,1288.7
11571,Marketplace,East,264.024
11572,Store,East,204.37
11573,Online,East,214.672
11574,Store,East,376.02
11575,Store,East,215.163
11576,Online,East,199.937
11577,Store,East,342.02700000000004
11578,Marketplace,East,788.211
11579,Store,East,228.88
11580,Marketplace,East,33.478
11581,Store,East,997.08
11582,Store,East,107.49000000000001
11583,Store,East,263.16
11584,Online,East,73.7295
11585,Online,East,28.907999999999998
11586,Store,East,859.1099999999999
11587,Store,South,231.19199999999998
11588,Store,South,361.35
11589,Online,West,522.2054999999999
11590,Online,West,466.245
11591,Store,West,196.83
11592,Store,North,1117.6275
11593,Online,North,109.71000000000001
11594,Online,North,592.6600000000001
11595,Online,North,59.776
11596,Online,North,198.16
11597,Online,North,33.932
11598,Online,North,171.4845
11599,Online,North,78.744
11600,Online,North,75.02
11601,Marketplace,North,267.88
11602,Online,North,698.2900000000001
11603,Online,North,27.712000000000003
11604,Store,North,88.68
11605,Online,North,386.45
11606,Online,North,484.33
11607,Marketplace,North,572.3100000000001
11608,Store,North,136.7525
11609,Store,East,146.421
11610,Online,East,833.94
11611,Online,East,8.244
11612,Online,East,92.25
11613,Store,East,18.28
11614,Store,East,462.57
11615,Online,East,335.206
11616,Online,East,21.339000000000002
11617,Store,East,386.498
11618,Online,West,66.15
11619,Online,West,42.007
11620,Online,East,764.3600000000001
11621,Store,West,1278.6599999999999
11622,Online,West,100.82400000000001
11623,Online,South,201.89999999999998
11624,Online,South,50.364000000000004
11625,Online,South,977.653
11626,Online,South,465.48
11627,Store,South,1592.48
11628,Online,South,122.73999999999998
11629,Store,South,63.46
11630,Online,South,286.26
11631,Store,South,1029.22
11632,Online,South,334.65999999999997
11633,Store,South,358.9200000000001
11634,Store,South,165.9365
11635,Store,South,195.47199999999998
11636,Marketplace,South,66.717
11637,Online,South,154.14000000000001
11638,Store,South,299.781
11639,Online,South,74.1455
11640,Store,South,86.19
11641,Online,South,85.97
11642,Store,South,173.587
11643,Online,South,62.033
11644,Online,South,255.798
11645,Online,South,352.53999999999996
11646,Online,North,320.157
11647,Online,North,257.90999999999997
11648,Online,North,57.528000000000006
11649,Store,North,246.88
11650,Online,North,149.52599999999998
11651,Online,North,270.64
11652,Online,North,133.96
11653,Online,North,1286.83
11654,Online,South,190.842
11655,Marketplace,South,127.57000000000001
11656,Online,South,201.816
11657,Marketplace,South,631.82
11658,Online,South,109.224
11659,Marketplace,South,1521.6444999999999
11660,Store,East,333.56
11661,Online,East,111.69600000000001
11662,Store,East,250.291
11663,Online,South,1119.6415
11664,Store,South,121.36
11665,Online,South,234.764
11666,Store,South,1539.48
11667,Marketplace,South,1759.466
11668,Online,South,744.87
11669,Online,South,606.159
11670,Online,South,7.786
11671,Marketplace,South,223.218
11672,Online,South,280.39
11673,Store,South,267.0275
11674,Marketplace,South,260.82
11675,Online,South,51.748
11676,Online,South,143.95
11677,Online,South,275.49
11678,Online,South,49.833
11679,Marketplace,South,479.23849999999993
11680,Online,East,414.84
11681,Online,East,880.9635
11682,Store,East,405.288
11683,Online,East,597.7620000000001
11684,Online,East,1061.0975
11685,Online,East,907.5840000000001
11686,Marketplace,East,60.17
11687,Store,East,624.06
11688,Online,East,468.36699999999996
11689,Online,East,630.6899999999999
11690,Marketplace,East,100.32
11691,Online,East,418.0950000000001
11692,Online,East,66.99600000000001
11693,Marketplace,East,55.314
11694,Store,South,1674.96
11695,Online,South,32.070499999999996
11696,Store,South,39.1
11697,Online,South,783.717
11698,Online,South,70.395
11699,Marketplace,South,218.97
11700,Online,South,329.103
11701,Online,South,163.92000000000002
11702,Online,South,216.036
11703,Store,South,1181.192
11704,Online,South,131.364
11705,Store,East,535.04
11706,Online,East,63.46
11707,Online,East,24.003999999999998
11708,Online,East,122.24
11709,Marketplace,,1517.492
11710,Store,,750.785
11711,Store,East,955.502
11712,Online,East,424.25
11713,Online,East,466.32
11714,Store,East,1306.68
11715,Store,East,251.47
11716,Online,East,108.99
11717,Store,East,26.105999999999998
11718,Store,East,1039.4805
11719,Store,East,64.31949999999999
11720,Online,East,1452.99
11721,Online,East,277.407
11722,Online,North,39.387
11723,Store,North,365.78999999999996
11724,Marketplace,North,115.672
11725,Online,North,392.65749999999997
11726,Online,North,647.9
11727,Marketplace,North,187.663
11728,Online,North,215.54549999999998
11729,Online,North,130.65
11730,Marketplace,North,335.51149999999996
11731,Online,North,532.386
11732,Store,North,1537.41
11733,Online,North,377.435
11734,Online,North,650.97
11735,Online,North,106.542
11736,Store,North,469.17
11737,Online,North,254.91000000000003
11738,Online,North,326.14
11739,Online,North,43.875
11740,Online,South,402.44
11741,Online,South,1568.42
11742,Store,South,228.64999999999998
11743,Online,South,878.62
11744,Marketplace,North,767.6690000000001
11745,Online,North,663.8299999999999
11746,Online,North,1001.8
11747,Store,East,390.051
11748,Store,East,173.54
11749,Marketplace,East,540.759
11750,Online,East,44.285
11751,Store,East,716.1195
11752,Marketplace,East,31.716
11753,Online,East,255.32800000000003
11754,Online,East,633.21
11755,Online,South,125.98
11756,Online,South,484.03
11757,Online,South,795.566
11758,Online,South,405.24
11759,Online,South,942.2460000000001
11760,Online,South,163.07999999999998
11761,Store,North,1639.4715
11762,Online,North,222.15
11763,Online,North,280.323
11764,Marketplace,West,357.435
11765,Online,West,470.77
11766,Online,West,378.27
11767,Online,West,435.59950000000003
11768,Store,South,397.74
11769,Marketplace,South,286.82
11770,Online,South,391.5
11771,Store,West,1921.3
11772,Marketplace,West,202.14100000000002
11773,Online,West,257.373
11774,Marketplace,West,109.04
11775,Marketplace,West,144.234
11776,Online,West,56.886
11777,Store,West,1313.94
11778,Online,West,105.72
11779,Store,West,1408.9769999999999
11780,Online,West,435.74
11781,Store,West,380.646
11782,Marketplace,West,1481.7900000000002
11783,Online,West,553.482
11784,Online,West,44.019
11785,Store,West,414.84
11786,Online,West,331.4
11787,Online,West,895.2
11788,Marketplace,North,408.78000000000003
11789,Marketplace,West,178.1
11790,Online,West,298.116
11791,Store,East,66.1555
11792,Store,East,28.24
11793,Marketplace,East,279.5565
11794,Online,East,315.62
11795,Store,East,545.58
11796,Online,North,659.34
11797,Online,North,1081.98
11798,Online,North,17.964000000000002
11799,Online,North,149.68
11800,Online,North,39.92
11801,Store,North,854.3445
11802,Online,North,579.649
11803,Online,East,192.18
11804,Online,East,55.40800000000001
11805,Online,East,835.1800000000001
11806,Marketplace,East,95.302
11807,Store,East,808.4159999999999
11808,Marketplace,East,75.02
11809,Store,West,1097.613
11810,Store,West,157.689
11811,Online,West,128.68699999999998
11812,Marketplace,West,226.66
11813,Marketplace,West,217.8255
11814,Online,West,959.5500000000001
11815,Online,West,256.44
11816,Store,West,308.46500000000003
11817,Store,West,349.03
11818,Marketplace,West,136.918
11819,Online,West,197.66
11820,Online,West,819.58
11821,Online,West,661.181
11822,Online,West,738.162
11823,Online,West,309.69
11824,Online,West,561.38
11825,Store,West,176.852
11826,Store,West,460.34
11827,Online,West,314.92800000000005
11828,Online,West,190.38
11829,Store,South,277.98
11830,Store,South,155.839
11831,Store,South,78.16
11832,Online,South,28.764000000000003
11833,Online,South,1597.06
11834,Online,South,833.06
11835,Store,South,412.53
11836,Online,South,534.736
11837,Marketplace,South,159.78
11838,Online,South,553.2479999999999
11839,Store,North,1201.968
11840,Store,North,793.66
11841,Online,North,217.43599999999998
11842,Online,North,156.75
11843,Online,North,834.4799999999999
11844,Online,North,602.24
11845,Online,North,204.39
11846,Store,North,463.16499999999996
11847,Marketplace,North,110.44699999999999
11848,Online,East,371.96
11849,Online,East,100.32
11850,Online,East,924.688
11851,Online,East,2935.994
11852,Store,East,457.92900000000003
11853,Store,East,200.16649999999998
11854,Online,East,362.08000000000004
11855,Online,East,89.889
11856,Online,West,579.38
11857,Online,West,57.494
11858,Store,North,115.22
11859,Store,North,1244.9899999999998
11860,Marketplace,East,196.83
11861,Store,East,931.788
11862,Online,East,503.71850000000006
11863,Online,East,352.53000000000003
11864,Marketplace,North,435.7
11865,Online,North,1253.24
11866,Online,North,41.4375
11867,Store,West,437.265
11868,Store,West,615.4005
11869,Online,West,626.7985
11870,Store,West,190.43999999999997
11871,Online,West,279.1195
11872,Store,East,658.134
11873,Online,East,17.296000000000003
11874,Marketplace,West,147.48000000000002
11875,Store,West,206.89
11876,Online,West,57.42
11877,Store,West,136.89000000000001
11878,Online,West,583.889
11879,Store,West,618.9105
11880,Store,West,895.2
11881,Online,West,124.9245
11882,Online,West,188.32
11883,Store,West,208.46999999999997
11884,Online,West,515.85
11885,Online,West,17.964000000000002
11886,Online,West,250.95999999999998
11887,Marketplace,West,11.589999999999998
11888,Store,West,291.18
11889,Store,East,388.305
11890,Store,East,88.2
11891,Online,East,2081.01
11892,Store,North,247.87800000000001
11893,Online,North,247.2945
11894,Online,North,27.301999999999996
11895,Store,East,179.24
11896,Online,East,150.33599999999998
11897,Online,East,317.23699999999997
11898,Store,East,392.15999999999997
11899,Online,East,152.9025
11900,Marketplace,East,945.098
11901,Marketplace,East,246.231
11902,Online,East,348.59200000000004
11903,Store,North,464.967
11904,Store,North,64.753
11905,Online,East,383.69
11906,Online,East,59.796
11907,Online,North,1533.33
11908,Store,North,187.75
11909,Online,North,224.16
11910,Store,East,991.151
11911,Online,East,948.2685
11912,Online,East,1658.4
11913,Store,East,57.645999999999994
11914,Store,East,291.99
11915,Marketplace,North,167.68
11916,Online,North,95.058
11917,Online,East,645.278
11918,Store,East,1596.35
11919,Store,East,560.034
11920,Online,East,72.726
11921,Online,East,143.76
11922,Online,East,41.84
11923,Store,East,703.4399999999999
11924,Online,East,267.121
11925,Online,East,499.49399999999997
11926,Store,East,153.12
11927,Marketplace,East,676.85
11928,Online,North,310.92
11929,Store,West,323.7
11930,Online,West,76.18
11931,Online,West,66.44
11932,Marketplace,West,245.115
11933,Online,West,819.9520000000001
11934,Online,West,60.989999999999995
11935,Store,West,226.36800000000002
11936,Online,West,211.24
11937,Store,West,857.4100000000001
11938,Store,South,1027.566
11939,Store,South,1006.45
11940,Store,South,255.73999999999998
11941,Online,South,25.695999999999998
11942,Store,South,663.3944999999999
11943,Store,North,1090.73
11944,Online,North,82.875
11945,Store,North,1312.8
11946,Online,North,261.2135
11947,Online,North,518.7634999999999
11948,Online,North,78.4125
11949,Online,North,914.9259999999999
11950,Online,North,796.1700000000001
11951,Online,East,211.24
11952,Online,East,7.786
11953,Online,East,317.93399999999997
11954,Online,East,846.17
11955,Online,East,75.16799999999999
11956,Online,East,1903.26
11957,Online,East,12.001999999999999
11958,Store,East,200.678
11959,Online,East,227.87
11960,Online,North,361.59000000000003
11961,Marketplace,North,481.631
11962,Marketplace,North,261.513
11963,Online,North,423.29999999999995
11964,Store,North,422.343
11965,Marketplace,North,243.6015
11966,Online,North,277.882
11967,Online,North,558.624
11968,Marketplace,North,298.71000000000004
11969,Store,North,1642.53
11970,Store,North,260.97450000000003
11971,Online,North,140.25799999999998
11972,Online,North,268.47900000000004
11973,Marketplace,West,641.952
11974,Online,West,75.861
11975,Store,West,874.4
11976,Online,West,97.08800000000001
11977,Store,West,111.37
11978,Online,West,118.677
11979,Online,West,592.21
11980,Online,West,204.37
11981,Marketplace,West,618.24
11982,Online,East,161.874
11983,Store,East,1888.101
11984,Store,East,866.4209999999999
11985,Store,East,361.48
11986,Online,East,78.912
11987,Online,East,340.92650000000003
11988,Online,East,91.87200000000001
11989,Store,East,235.51449999999997
11990,Store,East,541.2099999999999
11991,Marketplace,East,130.61
11992,Online,East,548.78
11993,Online,East,240.42
11994,Online,West,473.93100000000004
11995,Marketplace,North,437.323
11996,Store,North,293.96999999999997
11997,Store,North,289.926
11998,Online,North,1418.48
11999,Online,North,192.04000000000002
12000,Online,North,149.346
12001,Online,North,1061.055
12002,Online,North,31.09
12003,Online,North,117.58500000000001
12004,Store,North,637.94
12005,Online,North,457.74000000000007
12006,Store,East,2077.992
12007,Marketplace,East,29.5355
12008,Online,East,266.26599999999996
12009,Online,East,39.92
12010,Store,South,855.95
12011,Online,South,33.1755
12012,Marketplace,South,146.13
12013,Online,South,5.49
12014,Online,South,90.81400000000001
12015,Store,South,1048.9
12016,Store,South,151.884
12017,Online,South,624.86
12018,Online,South,538.305
12019,Store,South,163.0045
12020,Online,South,522.427
12021,Online,South,201.89999999999998
12022,Online,South,45.328
12023,Store,South,1422.492
12024,Marketplace,South,128.03549999999998
12025,Store,South,32.214999999999996
12026,Online,South,1767.2089999999998
12027,Online,South,5.185
12028,Online,South,415.4255
12029,Store,South,236.53099999999998
12030,Online,South,1480.3754999999999
12031,Store,South,74.94
12032,Store,South,354.74
12033,Online,South,260.19
12034,Store,North,994.9
12035,Online,North,398.9135
12036,Online,North,201.3395
12037,Store,North,416.65
12038,Marketplace,East,152.2565
12039,Online,North,1415.3600000000001
12040,Online,North,30.32
12041,Online,North,8.244
12042,Online,North,74.64
12043,Store,North,67.3
12044,Marketplace,North,406.78999999999996
12045,Online,North,66.351
12046,Store,North,64.7235
12047,Store,North,210.46
12048,Online,North,303.27
12049,Online,North,46.342
12050,Store,North,1226.57
12051,Online,North,247.775
12052,Online,North,147.203
12053,Online,North,500.60999999999996
12054,Online,South,14.92
12055,Online,South,69.741
12056,Online,South,245.08999999999997
12057,Store,South,627.3
12058,Online,South,306.068
12059,Store,South,486.217
12060,Marketplace,South,316.13
12061,Marketplace,South,1648.53
12062,Store,South,53.271
12063,Online,South,45.270999999999994
12064,Online,South,544.635
12065,Store,South,577.611
12066,Store,South,274.14
12067,Online,West,138.02
12068,Online,West,312.63849999999996
12069,Marketplace,East,823.361
12070,Online,East,54.792
12071,Online,East,116.608
12072,Online,East,2053.26
12073,Online,East,19.893
12074,Online,East,709.8969999999999
12075,Online,East,62.98499999999999
12076,Store,East,332.02000000000004
12077,Online,West,94.67699999999999
12078,Store,West,135.036
12079,Online,West,41.68000000000001
12080,Store,West,374.41999999999996
12081,Store,West,45.32
12082,Online,South,652.7064999999999
12083,Store,South,278.91049999999996
12084,Store,South,334.26
12085,Store,West,416.8125
12086,Store,West,402.12
12087,Online,West,69.552
12088,Marketplace,West,22.36
12089,Store,West,1216.0949999999998
12090,Marketplace,West,713.4
12091,Online,West,51.96
12092,Online,West,406.34349999999995
12093,Online,West,491.861
12094,Online,West,288.42
12095,Online,West,167.331
12096,Online,West,346.79999999999995
12097,Online,East,104.2245
12098,Online,East,194.465
12099,Online,East,380.874
12100,Online,East,126.12299999999999
12101,Online,East,781.3499999999999
12102,Store,East,906.78
12103,Marketplace,East,29.5
12104,Store,East,519.33
12105,Online,East,199.04
12106,Online,East,1150.8000000000002
12107,Store,East,648.8599999999999
12108,Online,East,648.754
12109,Store,East,325.28
12110,Online,East,174.325
12111,Online,East,127.53399999999999
12112,Store,East,457.49
12113,Store,East,144.3905
12114,Store,East,74.64
12115,Online,East,820.18
12116,Store,East,586.51
12117,Store,East,666.3489999999999
12118,Store,East,266.04
12119,Online,East,393.55199999999996
12120,Store,East,250.56
12121,Online,North,154.73399999999998
12122,Online,North,280.0
12123,Online,North,663.629
12124,Online,North,8.4235
12125,Store,North,71.098
12126,Marketplace,North,129.4975
12127,Online,North,417.78000000000003
12128,Online,North,938.3235
12129,Online,North,405.05000000000007
12130,Marketplace,North,76.75
12131,Marketplace,North,279.7
12132,Store,North,65.892
12133,Online,North,336.6705
12134,Online,North,143.622
12135,Online,North,1318.182
12136,Store,West,357.2
12137,Online,West,188.73
12138,Store,West,53.92
12139,Store,West,222.48
12140,Online,West,593.538
12141,Online,West,573.17
12142,Online,West,1817.8899999999999
12143,Marketplace,West,207.88850000000002
12144,Online,West,173.907
12145,Store,West,1160.7259999999999
12146,Marketplace,West,250.53
12147,Online,North,556.886
12148,Online,North,77.248
12149,Online,North,900.81
12150,Online,North,24.6
12151,Online,North,127.33799999999998
12152,Store,North,416.81449999999995
12153,Marketplace,North,540.5215
12154,Online,North,207.59550000000002
12155,Store,North,436.04150000000004
12156,Store,North,233.1
12157,Online,North,904.53
12158,Online,North,373.12
12159,Online,North,1132.7694999999999
12160,Online,North,7.3525
12161,Store,North,60.4
12162,Store,North,100.19999999999999
12163,Online,North,157.824
12164,Online,North,152.24699999999999
12165,Store,West,233.49
12166,Marketplace,West,237.9235
12167,Online,West,183.753
12168,Marketplace,West,783.8275
12169,Online,West,887.5899999999999
12170,Store,North,137.224
12171,Online,North,695.09
12172,Store,North,529.23
12173,Marketplace,North,1097.32
12174,Online,North,418.16999999999996
12175,Marketplace,North,206.181
12176,Online,North,714.647
12177,Store,North,218.975
12178,Online,North,16.488
12179,Marketplace,North,539.9100000000001
12180,Online,West,74.84
12181,Store,West,291.9445
12182,Online,West,633.9385
12183,Store,West,842.01
12184,Marketplace,West,261.3
12185,Online,West,670.9134999999999
12186,Online,West,52.3
12187,Online,West,756.828
12188,Store,West,319.56
12189,Online,East,21.62
12190,Online,East,287.244
12191,Online,East,113.427
12192,Store,East,243.6
12193,Store,South,281.32
12194,Online,South,138.768
12195,Online,South,542.58
12196,Online,South,176.57
12197,Online,South,167.68
12198,Online,South,708.147
12199,Online,South,45.866
12200,Store,South,829.7370000000001
12201,Store,South,969.9300000000001
12202,Online,South,1520.9975000000002
12203,Online,South,193.86
12204,Online,South,378.09000000000003
12205,Online,South,868.1700000000001
12206,Online,South,551.6329999999999
12207,Marketplace,South,246.7625
12208,Marketplace,South,104.6
12209,Online,South,55.37
12210,Store,South,418.47
12211,Online,South,141.219
12212,Online,South,719.7
12213,Online,West,257.0
12214,Online,South,216.36
12215,Online,South,475.88000000000005
12216,Online,South,242.62199999999999
12217,Store,South,971.613
12218,Online,South,286.02
12219,Online,South,214.464
12220,Online,South,895.11
12221,Store,East,190.116
12222,Marketplace,East,496.071
12223,Online,East,638.3585
12224,Marketplace,East,168.691
12225,Store,East,751.2895
12226,Online,East,950.9000000000001
12227,Store,East,442.4
12228,Marketplace,East,50.7
12229,Store,South,1673.92
12230,Marketplace,South,1639.1775
12231,Online,South,334.962
12232,Store,East,530.434
12233,Store,East,1893.24
12234,Online,East,100.82400000000001
12235,Store,East,37.8765
12236,Online,East,89.69600000000001
12237,Marketplace,East,395.58
12238,Online,East,502.69
12239,Marketplace,East,252.06
12240,Online,East,520.137
12241,Online,East,585.459
12242,Online,East,164.5515
12243,Store,East,675.6495
12244,Online,East,451.52
12245,Online,South,2239.99
12246,Online,South,122.24
12247,Store,South,251.83999999999997
12248,Online,South,9.91
12249,Online,South,278.50199999999995
12250,Online,West,507.82000000000005
12251,Marketplace,West,261.3665
12252,Online,,728.6600000000001
12253,Online,,90.54199999999999
12254,Online,East,307.31
12255,Store,East,19.006
12256,Store,East,299.81
12257,Marketplace,East,129.4
12258,Marketplace,East,233.253
12259,Store,East,568.8789999999999
12260,Marketplace,East,333.79999999999995
12261,Marketplace,East,739.008
12262,Online,East,71.721
12263,Online,East,35.24
12264,Store,East,36.57
12265,Online,East,173.30649999999997
12266,Store,East,54.84
12267,Online,East,325.6
12268,Store,East,554.778
12269,Marketplace,East,145.2
12270,Online,East,54.153000000000006
12271,Online,East,16.488
12272,Marketplace,East,88.96000000000001
12273,Store,East,873.7054999999999
12274,Marketplace,East,56.933
12275,Store,East,1733.79
12276,Online,East,1661.085
12277,Store,East,1215.77
12278,Online,East,139.52
12279,Online,East,50.89149999999999
12280,Online,East,1070.964
12281,Online,East,86.90400000000001
12282,Online,East,483.174
12283,Online,East,407.2555
12284,Online,East,8.65
12285,Online,East,262.55699999999996
12286,Online,East,2447.27
12287,Store,East,745.674
12288,Online,East,385.04449999999997
12289,Online,East,44.784
12290,Online,East,207.42
12291,Online,East,156.89999999999998
12292,Online,East,1017.0889999999999
12293,Store,North,299.25
12294,Online,North,253.65699999999998
12295,Marketplace,North,248.23499999999999
12296,Store,North,57.836
12297,Online,South,101.19399999999999
12298,Store,East,351.51
12299,Online,East,294.14
12300,Online,East,118.88999999999999
12301,Marketplace,East,596.505
12302,Online,East,410.91999999999996
12303,Online,East,235.26999999999998
12304,Store,East,164.781
12305,Online,East,13.129
12306,Online,East,108.99
12307,Online,East,194.351
12308,Store,West,40.284
12309,Store,West,368.15999999999997
12310,Store,West,1417.495
12311,Online,West,1407.7275000000002
12312,Online,West,580.1505
12313,Marketplace,West,229.608
12314,Online,West,41.038
12315,Store,West,528.0120000000001
12316,Online,West,1931.6399999999999
12317,Store,West,396.15
12318,Store,West,60.282000000000004
12319,Store,East,519.58
12320,Store,East,352.69699999999995
12321,Online,East,229.68
12322,Marketplace,East,1515.024
12323,Online,East,698.16
12324,Online,East,657.73
12325,Store,East,490.485
12326,Marketplace,East,284.52
12327,Online,East,980.609
12328,Store,East,616.8159999999999
12329,Store,East,1759.19
12330,Store,East,731.5
12331,Online,East,259.0
12332,Online,East,101.46000000000001
12333,Store,North,141.219
12334,Online,North,93.60900000000001
12335,Online,North,220.01999999999998
12336,Online,North,817.25
12337,Marketplace,North,836.946
12338,Online,North,192.28
12339,Store,North,397.66999999999996
12340,Marketplace,,477.3465
12341,Store,,350.217
12342,Online,,1232.33
12343,Online,West,654.8100000000001
12344,Online,West,1452.99
12345,Online,West,92.83500000000001
12346,Marketplace,West,73.7205
12347,Store,West,168.63449999999997
12348,Online,West,961.51
12349,Online,West,447.129
12350,Online,West,246.23000000000002
12351,Store,West,209.16
12352,Online,West,156.22
12353,Online,South,116.6965
12354,Store,South,225.06
12355,Store,South,14.177999999999999
12356,Online,South,113.79799999999999
12357,Online,South,857.05
12358,Store,South,67.4135
12359,Online,South,134.43599999999998
12360,Online,South,360.56
12361,Online,South,17.838
12362,Online,South,271.64
12363,Store,South,85.77
12364,Online,South,361.908
12365,Online,South,42.57
12366,Online,South,292.00149999999996
12367,Store,South,1455.2575000000002
12368,Online,West,86.19
12369,Online,North,1260.9824999999998
12370,Online,North,491.696
12371,Marketplace,North,51.952
12372,Online,North,116.27999999999999
12373,Store,North,452.83
12374,Store,North,176.307
12375,Online,North,426.13
12376,Online,North,489.58
12377,Store,North,166.14
12378,Online,North,283.89
12379,Online,East,175.083
12380,Online,East,27.342
12381,Marketplace,East,373.97700000000003
12382,Online,East,246.10049999999998
12383,Online,East,346.21
12384,Store,East,529.6999999999999
12385,Online,East,567.35
12386,Store,South,297.66999999999996
12387,Online,South,174.29600000000002
12388,Online,South,577.93
12389,Store,South,171.82
12390,Marketplace,West,36.108
12391,Online,West,388.77299999999997
12392,Online,West,872.68
12393,Store,West,303.22
12394,Store,East,112.12
12395,Online,East,348.59200000000004
12396,Store,East,121.9
12397,Store,West,374.17850000000004
12398,Store,West,1641.0015
12399,Marketplace,West,1041.92
12400,Store,West,1116.815
12401,Marketplace,West,255.322
12402,Store,West,1406.43
12403,Marketplace,West,150.9835
12404,Online,West,62.334
12405,Online,West,508.77900000000005
12406,Online,West,432.82
12407,Store,West,22.392
12408,Online,West,79.36
12409,Store,West,38.649499999999996
12410,Online,West,456.608
12411,Store,West,832.9
12412,Online,West,191.64600000000002
12413,Store,West,63.46
12414,Online,West,385.04
12415,Store,West,731.7199999999999
12416,Store,West,49.32
12417,Online,West,1269.05
12418,Online,West,1127.574
12419,Online,West,127.71000000000001
12420,Marketplace,West,117.69099999999999
12421,Online,West,212.976
12422,Online,West,155.08800000000002
12423,Online,West,269.74
12424,Store,West,381.60549999999995
12425,Store,West,1136.32
12426,Online,West,327.539
12427,Online,West,129.2
12428,Online,West,91.26
12429,Store,West,212.35
12430,Online,West,450.702
12431,Store,West,30.26
12432,Online,West,205.53000000000003
12433,Online,West,163.12
12434,Online,West,150.61
12435,Store,West,2057.08
12436,Store,West,389.23400000000004
12437,Online,West,40.81
12438,Store,West,70.99199999999999
12439,Online,West,430.28099999999995
12440,Online,West,345.7335
12441,Online,West,173.54
12442,Store,West,518.3199999999999
12443,Online,West,351.22999999999996
12444,Online,West,249.21349999999998
12445,Online,West,24.122999999999998
12446,Store,North,138.28199999999998
12447,Store,North,478.242
12448,Online,North,1771.825
12449,Online,East,1108.825
12450,Online,East,345.04
12451,Online,East,1195.443
12452,Online,East,333.504
12453,Store,East,262.44
12454,Store,East,981.144
12455,Online,East,20.840000000000003
12456,Store,East,469.15999999999997
12457,Online,East,366.163
12458,Online,East,299.82
12459,Store,East,669.933
12460,Online,East,434.79
12461,Online,East,891.8599999999999
12462,Online,West,551.51
12463,Online,West,553.158
12464,Marketplace,West,622.26
12465,Online,West,760.0699999999999
12466,Online,West,1402.69
12467,Online,West,51.645999999999994
12468,Online,West,465.19599999999997
12469,Online,West,405.51
12470,Online,West,95.36099999999999
12471,Online,West,8.4235
12472,Store,West,349.62300000000005
12473,Online,West,897.282
12474,Online,West,107.1255
12475,Online,North,711.0369999999999
12476,Store,North,948.78
12477,Online,North,124.528
12478,Marketplace,North,206.4065
12479,Store,North,1055.73
12480,Online,South,488.02
12481,Online,South,241.272
12482,Online,South,309.24
12483,Online,South,279.24
12484,Store,South,94.03
12485,Store,South,37.9
12486,Online,South,487.52
12487,Marketplace,South,379.27000000000004
12488,Store,South,676.991
12489,Online,South,222.887
12490,Online,South,435.897
12491,Marketplace,South,104.60999999999999
12492,Store,South,168.49200000000002
12493,Online,South,787.202
12494,Online,South,854.874
12495,Marketplace,East,1516.8000000000002
12496,Store,East,781.52
12497,Online,East,211.35000000000002
12498,Online,East,699.7414999999999
12499,Store,East,60.76
12500,Online,East,142.2
12501,Store,South,142.36
12502,Store,South,74.8935
12503,Online,South,305.54
12504,Store,South,44.455
12505,Marketplace,South,2011.5299999999997
12506,Store,South,482.154
12507,Store,North,5.794999999999999
12508,Marketplace,North,553.21
12509,Online,North,179.74
12510,Online,North,757.62
12511,Online,North,438.14
12512,Online,North,179.53
12513,Online,,734.711
12514,Store,,512.53
12515,Online,,101.46000000000001
12516,Marketplace,,48.811
12517,Store,,474.905
12518,Store,,613.2099999999999
12519,Store,,519.2394999999999
12520,Marketplace,South,1029.53
12521,Online,North,114.27000000000001
12522,Online,North,194.28
12523,Store,North,46.89
12524,Store,North,998.5
12525,Marketplace,South,4.3095
12526,Online,South,163.438
12527,Marketplace,South,479.0175
12528,Marketplace,South,50.311499999999995
12529,Online,South,195.77
12530,Online,South,373.356
12531,Store,South,503.38599999999997
12532,Online,South,70.48
12533,Store,South,265.73400000000004
12534,Store,South,881.866
12535,Online,South,63.766999999999996
12536,Online,South,137.80800000000002
12537,Marketplace,South,61.39
12538,Store,South,405.0
12539,Online,South,345.6865
12540,Store,South,252.2
12541,Online,South,1263.38
12542,Store,West,290.1775
12543,Store,West,143.01299999999998
12544,Online,East,1546.8899999999999
12545,Marketplace,East,47.538
12546,Marketplace,East,357.45
12547,Marketplace,East,1198.06
12548,Store,East,186.099
12549,Online,East,89.0055
12550,Store,East,635.579
12551,Store,East,252.97
12552,Store,East,2063.5139999999997
12553,Store,East,618.23
12554,Marketplace,East,330.701
12555,Online,East,112.69
12556,Online,East,635.76
12557,Store,East,396.765
12558,Online,East,429.183
12559,Marketplace,West,765.02
12560,Online,West,354.29400000000004
12561,Online,West,97.614
12562,Online,West,512.44
12563,Online,West,23.465
12564,Store,West,94.36349999999999
12565,Marketplace,West,600.0500000000001
12566,Online,West,269.82
12567,Online,West,127.504
12568,Online,West,1344.654
12569,Online,West,528.3
12570,Online,West,143.07999999999998
12571,Store,West,114.84
12572,Store,West,303.12699999999995
12573,Marketplace,West,244.93599999999998
12574,Online,West,824.04
12575,Online,West,160.82999999999998
12576,Online,West,405.1525
12577,Store,West,157.095
12578,Online,North,656.9
12579,Marketplace,North,845.65
12580,Online,North,619.582
12581,Marketplace,North,1626.1000000000001
12582,Online,North,261.2135
12583,Online,North,235.404
12584,Online,North,207.42
12585,Online,North,380.15999999999997
12586,Online,North,132.912
12587,Store,South,755.11
12588,Online,South,104.93249999999999
12589,Marketplace,South,238.735
12590,Online,South,86.73
12591,Store,South,269.27
12592,Store,South,280.87
12593,Online,South,74.273
12594,Store,South,703.629
12595,Store,South,357.04799999999994
12596,Marketplace,South,86.77
12597,Online,South,162.673
12598,Store,South,299.0555
12599,Store,South,185.48000000000002
12600,Marketplace,South,7.91
12601,Online,South,60.57
12602,Online,South,53.584
12603,Store,South,528.0455
12604,Marketplace,West,1238.53
12605,Store,West,1076.05
12606,Store,West,1115.2169999999999
12607,Online,West,156.8675
12608,Store,West,59.88
12609,Store,West,267.3395
12610,Online,West,1503.0635
12611,Store,West,322.89
12612,Online,West,140.094
12613,Online,West,1088.02
12614,Store,North,873.4205
12615,Store,North,788.85
12616,Marketplace,West,37.9
12617,Marketplace,West,658.236
12618,Online,West,453.22200000000004
12619,Online,West,248.999
12620,Store,West,97.5
12621,Online,West,170.42499999999998
12622,Online,West,178.0155
12623,Marketplace,East,868.1859999999999
12624,Online,East,638.19
12625,Store,East,943.326
12626,Marketplace,East,312.96
12627,Online,East,79.13499999999999
12628,Online,East,33.7705
12629,Online,East,8.2175
12630,Online,East,997.38
12631,Store,East,190.536
12632,Online,East,156.186
12633,Online,East,65.34
12634,Online,East,89.69600000000001
12635,Store,East,1696.8719999999998
12636,Online,East,310.65999999999997
12637,Online,East,173.41
12638,Online,East,165.19
12639,Online,South,912.52
12640,Online,South,126.104
12641,Store,South,440.44200000000006
12642,Store,South,296.62
12643,Store,South,1058.3
12644,Store,South,2005.5900000000001
12645,Marketplace,East,807.3299999999999
12646,Online,East,132.311
12647,Marketplace,North,582.9959999999999
12648,Store,North,380.46000000000004
12649,Online,North,742.007
12650,Store,West,313.89
12651,Online,West,306.46000000000004
12652,Marketplace,West,351.59400000000005
12653,Online,West,89.053
12654,Online,South,10.14
12655,Store,South,248.23499999999999
12656,Store,South,1187.42
12657,Online,South,545.66
12658,Store,South,187.58
12659,Online,West,922.8875
12660,Store,West,154.428
12661,Online,West,201.816
12662,Marketplace,West,366.81
12663,Online,West,22.23
12664,Online,West,252.67000000000002
12665,Marketplace,West,99.4365
12666,Online,West,425.88
12667,Store,West,605.39
12668,Online,East,370.69
12669,Store,East,920.618
12670,Store,East,323.59000000000003
12671,Store,East,858.55
12672,Store,East,346.93049999999994
12673,Store,East,825.1600000000001
12674,Online,East,18.968
12675,Store,East,5.185
12676,Online,East,255.721
12677,Online,East,31.92
12678,Online,East,196.083
12679,Store,East,167.53999999999996
12680,Store,East,221.75099999999998
12681,Online,East,132.88
12682,Store,East,37.73
12683,Marketplace,East,2224.5099999999998
12684,Marketplace,East,296.08
12685,Online,East,94.78
12686,Online,East,86.292
12687,Online,East,516.29
12688,Online,East,109.71000000000001
12689,Online,East,622.3900000000001
12690,Online,East,66.816
12691,Store,East,22.1425
12692,Online,East,444.76800000000003
12693,Online,East,379.88
12694,Online,East,267.93
12695,Online,East,478.933
12696,Store,East,2643.15
12697,Store,East,116.565
12698,Online,East,258.78
12699,Online,East,104.78999999999999
12700,Online,East,750.04
12701,Marketplace,North,217.87
12702,Online,North,446.6
12703,Store,North,462.96000000000004
12704,Online,North,54.321
12705,Store,North,39.92
12706,Online,North,229.92999999999998
12707,Online,North,364.815
12708,Online,North,208.9525
12709,Online,North,226.28
12710,Store,North,834.23
12711,Store,North,296.769
12712,Online,North,107.168
12713,Store,North,258.438
12714,Online,North,113.93399999999998
12715,Store,North,265.0215
12716,Online,North,593.96
12717,Marketplace,North,186.099
12718,Store,West,261.2135
12719,Store,West,210.46
12720,Marketplace,West,412.08
12721,Online,West,99.144
12722,Online,West,186.0905
12723,Store,West,925.27
12724,Marketplace,West,1067.391
12725,Store,West,115.00999999999999
12726,Online,West,186.678
12727,Online,West,630.04
12728,Online,West,352.298
12729,Store,West,310.60699999999997
12730,Store,West,159.486
12731,Store,West,530.8599999999999
12732,Online,West,90.6
12733,Online,West,594.434
12734,Online,West,89.88899999999998
12735,Online,West,193.59
12736,Online,West,352.614
12737,Online,West,315.6
12738,Store,West,418.625
12739,Marketplace,South,341.887
12740,Store,South,236.7165
12741,Online,South,240.66
12742,Online,South,16.454
12743,Marketplace,South,37.9
12744,Marketplace,South,413.71000000000004
12745,Store,South,309.5955
12746,Online,South,77.49
12747,Online,South,55.664
12748,Marketplace,South,833.94
12749,Store,West,153.12
12750,Online,West,964.308
12751,Store,West,508.44000000000005
12752,Store,West,715.6
12753,Online,West,1071.2635
12754,Online,West,260.31
12755,Online,North,605.0215000000001
12756,Marketplace,North,353.83
12757,Store,North,83.5335
12758,Marketplace,North,427.49
12759,Online,North,41.742999999999995
12760,Online,North,1687.6399999999999
12761,Online,North,764.343
12762,Online,North,379.848
12763,Marketplace,North,88.7145
12764,Store,North,21.24
12765,Marketplace,North,434.313
12766,Online,North,211.82
12767,Online,North,1091.079
12768,Online,,511.821
12769,Store,,374.86049999999994
12770,Store,,593.775
12771,Online,,31.744
12772,Online,,126.5225
12773,Store,,397.21000000000004
12774,Online,,185.1895
12775,Online,South,651.13
12776,Store,South,498.66
12777,Store,South,444.11
12778,Online,South,107.882
12779,Online,South,364.5
12780,Marketplace,South,34.79
12781,Store,South,151.63
12782,Marketplace,South,226.47
12783,Online,South,879.5430000000001
12784,Online,South,341.03999999999996
12785,Online,South,46.3125
12786,Store,South,223.14000000000001
12787,Online,South,120.032
12788,Online,South,449.88
12789,Store,West,2286.62
12790,Online,West,386.78
12791,Online,West,32.3765
12792,Store,North,566.31
12793,Online,North,660.08
12794,Store,East,563.6095
12795,Online,East,75.7055
12796,Marketplace,East,593.028
12797,Online,East,539.45
12798,Marketplace,East,297.217
12799,Store,North,337.8
12800,Online,North,421.87
12801,Store,North,114.44
12802,Store,North,732.45
12803,Store,North,374.50800000000004
12804,Online,North,460.49399999999997
12805,Store,West,577.3965
12806,Store,West,585.4205
12807,Online,West,788.85
12808,Online,West,76.56
12809,Online,West,278.443
12810,Online,West,98.739
12811,Online,West,177.714
12812,Marketplace,West,308.36
12813,Online,West,267.971
12814,Store,West,134.793
12815,Online,West,1837.5555
12816,Store,West,283.02
12817,Online,South,444.0780000000001
12818,Online,South,359.57
12819,Online,South,124.184
12820,Store,South,1432.31
12821,Online,South,887.3829999999999
12822,Online,South,121.14
12823,Online,South,266.65999999999997
12824,Store,South,175.15
12825,Store,East,430.27
12826,Online,East,43.875
12827,Online,East,878.9599999999999
12828,Online,East,7.786
12829,Online,East,431.97
12830,Online,East,134.41
12831,Online,East,964.308
12832,Marketplace,East,131.56
12833,Online,East,387.464
12834,Marketplace,West,27.981
12835,Online,West,369.53
12836,Store,West,533.406
12837,Store,West,739.62
12838,Online,West,65.86649999999999
12839,Store,West,1207.07
12840,Store,West,802.2700000000001
12841,Online,West,197.59
12842,Marketplace,West,94.12899999999999
12843,Online,West,242.57299999999998
12844,Store,West,398.664
12845,Online,West,1048.9699999999998
12846,Store,South,119.969
12847,Marketplace,South,2392.81
12848,Online,South,245.848
12849,Online,South,446.861
12850,Online,South,445.3064999999999
12851,Marketplace,South,148.63099999999997
12852,Store,South,528.0120000000001
12853,Store,South,192.28
12854,Store,South,737.273
12855,Marketplace,South,173.73
12856,Online,South,281.14599999999996
12857,Online,South,21.28
12858,Store,South,356.24350000000004
12859,Online,South,298.49
12860,Marketplace,South,332.98
12861,Online,South,160.26
12862,Online,South,1551.555
12863,Online,South,798.5129999999999
12864,Store,South,153.78
12865,Online,South,40.923
12866,Online,South,362.052
12867,Online,South,564.9499999999999
12868,Marketplace,South,407.082
12869,Online,South,477.02
12870,Online,South,142.177
12871,Store,South,264.92999999999995
12872,Online,South,716.1600000000001
12873,Online,South,506.07
12874,Store,South,120.34
12875,Online,South,60.66
12876,Online,South,624.84
12877,Store,West,511.2
12878,Store,West,880.749
12879,Store,North,338.91999999999996
12880,Online,North,35.757
12881,Store,North,479.389
12882,Online,North,32.89
12883,Online,North,5.49
12884,Store,North,1095.2835
12885,Online,North,22.1425
12886,Store,North,485.88
12887,Store,North,27.48
12888,Online,North,243.12
12889,Online,North,83.78999999999999
12890,Online,North,383.14
12891,Store,North,450.44100000000003
12892,Marketplace,North,350.88
12893,Store,West,217.79999999999998
12894,Online,West,242.28
12895,Store,West,291.584
12896,Store,West,83.59
12897,Online,West,395.21
12898,Online,West,1284.7665
12899,Marketplace,West,69.0
12900,Store,South,712.044
12901,Store,South,54.52
12902,Online,South,584.56
12903,Marketplace,South,159.38
12904,Store,South,10.108
12905,Marketplace,South,1731.1860000000001
12906,Store,South,206.388
12907,Store,South,413.379
12908,Marketplace,North,353.22
12909,Store,North,418.71999999999997
12910,Online,North,460.3605
12911,Online,North,1881.44
12912,Store,North,95.868
12913,Online,West,656.55
12914,Online,West,819.0139999999999
12915,Online,West,1556.388
12916,Online,West,655.84
12917,Online,West,30.2
12918,Store,West,189.35399999999998
12919,Online,West,874.4
12920,Online,West,195.56
12921,Store,West,478.74
12922,Online,West,1306.7985
12923,Store,West,446.409
12924,Online,West,96.831
12925,Online,West,88.91
12926,Marketplace,West,62.98499999999999
12927,Online,South,623.241
12928,Online,South,842.435
12929,Store,South,441.2605
12930,Store,South,1280.8799999999999
12931,Online,South,354.54
12932,Online,South,191.28
12933,Online,South,25.541999999999998
12934,Online,South,398.88
12935,Store,South,360.72
12936,Online,South,113.427
12937,Store,South,81.4815
12938,Online,South,114.44
12939,Online,South,619.6400000000001
12940,Store,North,1155.86
12941,Online,North,66.1555
12942,Online,North,37.47
12943,Store,North,346.46
12944,Store,North,1473.42
12945,Store,East,251.41
12946,Store,East,241.8675
12947,Marketplace,East,1135.9315
12948,Online,East,148.872
12949,Online,East,83.25
12950,Online,East,223.76299999999998
12951,Online,North,610.983
12952,Online,North,40.56
12953,Marketplace,North,577.368
12954,Marketplace,North,119.19
12955,Store,North,133.88
12956,Online,North,604.6474999999999
12957,Store,North,564.8605
12958,Online,North,69.741
12959,Online,North,183.58999999999997
12960,Store,North,754.87
12961,Store,North,298.8685
12962,Online,North,791.7
12963,Online,North,846.8199999999999
12964,Online,North,464.59
12965,Online,West,209.18
12966,Marketplace,West,711.45
12967,Online,North,1056.9035000000001
12968,Store,North,522.6424999999999
12969,Online,North,1633.1100000000001
12970,Online,North,253.8
12971,Online,North,687.39
12972,Online,North,56.933
12973,Online,North,1561.3400000000001
12974,Online,North,258.12
12975,Online,North,90.81400000000001
12976,Marketplace,North,424.74
12977,Online,North,81.719
12978,Online,North,578.4079999999999
12979,Marketplace,North,294.42
12980,Store,North,73.12
12981,Online,North,51.442
12982,Online,North,848.94
12983,Store,North,201.12699999999998
12984,Online,North,628.452
12985,Store,North,96.93
12986,Store,North,1257.71
12987,Marketplace,North,415.15200000000004
12988,Online,North,563.229
12989,Online,North,79.81200000000001
12990,Online,North,705.0240000000001
12991,Store,North,285.24
12992,Online,North,911.56
12993,Online,North,95.132
12994,Marketplace,North,390.33000000000004
12995,Online,North,438.5915
12996,Store,North,345.48
12997,Online,North,75.378
12998,Online,North,316.05
12999,Online,North,519.365
13000,Marketplace,North,315.6
13001,Store,North,570.456
13002,Online,North,52.3
13003,Online,North,209.79700000000003
13004,Online,North,702.04
13005,Marketplace,North,825.284
13006,Online,North,233.49
13007,Online,North,31.716
13008,Online,East,313.38
13009,Online,East,120.574
13010,Online,East,255.18699999999995
13011,Online,East,879.4900000000001
13012,Online,East,71.424
13013,Online,South,328.82349999999997
13014,Store,South,146.85449999999997
13015,Online,South,210.681
13016,Store,South,174.335
13017,Marketplace,South,492.3115
13018,Store,South,716.21
13019,Marketplace,East,646.0475
13020,Online,East,210.98000000000002
13021,Store,East,73.5
13022,Online,East,153.56
13023,Online,East,949.5999999999999
13024,Online,East,623.1179999999999
13025,Store,East,62.82000000000001
13026,Online,East,148.22400000000002
13027,Online,East,57.42
13028,Store,East,322.93800000000005
13029,Online,East,180.51
13030,Marketplace,East,93.60900000000001
13031,Online,East,726.5715
13032,Online,East,991.2394999999999
13033,Online,East,23.494
13034,Online,East,159.921
13035,Online,East,55.40800000000001
13036,Online,East,227.86799999999997
13037,Online,East,186.678
13038,Online,East,100.368
13039,Online,East,35.598
13040,Marketplace,South,529.08
13041,Store,South,60.76
13042,Marketplace,South,183.16949999999997
13043,Online,South,238.944
13044,Store,South,118.87200000000001
13045,Online,South,186.2
13046,Store,South,354.29400000000004
13047,Online,South,372.18
13048,Store,South,227.987
13049,Online,South,653.429
13050,Online,South,218.97499999999997
13051,Marketplace,South,471.087
13052,Store,South,606.713
13053,Online,South,622.017
13054,Online,South,107.53049999999999
13055,Online,South,493.6545
13056,Store,South,150.0145
13057,Online,South,242.28
13058,Online,South,1097.6399999999999
13059,Online,South,67.914
13060,Marketplace,South,179.22
13061,Store,South,1182.04
13062,Store,North,1020.35
13063,Store,North,154.29600000000002
13064,Store,North,250.5
13065,Online,North,154.872
13066,Online,North,121.158
13067,Store,North,260.19
13068,Online,North,341.9145
13069,Online,North,156.26
13070,Store,South,284.949
13071,Online,South,462.04999999999995
13072,Online,West,632.1585
13073,Marketplace,West,289.998
13074,Online,West,302.418
13075,Online,West,290.79
13076,Store,West,119.453
13077,Marketplace,West,223.84
13078,Online,West,460.40999999999997
13079,Marketplace,West,864.3394999999999
13080,Online,West,1211.8105
13081,Online,East,531.099
13082,Store,East,307.23
13083,Online,East,138.768
13084,Online,East,280.83
13085,Store,East,360.70550000000003
13086,Online,East,599.72
13087,Online,East,389.50950000000006
13088,Online,East,1210.8
13089,Marketplace,East,625.6999999999999
13090,Store,East,146.25
13091,Store,East,171.94
13092,Store,East,195.66
13093,Online,East,643.59
13094,Store,East,357.39099999999996
13095,Online,East,350.24
13096,Store,East,196.074
13097,Store,East,60.660000000000004
13098,Marketplace,East,377.95
13099,Online,East,261.2135
13100,Online,East,278.7745
13101,Online,East,242.28
13102,Online,East,779.3565000000001
13103,Online,East,90.6
13104,Store,East,1411.82
13105,Online,East,321.99
13106,Online,East,1212.9409999999998
13107,Store,South,914.75
13108,Marketplace,South,61.569
13109,Store,South,599.1904999999999
13110,Online,South,1848.9599999999998
13111,Store,South,350.7
13112,Online,South,597.1605
13113,Store,South,349.96999999999997
13114,Marketplace,South,51.462
13115,Online,South,1189.8215
13116,Online,South,937.7700000000001
13117,Online,South,237.74400000000003
13118,Online,South,221.6375
13119,Online,South,329.103
13120,Store,South,349.14
13121,Online,South,1314.04
13122,Store,South,979.6899999999999
13123,Online,West,648.7739999999999
13124,Online,West,501.9165
13125,Online,West,444.35
13126,Online,West,53.82699999999999
13127,Store,West,290.58
13128,Store,West,1064.1599999999999
13129,Online,West,132.57999999999998
13130,Online,West,309.282
13131,Online,West,78.0
13132,Store,West,671.1800000000001
13133,Marketplace,West,157.63
13134,Marketplace,West,628.1700000000001
13135,Store,West,463.84499999999997
13136,Online,East,1297.3300000000002
13137,Store,East,144.495
13138,Online,East,228.699
13139,Store,East,325.404
13140,Online,East,1364.229
13141,Online,East,380.26800000000003
13142,Online,East,133.88
13143,Store,East,196.14000000000001
13144,Marketplace,East,1531.548
13145,Online,East,96.14
13146,Online,East,107.882
13147,Marketplace,East,34.91
13148,Online,East,147.04000000000002
13149,Store,East,244.206
13150,Store,East,27.981
13151,Store,East,2083.8
13152,Online,North,1231.98
13153,Store,North,276.0
13154,Online,North,51.68
13155,Store,North,1587.03
13156,Online,North,34.281000000000006
13157,Online,North,5.185
13158,Online,North,884.7900000000001
13159,Online,North,317.528
13160,Online,North,696.9744999999999
13161,Online,North,933.5070000000001
13162,Online,North,1252.27
13163,Store,North,16.454
13164,Online,North,488.2485
13165,Online,North,220.76
13166,Store,North,258.264
13167,Online,North,704.0
13168,Online,West,632.79
13169,Store,West,137.59799999999998
13170,Marketplace,West,715.8240000000001
13171,Online,West,1096.002
13172,Online,West,124.25
13173,Store,East,490.743
13174,Online,East,16.992
13175,Store,South,132.462
13176,Online,South,133.36499999999998
13177,Online,South,48.70400000000001
13178,Online,South,141.968
13179,Online,South,170.352
13180,Marketplace,South,377.34
13181,Store,South,83.943
13182,Store,South,598.386
13183,Marketplace,North,1530.6209999999999
13184,Store,North,794.5134999999999
13185,Online,North,116.27999999999999
13186,Online,North,462.09
13187,Online,North,445.35999999999996
13188,Online,North,1658.2
13189,Online,North,1623.34
13190,Online,North,354.53999999999996
13191,Marketplace,North,914.68
13192,Store,North,144.077
13193,Store,North,141.552
13194,Marketplace,North,2763.71
13195,Online,North,519.78
13196,Store,North,185.78199999999998
13197,Store,North,828.172
13198,Store,West,361.89
13199,Online,North,542.929
13200,Store,North,1296.75
13201,Online,North,835.329
13202,Online,North,18.299999999999997
13203,Store,North,795.9859999999999
13204,Store,North,1547.694
13205,Marketplace,North,94.544
13206,Marketplace,North,69.825
13207,Online,North,352.614
13208,Online,North,368.67600000000004
13209,Online,North,283.734
13210,Online,North,101.52000000000001
13211,Marketplace,North,351.76
13212,Store,North,157.48
13213,Online,North,227.03400000000002
13214,Store,North,577.93
13215,Online,North,639.29
13216,Online,North,63.568
13217,Marketplace,North,194.19
13218,Online,North,236.7165
13219,Store,North,75.46
13220,Store,North,294.76
13221,Online,North,69.649
13222,Online,North,455.65
13223,Online,West,1798.12
13224,Marketplace,West,1537.41
13225,Online,West,267.89
13226,Online,West,176.4
13227,Store,South,188.51
13228,Online,South,90.54199999999999
13229,Store,South,751.8599999999999
13230,Online,South,294.822
13231,Online,South,184.167
13232,Store,South,432.34499999999997
13233,Online,South,359.1855
13234,Online,South,195.19650000000001
13235,Store,South,676.242
13236,Store,South,672.707
13237,Store,North,906.3
13238,Online,North,73.899
13239,Marketplace,North,670.8299999999999
13240,Store,North,46.342
13241,Store,North,1160.672
13242,Store,North,133.8325
13243,Store,West,608.175
13244,Online,West,332.78999999999996
13245,Online,West,91.69
13246,Store,West,110.3385
13247,Marketplace,West,119.03999999999999
13248,Online,West,983.4
13249,Store,North,832.56
13250,Marketplace,North,410.76
13251,Online,North,48.70400000000001
13252,Online,North,202.833
13253,Store,North,101.19399999999999
13254,Store,North,1118.5500000000002
13255,Online,North,194.6
13256,Store,North,361.36
13257,Online,North,236.64849999999998
13258,Online,North,172.65
13259,Online,North,88.4085
13260,Store,South,230.17
13261,Online,South,368.272
13262,Online,South,300.751
13263,Store,South,129.2
13264,Online,North,326.24699999999996
13265,Online,North,1831.3020000000001
13266,Store,South,573.563
13267,Online,South,586.908
13268,Marketplace,South,312.5
13269,Online,South,1031.3899999999999
13270,Online,South,637.092
13271,Marketplace,South,201.89999999999998
13272,Store,South,174.36899999999997
13273,Store,South,169.85000000000002
13274,Online,South,68.90400000000001
13275,Marketplace,South,71.13
13276,Store,South,171.4845
13277,Online,South,258.09
13278,Online,South,182.92
13279,Online,South,177.14700000000002
13280,Online,North,571.27
13281,Online,North,685.0000000000001
13282,Online,North,1050.532
13283,Online,North,1527.11
13284,Store,North,159.7745
13285,Online,North,22.1425
13286,Online,North,31.09
13287,Online,North,1685.02
13288,Online,North,124.066
13289,Marketplace,South,567.9000000000001
13290,Marketplace,South,244.06
13291,Online,South,586.55
13292,Online,South,1290.9199999999998
13293,Online,South,137.80800000000002
13294,Store,West,60.246
13295,Marketplace,West,212.02
13296,Online,West,139.298
13297,Marketplace,West,75.02
13298,Online,West,558.009
13299,Online,West,776.8199999999999
13300,Store,West,357.669
13301,Marketplace,West,566.1899999999999
13302,Online,West,27.712000000000003
13303,Marketplace,West,194.4715
13304,Online,West,59.88
13305,Marketplace,West,506.889
13306,Store,West,934.77
13307,Online,West,136.4675
13308,Online,West,1127.44
13309,Store,West,139.62
13310,Online,West,777.942
13311,Online,West,804.52
13312,Online,West,77.83
13313,Store,West,141.379
13314,Online,West,425.22
13315,Online,West,664.45
13316,Store,West,401.15999999999997
13317,Store,West,873.72
13318,Online,West,316.353
13319,Online,North,45.32
13320,Online,North,57.510999999999996
13321,Online,North,347.75100000000003
13322,Online,North,140.8755
13323,Online,North,71.13
13324,Store,North,551.463
13325,Online,North,411.236
13326,Marketplace,North,62.18
13327,Store,North,365.1345
13328,Online,North,52.866
13329,Online,North,203.97
13330,Online,North,783.0899999999999
13331,Marketplace,North,484.33
13332,Online,North,388.87
13333,Store,North,920.47
13334,Online,North,86.241
13335,Store,North,467.91999999999996
13336,Store,North,175.84999999999997
13337,Store,North,687.996
13338,Store,West,229.239
13339,Store,West,429.78599999999994
13340,Online,West,235.65699999999998
13341,Marketplace,West,399.84000000000003
13342,Marketplace,West,485.7
13343,Store,West,398.544
13344,Online,West,105.72
13345,Store,West,984.16
13346,Online,East,678.7334999999999
13347,Marketplace,East,51.96
13348,Online,East,78.912
13349,Marketplace,East,195.912
13350,Store,East,197.32750000000001
13351,Online,East,447.21000000000004
13352,Marketplace,East,1103.4105
13353,Online,East,1606.3000000000002
13354,Online,East,154.872
13355,Marketplace,East,1733.66
13356,Online,East,206.9765
13357,Online,North,213.768
13358,Store,North,209.475
13359,Marketplace,North,499.509
13360,Store,North,245.6225
13361,Marketplace,North,367.254
13362,Online,North,90.09
13363,Online,North,92.64
13364,Online,North,589.9200000000001
13365,Store,North,770.729
13366,Store,North,491.82
13367,Online,North,690.51
13368,Store,North,364.3185
13369,Store,South,795.78
13370,Online,South,64.24
13371,Store,South,484.33
13372,Marketplace,South,351.31
13373,Online,South,2551.7189999999996
13374,Online,South,1292.5985
13375,Online,North,494.21000000000004
13376,Online,North,685.6020000000001
13377,Store,North,70.6095
13378,Store,North,531.16
13379,Store,North,303.41999999999996
13380,Online,North,686.6999999999999
13381,Store,North,664.68
13382,Online,North,20.994999999999997
13383,Store,South,228.10999999999999
13384,Online,South,601.83
13385,Online,South,343.75
13386,Store,South,300.34000000000003
13387,Online,East,236.33100000000002
13388,Online,East,219.8775
13389,Online,East,14.722
13390,Marketplace,East,1171.1399999999999
13391,Store,South,349.85699999999997
13392,Online,South,36.729000000000006
13393,Online,South,197.51
13394,Online,South,262.449
13395,Marketplace,South,1551.48
13396,Online,South,212.94
13397,Store,South,254.44
13398,Store,South,1247.44
13399,Online,South,31.311
13400,Online,South,99.666
13401,Online,South,101.99199999999999
13402,Marketplace,South,184.97700000000003
13403,Online,South,69.904
13404,Online,South,159.78
13405,Online,South,265.896
13406,Online,South,241.26999999999998
13407,Store,South,456.34999999999997
13408,Online,South,139.6215
13409,Store,South,317.34
13410,Store,South,250.68
13411,Online,South,207.42
13412,Store,South,1131.14
13413,Online,South,209.30399999999997
13414,Online,North,183.37
13415,Online,North,1040.4495
13416,Online,North,71.514
13417,Online,South,376.428
13418,Online,South,137.02
13419,Online,South,55.913
13420,Online,West,1071.9944999999998
13421,Online,West,9.576
13422,Marketplace,West,62.766
13423,Online,West,180.29349999999997
13424,Marketplace,West,300.3645
13425,Store,West,205.07999999999998
13426,Online,West,205.992
13427,Store,West,504.53549999999996
13428,Marketplace,West,982.74
13429,Online,West,409.78000000000003
13430,Online,West,512.19
13431,Marketplace,West,558.27
13432,Store,West,417.12
13433,Store,West,79.299
13434,Store,West,578.6460000000001
13435,Store,West,1241.859
13436,Store,West,190.04
13437,Online,West,212.94199999999998
13438,Store,West,299.808
13439,Online,West,216.8
13440,Store,South,368.0
13441,Marketplace,South,540.792
13442,Marketplace,South,240.08249999999998
13443,Online,South,484.18549999999993
13444,Online,East,328.38
13445,Store,East,74.94
13446,Online,East,276.21
13447,Store,East,482.55
13448,Online,East,352.614
13449,Store,North,1559.46
13450,Online,North,48.160999999999994
13451,Online,North,56.849999999999994
13452,Online,North,473.433
13453,Online,North,413.2785
13454,Online,North,447.899
13455,Online,North,17.3
13456,Marketplace,North,690.8969999999999
13457,Online,North,186.12
13458,Marketplace,North,260.712
13459,Online,North,17.888
13460,Online,North,615.486
13461,Online,North,413.928
13462,Store,North,241.317
13463,Online,North,186.2
13464,Online,North,297.87
13465,Online,North,505.4
13466,Online,North,864.58
13467,Store,North,164.781
13468,Online,East,187.272
13469,Marketplace,East,21.24
13470,Online,North,1062.3899999999999
13471,Store,North,402.51
13472,Store,North,223.58
13473,Marketplace,North,802.7214999999999
13474,Online,North,269.773
13475,Store,South,122.76
13476,Marketplace,South,385.974
13477,Online,South,520.91
13478,Store,South,131.87
13479,Store,South,86.05399999999999
13480,Store,South,27.48
13481,Marketplace,South,756.1890000000001
13482,Online,South,272.57800000000003
13483,Marketplace,South,434.38
13484,Online,South,1357.322
13485,Store,South,191.64
13486,Online,South,70.944
13487,Store,South,582.975
13488,Marketplace,South,112.41
13489,Online,North,602.94
13490,Store,North,673.1999999999999
13491,Online,North,1470.8400000000001
13492,Online,North,240.54149999999998
13493,Store,North,391.187
13494,Online,North,329.97299999999996
13495,Online,North,73.746
13496,Store,North,254.81
13497,Marketplace,North,106.52
13498,Marketplace,North,278.4
13499,Marketplace,North,325.44
13500,Marketplace,South,330.19
13501,Online,South,668.63
13502,Online,West,871.22
13503,Online,West,236.28300000000002
13504,Store,East,363.4
13505,Store,South,835.4000000000001
13506,Marketplace,South,376.97999999999996
13507,Marketplace,South,399.3705
13508,Store,South,1151.68
13509,Store,South,522.99
13510,Online,South,133.29
13511,Store,South,7.119000000000001
13512,Online,North,31.0845
13513,Store,East,380.27299999999997
13514,Online,East,651.0899999999999
13515,Store,East,418.18
13516,Marketplace,East,1001.72
13517,Marketplace,East,812.46
13518,Online,East,398.32000000000005
13519,Store,East,106.47
13520,Store,East,193.25599999999997
13521,Online,East,260.42
13522,Online,East,18.128
13523,Store,East,567.3299999999999
13524,Online,East,195.56
13525,Marketplace,East,659.8985
13526,Online,North,30.38
13527,Store,North,63.33
13528,Online,North,588.72
13529,Marketplace,North,438.51599999999996
13530,Store,North,1372.3795
13531,Online,North,204.7055
13532,Online,North,225.06
13533,Store,North,216.79999999999998
13534,Online,North,54.60399999999999
13535,Online,North,270.054
13536,Store,North,2598.06
13537,Store,North,57.9025
13538,Marketplace,North,206.72
13539,Online,North,652.74
13540,Online,North,210.31
13541,Online,North,120.636
13542,Online,North,159.38
13543,Online,North,727.7189999999999
13544,Marketplace,North,757.8909999999998
13545,Online,North,28.59
13546,Online,North,468.93
13547,Online,East,378.36899999999997
13548,Online,East,170.601
13549,Marketplace,East,571.06
13550,Store,East,520.942
13551,Marketplace,East,677.711
13552,Store,West,212.0
13553,Store,West,256.804
13554,Online,West,898.767
13555,Online,West,637.569
13556,Online,West,60.246
13557,Store,South,492.273
13558,Online,South,37.1365
13559,Marketplace,South,68.16
13560,Online,South,524.128
13561,Online,North,328.53999999999996
13562,Online,North,11.18
13563,Online,North,63.17
13564,Online,North,64.6
13565,Online,North,338.01300000000003
13566,Online,North,225.144
13567,Online,North,73.14
13568,Online,South,142.12
13569,Online,South,118.49000000000001
13570,Online,South,450.4
13571,Online,South,103.61500000000001
13572,Online,South,149.44
13573,Store,West,135.65
13574,Store,West,114.7695
13575,Online,East,575.8199999999999
13576,Online,East,95.12349999999999
13577,Online,East,394.74
13578,Store,East,431.61
13579,Online,East,756.62
13580,Online,East,443.69
13581,Online,East,40.81
13582,Online,North,423.73799999999994
13583,Marketplace,North,467.5
13584,Marketplace,North,579.04
13585,Online,North,332.554
13586,Online,North,31.0845
13587,Online,North,100.557
13588,Online,East,107.661
13589,Store,South,225.777
13590,Online,South,174.30599999999998
13591,Online,South,1602.7259999999999
13592,Online,East,206.42249999999999
13593,Online,East,473.15
13594,Store,East,271.116
13595,Online,East,209.43
13596,Online,East,214.672
13597,Online,East,461.53999999999996
13598,Online,East,208.02
13599,Online,East,340.731
13600,Online,West,348.62
13601,Online,West,168.462
13602,Online,West,348.462
13603,Online,West,121.312
13604,Store,West,1916.1000000000001
13605,Store,West,433.57000000000005
13606,Store,West,640.1859999999999
13607,Online,West,441.53
13608,Online,West,116.16
13609,Store,West,44.478
13610,Online,West,257.601
13611,Marketplace,West,61.709999999999994
13612,Online,West,667.8785
13613,Store,West,527.8
13614,Online,West,149.05499999999998
13615,Online,West,761.49
13616,Online,West,215.96
13617,Online,West,353.90999999999997
13618,Marketplace,West,109.584
13619,Marketplace,West,127.449
13620,Store,West,178.0155
13621,Online,West,468.22
13622,Online,West,35.928000000000004
13623,Marketplace,West,572.63
13624,Store,West,19.82
13625,Marketplace,West,1005.346
13626,Marketplace,West,339.359
13627,Online,West,91.552
13628,Online,West,161.76600000000002
13629,Store,West,146.5
13630,Store,West,457.95699999999994
13631,Online,West,293.98
13632,Online,West,56.898999999999994
13633,Online,West,126.58199999999998
13634,Store,West,90.78
13635,Online,West,402.84000000000003
13636,Online,West,750.546
13637,Store,West,843.09
13638,Online,West,55.35
13639,Store,West,39.786
13640,Online,West,567.5200000000001
13641,Online,West,155.08800000000002
13642,Online,West,738.9100000000001
13643,Online,West,59.952
13644,Store,West,858.69
13645,Online,West,175.78
13646,Marketplace,West,233.662
13647,Online,West,1533.4699999999998
13648,Online,West,218.82
13649,Store,West,456.57
13650,Store,West,344.1
13651,Online,West,49.2
13652,Store,West,357.15
13653,Marketplace,West,369.12
13654,Online,West,447.46000000000004
13655,Store,West,320.926
13656,Online,West,825.7
13657,Marketplace,West,616.265
13658,Online,West,275.814
13659,Store,West,2123.91
13660,Store,East,353.95000000000005
13661,Online,East,7.928000000000001
13662,Marketplace,East,1386.027
13663,Online,East,243.93300000000002
13664,Marketplace,East,895.2324999999998
13665,Store,East,197.61649999999997
13666,Marketplace,West,738.1690000000001
13667,Online,West,612.5699999999999
13668,Online,West,759.3
13669,Online,West,24.872
13670,Store,West,299.15
13671,Store,West,152.02800000000002
13672,Online,West,1373.34
13673,Online,West,687.03
13674,Online,West,246.591
13675,Online,South,29.84
13676,Marketplace,East,1999.6799999999998
13677,Store,East,88.38900000000001
13678,Store,East,696.745
13679,Online,East,460.55999999999995
13680,Store,East,371.412
13681,Online,East,25.364
13682,Store,West,44.455
13683,Online,West,302.72400000000005
13684,Marketplace,South,387.9
13685,Store,South,425.62
13686,Store,South,538.8779999999999
13687,Online,South,147.441
13688,Store,South,32.12
13689,Online,South,279.29999999999995
13690,Online,South,287.3845
13691,Store,,205.53000000000003
13692,Store,,267.48
13693,Store,West,449.03700000000003
13694,Marketplace,West,241.58700000000002
13695,Online,West,28.755499999999998
13696,Online,North,2089.82
13697,Online,North,370.379
13698,Online,North,343.269
13699,Online,North,49.744
13700,Store,North,413.535
13701,Store,North,174.6155
13702,Online,North,29.976
13703,Marketplace,East,20.216
13704,Online,East,236.7165
13705,Online,East,111.69600000000001
13706,Online,East,94.14
13707,Marketplace,East,822.6429999999999
13708,Online,East,447.74
13709,Store,East,232.12
13710,Marketplace,East,150.04
13711,Online,East,366.911
13712,Online,West,46.44
13713,Online,West,412.47
13714,Store,West,654.5595
13715,Online,West,2203.11
13716,Online,West,276.579
13717,Store,East,398.81
13718,Store,East,253.38600000000002
13719,Online,East,201.816
13720,Online,East,447.41700000000003
13721,Online,East,288.2
13722,Store,East,892.2875
13723,Store,East,126.905
13724,Store,East,688.48
13725,Online,East,846.7349999999999
13726,Online,East,669.528
13727,Online,East,551.24
13728,Online,East,970.8660000000001
13729,Store,East,713.826
13730,Online,East,310.0515
13731,Store,East,291.84749999999997
13732,Online,East,67.541
13733,Online,East,746.4435000000001
13734,Store,East,1395.2174999999997
13735,Online,East,1309.493
13736,Online,East,328.712
13737,Marketplace,North,895.2
13738,Online,North,109.71000000000001
13739,Online,North,402.45799999999997
13740,Online,North,7.786
13741,Store,North,665.7199999999999
13742,Store,North,805.698
13743,Online,North,425.73
13744,Online,West,355.15
13745,Store,West,320.841
13746,Marketplace,West,79.36
13747,Online,West,72.37100000000001
13748,Online,West,55.792
13749,Store,North,765.13
13750,Online,North,566.57
13751,Online,North,39.456
13752,Store,North,1474.9285
13753,Online,North,542.5925
13754,Online,North,434.52
13755,Online,North,411.6805
13756,Online,North,376.18449999999996
13757,Marketplace,North,144.2575
13758,Online,North,64.04400000000001
13759,Store,North,137.8
13760,Store,North,1294.46
13761,Online,North,51.38
13762,Online,North,316.98
13763,Online,North,308.78
13764,Online,East,433.245
13765,Store,East,746.8
13766,Store,East,120.34
13767,Online,East,152.32
13768,Online,East,183.14100000000002
13769,Online,East,461.02500000000003
13770,Store,East,251.54
13771,Online,East,893.0665
13772,Store,East,137.59799999999998
13773,Online,East,849.7
13774,Online,East,173.54
13775,Online,East,1455.9030000000002
13776,Online,East,721.6925
13777,Online,East,1019.52
13778,Online,East,21.62
13779,Online,East,263.59000000000003
13780,Marketplace,East,294.18
13781,Online,East,519.858
13782,Store,East,865.94
13783,Online,East,58.871
13784,Online,East,130.169
13785,Online,East,538.38
13786,Marketplace,East,160.2
13787,Marketplace,East,985.9660000000001
13788,Online,East,90.54199999999999
13789,Online,East,551.34
13790,Store,West,1436.6400000000003
13791,Online,South,133.04749999999999
13792,Store,South,315.758
13793,Online,South,273.0285
13794,Store,North,832.9599999999999
13795,Store,North,203.5665
13796,Store,North,22.239
13797,Store,North,435.735
13798,Store,East,48.32249999999999
13799,Online,East,335.41200000000003
13800,Online,North,805.6800000000001
13801,Online,North,71.026
13802,Store,North,122.43
13803,Online,North,310.84
13804,Online,North,74.94
13805,Online,North,34.64
13806,Store,North,229.563
13807,Marketplace,North,203.868
13808,Online,East,19.55
13809,Marketplace,East,167.88
13810,Online,East,244.67000000000002
13811,Online,East,527.07
13812,Online,East,72.732
13813,Store,East,299.682
13814,Online,East,652.005
13815,Online,East,65.076
13816,Online,East,249.13
13817,Online,East,1847.13
13818,Store,East,223.85700000000003
13819,Store,East,158.372
13820,Online,East,727.7189999999999
13821,Online,East,34.11
13822,Store,East,707.557
13823,Marketplace,East,329.103
13824,Store,South,503.71849999999995
13825,Online,South,139.298
13826,Online,South,180.8375
13827,Online,South,315.55199999999996
13828,Store,South,286.7305
13829,Online,South,821.848
